Time,Junction 0 stop delay
0,0.0
1,0.0
2,0.0
3,0.0
4,0.0
5,0.0
6,0.0
7,0.0
8,0.0
9,0.0
10,0.0
11,0.0
12,0.0
13,0.0
14,0.0
15,0.0
16,0.0
17,0.0
18,0.0
19,0.0
20,0.0
21,0.0
22,0.0
23,0.0
24,0.0
25,0.0
26,0.0
27,0.0
28,0.0
29,0.0
30,0.0
31,0.0
32,0.0
33,0.0
34,0.0
35,0.0
36,0.0
37,0.0
38,0.0
39,0.0
40,0.0
41,0.0
42,0.0
43,0.0
44,0.0
45,0.0
46,0.0
47,0.0
48,0.0
49,0.0
50,0.0
51,0.0
52,0.0
53,0.0
54,0.0
55,0.0
56,0.0
57,0.0
58,0.0
59,0.0
60,0.0
61,0.0
62,3.087037610106178
63,3.087037610106178
64,3.087037610106178
65,3.087037610106178
66,3.087037610106178
67,3.087037610106178
68,3.087037610106178
69,3.087037610106178
70,3.087037610106178
71,3.087037610106178
72,3.087037610106178
73,3.087037610106178
74,3.087037610106178
75,3.087037610106178
76,3.087037610106178
77,3.087037610106178
78,3.087037610106178
79,3.087037610106178
80,3.087037610106178
81,3.087037610106178
82,3.087037610106178
83,3.087037610106178
84,6.378589749796651
85,6.378589749796651
86,6.378589749796651
87,6.378589749796651
88,6.378589749796651
89,6.378589749796651
90,6.378589749796651
91,6.378589749796651
92,6.378589749796651
93,6.378589749796651
94,13.243501006035554
95,16.359575961081067
96,18.740257297254445
97,18.740257297254445
98,18.740257297254445
99,18.740257297254445
100,18.740257297254445
101,18.740257297254445
102,18.740257297254445
103,18.740257297254445
104,18.740257297254445
105,18.740257297254445
106,18.740257297254445
107,18.740257297254445
108,18.740257297254445
109,18.740257297254445
110,18.740257297254445
111,18.740257297254445
112,18.740257297254445
113,18.740257297254445
114,22.945771240012323
115,23.428230580463765
116,24.99577901013008
117,24.99577901013008
118,24.99577901013008
119,24.99577901013008
120,24.99577901013008
121,24.99577901013008
122,24.99577901013008
123,24.99577901013008
124,29.778261011708363
125,29.778261011708363
126,29.778261011708363
127,29.778261011708363
128,29.778261011708363
129,29.778261011708363
130,29.778261011708363
131,29.778261011708363
132,29.778261011708363
133,29.778261011708363
134,38.55443391830194
135,38.55443391830194
136,38.55443391830194
137,38.55443391830194
138,38.55443391830194
139,38.55443391830194
140,38.55443391830194
141,38.55443391830194
142,38.55443391830194
143,38.55443391830194
144,38.55443391830194
145,40.05884290589971
146,40.05884290589971
147,40.05884290589971
148,40.05884290589971
149,40.05884290589971
150,40.05884290589971
151,40.05884290589971
152,40.05884290589971
153,40.05884290589971
154,40.05884290589971
155,42.95362038562109
156,53.27897244917444
157,53.27897244917444
158,53.27897244917444
159,53.27897244917444
160,53.27897244917444
161,53.27897244917444
162,53.27897244917444
163,53.27897244917444
164,64.29303404607148
165,79.71187217868274
166,79.71187217868274
167,79.71187217868274
168,79.71187217868274
169,79.71187217868274
170,79.71187217868274
171,79.71187217868274
172,79.71187217868274
173,79.71187217868274
174,79.71187217868274
175,79.71187217868274
176,79.71187217868274
177,79.71187217868274
178,79.71187217868274
179,79.71187217868274
180,79.71187217868274
181,84.33428488469634
182,84.33428488469634
183,84.33428488469634
184,84.33428488469634
185,84.33428488469634
186,84.33428488469634
187,84.33428488469634
188,84.33428488469634
189,84.33428488469634
190,84.33428488469634
191,85.59918145643003
192,86.79528500172272
193,86.79528500172272
194,86.79528500172272
195,86.79528500172272
196,86.79528500172272
197,86.79528500172272
198,86.79528500172272
199,86.79528500172272
200,86.79528500172272
201,86.79528500172272
202,172.99529111667667
203,172.99529111667667
204,172.99529111667667
205,172.99529111667667
206,172.99529111667667
207,172.99529111667667
208,172.99529111667667
209,172.99529111667667
210,172.99529111667667
211,172.99529111667667
212,177.79355080768607
213,185.23271638219438
214,185.23271638219438
215,185.23271638219438
216,189.70654073573886
217,189.70654073573886
218,189.70654073573886
219,189.70654073573886
220,189.70654073573886
221,189.70654073573886
222,189.70654073573886
223,189.70654073573886
224,189.70654073573886
225,189.70654073573886
226,189.70654073573886
227,189.70654073573886
228,189.70654073573886
229,204.27940140617753
230,213.82654970248413
231,213.82654970248413
232,213.82654970248413
233,213.82654970248413
234,213.82654970248413
235,213.82654970248413
236,218.40244088813296
237,223.2102260505011
238,223.2102260505011
239,224.01552645328283
240,224.01552645328283
241,224.01552645328283
242,224.01552645328283
243,224.01552645328283
244,224.01552645328283
245,224.01552645328283
246,224.01552645328283
247,224.01552645328283
248,238.3093380820016
249,238.3093380820016
250,238.3093380820016
251,238.3093380820016
252,238.3093380820016
253,238.3093380820016
254,238.3093380820016
255,238.3093380820016
256,241.88185656977015
257,241.88185656977015
258,248.5624377715782
259,248.5624377715782
260,248.5624377715782
261,248.5624377715782
262,248.5624377715782
263,248.5624377715782
264,248.5624377715782
265,248.5624377715782
266,248.5624377715782
267,248.5624377715782
268,248.5624377715782
269,264.69916520172785
270,264.69916520172785
271,264.69916520172785
272,264.69916520172785
273,264.69916520172785
274,264.69916520172785
275,264.69916520172785
276,264.69916520172785
277,272.6313568846362
278,273.4685184502966
279,273.4685184502966
280,273.4685184502966
281,279.49250380315254
282,279.49250380315254
283,279.49250380315254
284,279.49250380315254
285,279.49250380315254
286,279.49250380315254
287,279.91399523721356
288,283.123801788967
289,283.123801788967
290,283.123801788967
291,283.123801788967
292,283.123801788967
293,283.123801788967
294,283.123801788967
295,283.123801788967
296,283.123801788967
297,286.000574597922
298,286.000574597922
299,286.000574597922
300,286.000574597922
301,286.000574597922
302,286.000574597922
303,286.000574597922
304,286.000574597922
305,286.000574597922
306,292.6916940570783
307,292.6916940570783
308,302.5673419977119
309,302.5673419977119
310,302.5673419977119
311,302.5673419977119
312,302.5673419977119
313,302.5673419977119
314,302.5673419977119
315,302.5673419977119
316,309.70992252849686
317,309.70992252849686
318,309.70992252849686
319,309.70992252849686
320,309.70992252849686
321,309.70992252849686
322,309.70992252849686
323,309.70992252849686
324,309.70992252849686
325,309.70992252849686
326,309.70992252849686
327,309.70992252849686
328,309.70992252849686
329,309.70992252849686
330,309.70992252849686
331,309.70992252849686
332,309.70992252849686
333,309.70992252849686
334,309.70992252849686
335,315.05058422554697
336,315.05058422554697
337,315.05058422554697
338,315.05058422554697
339,315.05058422554697
340,315.05058422554697
341,315.05058422554697
342,317.86583320494873
343,317.86583320494873
344,317.86583320494873
345,317.86583320494873
346,317.86583320494873
347,317.86583320494873
348,317.86583320494873
349,317.86583320494873
350,317.86583320494873
351,317.86583320494873
352,317.86583320494873
353,317.86583320494873
354,319.0545755352308
355,319.0545755352308
356,319.0545755352308
357,319.0545755352308
358,319.0545755352308
359,319.0545755352308
360,319.0545755352308
361,319.0545755352308
362,319.0545755352308
363,319.0545755352308
364,320.6545877855779
365,320.6545877855779
366,320.6545877855779
367,321.4545877855779
368,321.4545877855779
369,321.4545877855779
370,321.4545877855779
371,321.4545877855779
372,321.4545877855779
373,321.4545877855779
374,321.4545877855779
375,346.3716128348779
376,346.3716128348779
377,346.3716128348779
378,346.3716128348779
379,346.3716128348779
380,346.3716128348779
381,346.3716128348779
382,346.3716128348779
383,346.3716128348779
384,353.7760779159442
385,376.57467239787485
386,376.57467239787485
387,376.57467239787485
388,376.57467239787485
389,376.57467239787485
390,376.57467239787485
391,376.57467239787485
392,376.57467239787485
393,376.57467239787485
394,378.801017094713
395,378.9229714790031
396,378.9229714790031
397,378.9229714790031
398,378.9229714790031
399,378.9229714790031
400,378.9229714790031
401,378.9229714790031
402,378.9229714790031
403,378.9229714790031
404,378.9229714790031
405,384.9793320783659
406,384.9793320783659
407,384.9793320783659
408,384.9793320783659
409,384.9793320783659
410,384.9793320783659
411,384.9793320783659
412,384.9793320783659
413,384.9793320783659
414,401.028462541275
415,409.76772408608235
416,409.76772408608235
417,421.58872989936464
418,421.58872989936464
419,422.2887298993646
420,429.8079778130459
421,429.8079778130459
422,429.8079778130459
423,429.8079778130459
424,431.01384093507005
425,431.8905077991258
426,436.2052323550172
427,436.2052323550172
428,438.7373592366959
429,438.7373592366959
430,438.7373592366959
431,438.7373592366959
432,438.7373592366959
433,438.7373592366959
434,456.2459897938448
435,456.2459897938448
436,472.8352317088924
437,472.8352317088924
438,472.8352317088924
439,472.8352317088924
440,480.85716045836864
441,480.85716045836864
442,480.85716045836864
443,480.85716045836864
444,480.85716045836864
445,490.5836945359558
446,490.5836945359558
447,493.4700136976424
448,495.11409254673697
449,495.11409254673697
450,495.11409254673697
451,495.11409254673697
452,495.11409254673697
453,508.5857665326762
454,508.5857665326762
455,509.1949159554964
456,516.3159678164938
457,516.3159678164938
458,519.0374612144304
459,519.0374612144304
460,519.0374612144304
461,519.0374612144304
462,519.0374612144304
463,519.0374612144304
464,519.0374612144304
465,560.4375073258841
466,590.059196728753
467,590.059196728753
468,596.697373654886
469,606.2344070270474
470,606.2344070270474
471,617.4329893109605
472,627.8063699453284
473,627.8063699453284
474,627.8063699453284
475,642.608615729739
476,657.0777121268779
477,657.0777121268779
478,663.2842442268942
479,663.2842442268942
480,669.878269085636
481,669.878269085636
482,673.5301405870403
483,677.3036713473352
484,677.3036713473352
485,680.451428708913
486,680.451428708913
487,683.0679905682783
488,683.0679905682783
489,683.0679905682783
490,683.0679905682783
491,696.2315730404416
492,704.2688367694678
493,711.55552962077
494,711.55552962077
495,734.1579941388452
496,740.8870231774322
497,760.0929212194818
498,768.8696271517962
499,768.8696271517962
500,768.8696271517962
501,768.8696271517962
502,768.8696271517962
503,768.8696271517962
504,768.8696271517962
505,768.8696271517962
506,768.8696271517962
507,768.8696271517962
508,768.8696271517962
509,827.5061334979891
510,852.3897862092138
511,897.1819812241064
512,912.456071283774
513,940.5318566074802
514,940.5318566074802
515,940.5318566074802
516,954.0062485457262
517,954.0062485457262
518,957.4093695944956
519,974.7366663638286
520,974.7366663638286
521,984.3495121405323
522,991.0178053441045
523,991.0178053441045
524,991.0178053441045
525,998.0057531453974
526,1004.7202555885808
527,1004.7202555885808
528,1005.3202555885808
529,1005.3202555885808
530,1005.3202555885808
531,1005.3202555885808
532,1005.3202555885808
533,1005.3202555885808
534,1005.3202555885808
535,1018.7588258742703
536,1036.5337434065343
537,1049.3326168205751
538,1049.3326168205751
539,1049.3326168205751
540,1050.7708676333766
541,1051.4708676333767
542,1051.4708676333767
543,1051.4708676333767
544,1051.4708676333767
545,1051.4708676333767
546,1051.4708676333767
547,1051.4708676333767
548,1051.4708676333767
549,1051.4708676333767
550,1051.4708676333767
551,1051.4708676333767
552,1072.0796686864428
553,1152.4602438773786
554,1152.4602438773786
555,1152.4602438773786
556,1223.1610498184027
557,1295.8762832922466
558,1295.8762832922466
559,1295.8762832922466
560,1295.8762832922466
561,1295.8762832922466
562,1317.7142378140877
563,1334.2972341271152
564,1345.1705003572365
565,1366.190913387502
566,1373.0916259811838
567,1373.0916259811838
568,1383.1360708708894
569,1383.9360708708894
570,1383.9360708708894
571,1390.5430905140252
572,1390.5430905140252
573,1398.8251798849396
574,1400.3031631548606
575,1408.9951497090392
576,1417.9701512972963
577,1417.9701512972963
578,1419.182157542677
579,1419.182157542677
580,1419.182157542677
581,1419.182157542677
582,1419.182157542677
583,1419.182157542677
584,1419.182157542677
585,1419.182157542677
586,1419.182157542677
587,1419.182157542677
588,1419.182157542677
589,1424.7257362497285
590,1424.7257362497285
591,1427.4564396952226
592,1427.4564396952226
593,1427.4564396952226
594,1431.953445701665
595,1436.4669259605478
596,1436.4669259605478
597,1439.0925047521112
598,1439.0925047521112
599,1439.0925047521112
600,1439.0925047521112
601,1439.0925047521112
602,1439.0925047521112
603,1439.0925047521112
604,1439.0925047521112
605,1439.0925047521112
606,1439.0925047521112
607,1479.0688891738807
608,1479.0688891738807
609,1479.0688891738807
610,1479.0688891738807
611,1479.0688891738807
612,1479.0688891738807
613,1479.0688891738807
614,1479.0688891738807
615,1481.7036432568773
616,1482.1973921883434
617,1482.1973921883434
618,1482.1973921883434
619,1489.3123106158848
620,1496.2927594021312
621,1501.2122251950977
622,1501.2122251950977
623,1501.2122251950977
624,1501.2122251950977
625,1501.2122251950977
626,1503.253889532638
627,1505.0841714958103
628,1505.0841714958103
629,1535.0379998567591
630,1535.0379998567591
631,1535.0379998567591
632,1535.337999856759
633,1535.337999856759
634,1535.337999856759
635,1535.337999856759
636,1539.1729863184642
637,1542.0683594815084
638,1542.8683594815084
639,1545.0128531017008
640,1547.2004760826042
641,1547.2004760826042
642,1547.2004760826042
643,1547.2004760826042
644,1547.2004760826042
645,1547.2004760826042
646,1555.4974099769347
647,1569.3090111508297
648,1592.3136432351416
649,1602.3242995576923
650,1602.3242995576923
651,1606.0144958871037
652,1613.738521884085
653,1613.738521884085
654,1613.738521884085
655,1646.6555844980987
656,1666.5858208913144
657,1666.5858208913144
658,1666.5858208913144
659,1666.5858208913144
660,1672.4945318024543
661,1676.192218731672
662,1676.192218731672
663,1676.192218731672
664,1676.192218731672
665,1676.192218731672
666,1676.192218731672
667,1680.6507978213483
668,1682.8647009968463
669,1683.7647009968464
670,1683.8647009968463
671,1683.8647009968463
672,1683.8647009968463
673,1683.8647009968463
674,1683.8647009968463
675,1683.8647009968463
676,1689.3641421341024
677,1689.3641421341024
678,1697.348285031124
679,1697.348285031124
680,1704.6279037824038
681,1704.6279037824038
682,1704.6279037824038
683,1704.6279037824038
684,1704.6279037824038
685,1740.8469008023947
686,1773.668753218835
687,1773.668753218835
688,1791.4125713049364
689,1799.7148557564092
690,1812.231593516444
691,1812.231593516444
692,1812.231593516444
693,1812.231593516444
694,1812.231593516444
695,1812.231593516444
696,1818.5071599905248
697,1818.5071599905248
698,1829.0065287725513
699,1834.8168545674498
700,1844.3300434844384
701,1850.2404677341856
702,1851.4432921470534
703,1852.2432921470534
704,1852.2432921470534
705,1852.2432921470534
706,1852.2432921470534
707,1863.7459916517596
708,1869.4757392748452
709,1869.4757392748452
710,1869.4757392748452
711,1869.4757392748452
712,1869.4757392748452
713,1869.4757392748452
714,1869.4757392748452
715,1869.4757392748452
716,1907.9989600410406
717,1933.3362781715919
718,1962.2440344742115
719,1962.2440344742115
720,1975.5751040171463
721,1975.5751040171463
722,1975.5751040171463
723,1975.5751040171463
724,1975.5751040171463
725,1975.5751040171463
726,1977.7227204538278
727,1977.7227204538278
728,1980.1852565661197
729,1981.7707173395627
730,1981.7707173395627
731,1981.7707173395627
732,1981.7707173395627
733,1981.7707173395627
734,1981.7707173395627
735,1999.9819918242845
736,2014.6860572320995
737,2027.6646117214493
738,2027.6646117214493
739,2031.3855890008308
740,2031.3855890008308
741,2031.3855890008308
742,2031.3855890008308
743,2031.3855890008308
744,2031.3855890008308
745,2031.3855890008308
746,2074.0783050804926
747,2074.0783050804926
748,2103.887955362304
749,2103.887955362304
750,2103.887955362304
751,2103.887955362304
752,2103.887955362304
753,2103.887955362304
754,2103.887955362304
755,2103.887955362304
756,2103.887955362304
757,2108.902249735626
758,2108.902249735626
759,2115.722987020359
760,2115.722987020359
761,2115.722987020359
762,2115.722987020359
763,2115.722987020359
764,2115.722987020359
765,2115.722987020359
766,2121.516965377388
767,2134.64781606548
768,2134.64781606548
769,2134.64781606548
770,2141.1667397362085
771,2141.1667397362085
772,2141.1667397362085
773,2141.1667397362085
774,2141.1667397362085
775,2141.1667397362085
776,2141.1667397362085
777,2141.1667397362085
778,2141.1667397362085
779,2141.1667397362085
780,2141.1667397362085
781,2141.1667397362085
782,2141.1667397362085
783,2141.1667397362085
784,2152.416282207749
785,2157.6161836997653
786,2158.1186445699086
787,2158.1186445699086
788,2158.1186445699086
789,2158.1186445699086
790,2158.1186445699086
791,2158.1186445699086
792,2158.1186445699086
793,2158.1186445699086
794,2160.4594503661842
795,2160.4594503661842
796,2161.3656669554816
797,2161.3656669554816
798,2161.3656669554816
799,2161.3656669554816
800,2161.3656669554816
801,2161.3656669554816
802,2161.3656669554816
803,2185.643409034506
804,2185.643409034506
805,2190.0518992101643
806,2190.0518992101643
807,2190.0518992101643
808,2190.0518992101643
809,2190.0518992101643
810,2190.0518992101643
811,2190.0518992101643
812,2190.855402554222
813,2196.883067619093
814,2196.883067619093
815,2203.1063229001907
816,2204.735151576779
817,2206.0010270308408
818,2208.5641737626556
819,2208.5641737626556
820,2211.27561978132
821,2216.9966016577564
822,2217.888012941067
823,2217.888012941067
824,2217.888012941067
825,2218.388012941067
826,2218.388012941067
827,2218.388012941067
828,2218.388012941067
829,2218.388012941067
830,2275.5720613898284
831,2310.770305871519
832,2310.770305871519
833,2340.7060075650465
834,2352.7874686927303
835,2352.7874686927303
836,2375.387222970946
837,2375.387222970946
838,2380.048665975076
839,2380.048665975076
840,2380.048665975076
841,2380.048665975076
842,2380.048665975076
843,2380.048665975076
844,2380.048665975076
845,2380.048665975076
846,2380.048665975076
847,2418.859674766825
848,2429.935693195678
849,2475.210592001282
850,2476.9007434534433
851,2476.9007434534433
852,2500.7002179102383
853,2500.7002179102383
854,2544.2816230195504
855,2574.5796590398704
856,2583.0624521012774
857,2596.842578834396
858,2611.480182052403
859,2621.618720374108
860,2634.3408520919947
861,2646.620144197905
862,2651.070332204934
863,2660.200838539053
864,2660.200838539053
865,2660.200838539053
866,2665.834754062421
867,2666.0347540624207
868,2666.0347540624207
869,2666.0347540624207
870,2666.0347540624207
871,2666.0347540624207
872,2666.0347540624207
873,2666.0347540624207
874,2718.13060516382
875,2718.13060516382
876,2764.1732036708636
877,2764.1732036708636
878,2782.1519309835885
879,2782.1519309835885
880,2798.2929141146938
881,2798.2929141146938
882,2798.2929141146938
883,2798.2929141146938
884,2798.2929141146938
885,2819.5057223240133
886,2841.958990022393
887,2849.610379273752
888,2849.610379273752
889,2850.62176972768
890,2856.964148615453
891,2867.402450744855
892,2867.402450744855
893,2872.31965128547
894,2872.31965128547
895,2872.31965128547
896,2872.31965128547
897,2872.31965128547
898,2872.31965128547
899,2872.31965128547
900,2872.31965128547
901,2889.1661471960297
902,2895.726031858586
903,2905.561236019431
904,2910.265516013329
905,2912.9543892398483
906,2930.464728458218
907,2938.111905951983
908,2944.938148319292
909,2944.938148319292
910,2947.1302107470374
911,2947.1302107470374
912,2947.1302107470374
913,2947.1302107470374
914,2947.1302107470374
915,2947.1302107470374
916,2947.1302107470374
917,2947.1302107470374
918,2947.1302107470374
919,2998.1202957642504
920,3022.923010246156
921,3066.706742029519
922,3087.631534070645
923,3087.631534070645
924,3098.173572719187
925,3113.0578305047375
926,3113.0578305047375
927,3113.0578305047375
928,3118.329165109939
929,3118.329165109939
930,3121.70272092554
931,3123.531478805296
932,3129.340589751937
933,3129.340589751937
934,3129.340589751937
935,3129.340589751937
936,3129.340589751937
937,3135.357148691868
938,3162.4262129008807
939,3196.612873862847
940,3218.402093321311
941,3220.057549056568
942,3232.201528002639
943,3232.201528002639
944,3247.098727717323
945,3247.098727717323
946,3257.6367715787387
947,3257.6367715787387
948,3257.6367715787387
949,3259.72536459577
950,3259.72536459577
951,3259.8253645957698
952,3259.8253645957698
953,3259.8253645957698
954,3259.8253645957698
955,3269.6954126133496
956,3272.042336590221
957,3272.042336590221
958,3279.3819788315905
959,3281.656598188523
960,3281.656598188523
961,3284.862399831065
962,3284.862399831065
963,3284.862399831065
964,3284.862399831065
965,3284.862399831065
966,3284.862399831065
967,3284.862399831065
968,3284.862399831065
969,3284.862399831065
970,3284.862399831065
971,3284.862399831065
972,3385.2152098913357
973,3416.350888231929
974,3512.286194883106
975,3563.184622574336
976,3578.49772568984
977,3654.420776975441
978,3663.9338141525413
979,3703.1123341397315
980,3703.1123341397315
981,3703.1123341397315
982,3703.1123341397315
983,3748.140229762837
984,3748.140229762837
985,3752.171701866613
986,3780.999535094973
987,3825.982159358526
988,3868.065385462978
989,3868.065385462978
990,3868.065385462978
991,3900.758284856628
992,3900.758284856628
993,3910.519381376749
994,3920.5342993302365
995,3931.374117472324
996,3935.0023771671626
997,3942.2235746900847
998,3950.926423842614
999,3950.926423842614
1000,3953.307683269063
1001,3953.307683269063
1002,3954.3715266609806
1003,3954.3715266609806
1004,3954.3715266609806
1005,3954.3715266609806
1006,3954.3715266609806
1007,3954.3715266609806
1008,3954.3715266609806
1009,4000.3680830072176
1010,4041.0620422704187
1011,4083.1677227732184
1012,4102.02084783445
1013,4127.854199178385
1014,4132.447177556608
1015,4159.470724035052
1016,4189.9794087736545
1017,4221.206808776696
1018,4224.437701462386
1019,4252.409606470914
1020,4252.409606470914
1021,4272.550518259652
1022,4272.550518259652
1023,4272.550518259652
1024,4272.550518259652
1025,4272.550518259652
1026,4286.298965401244
1027,4291.789713007935
1028,4302.496817056107
1029,4306.288820260894
1030,4311.765084700342
1031,4312.838803498918
1032,4315.005070863205
1033,4315.005070863205
1034,4315.005070863205
1035,4315.005070863205
1036,4315.005070863205
1037,4315.005070863205
1038,4315.745201754046
1039,4317.761611690557
1040,4319.460957184707
1041,4319.460957184707
1042,4320.128939217024
1043,4320.128939217024
1044,4320.128939217024
1045,4320.128939217024
1046,4320.128939217024
1047,4320.128939217024
1048,4320.128939217024
1049,4320.128939217024
1050,4320.128939217024
1051,4320.128939217024
1052,4392.322836378476
1053,4440.378662938781
1054,4440.378662938781
1055,4497.352253069687
1056,4535.996655476605
1057,4535.996655476605
1058,4567.817440473007
1059,4588.535557331718
1060,4607.436974449311
1061,4625.766624637201
1062,4635.420809545476
1063,4635.420809545476
1064,4635.420809545476
1065,4645.435765853261
1066,4645.435765853261
1067,4656.448256853597
1068,4662.952918186739
1069,4670.2679532022885
1070,4680.0899789633995
1071,4692.404326557855
1072,4699.522426313221
1073,4707.417781402931
1074,4716.167449751745
1075,4720.763025708167
1076,4721.0630257081675
1077,4721.363025708168
1078,4721.363025708168
1079,4721.363025708168
1080,4721.363025708168
1081,4721.363025708168
1082,4721.363025708168
1083,4721.363025708168
1084,4759.94964190253
1085,4796.944719194849
1086,4844.520865764471
1087,4879.571178828573
1088,4941.9091684705045
1089,4966.321623927469
1090,4966.321623927469
1091,4966.321623927469
1092,4974.323459766442
1093,5047.056685569649
1094,5093.950265297108
1095,5093.950265297108
1096,5160.947746015606
1097,5225.292414809151
1098,5266.311492679971
1099,5266.311492679971
1100,5274.125885113629
1101,5312.863126683079
1102,5324.303455975207
1103,5336.094143376711
1104,5352.662778707829
1105,5366.550245491047
1106,5381.873658755493
1107,5381.873658755493
1108,5396.989334808131
1109,5405.610224672647
1110,5415.5158163690385
1111,5418.723244491436
1112,5423.4231215926875
1113,5425.595917887657
1114,5425.595917887657
1115,5425.595917887657
1116,5425.595917887657
1117,5425.595917887657
1118,5425.595917887657
1119,5425.595917887657
1120,5425.595917887657
1121,5467.210704561432
1122,5467.210704561432
1123,5467.210704561432
1124,5508.868860621144
1125,5537.96347664087
1126,5559.275766454371
1127,5572.88642928746
1128,5572.88642928746
1129,5572.88642928746
1130,5574.428712954355
1131,5611.540851673988
1132,5629.3349317144675
1133,5642.05235398208
1134,5668.98027731395
1135,5687.370985513355
1136,5693.313256729632
1137,5709.509349995428
1138,5720.795320359328
1139,5720.795320359328
1140,5720.795320359328
1141,5736.316590880273
1142,5749.230842703876
1143,5760.372773415638
1144,5760.372773415638
1145,5766.893773545317
1146,5779.805097512469
1147,5780.005097512469
1148,5784.561611457286
1149,5784.561611457286
1150,5787.948785273769
1151,5787.948785273769
1152,5788.023785273769
1153,5788.023785273769
1154,5788.323785273769
1155,5788.323785273769
1156,5788.323785273769
1157,5788.323785273769
1158,5788.323785273769
1159,5788.323785273769
1160,5788.323785273769
1161,5788.323785273769
1162,5788.323785273769
1163,5788.323785273769
1164,5788.323785273769
1165,5844.810928446781
1166,5844.810928446781
1167,5869.595706539794
1168,5869.595706539794
1169,5888.798528417401
1170,5888.798528417401
1171,5906.205900507953
1172,5911.409457987066
1173,5911.409457987066
1174,5911.409457987066
1175,5911.409457987066
1176,5911.409457987066
1177,5911.409457987066
1178,5911.409457987066
1179,5911.409457987066
1180,5911.409457987066
1181,5922.53211751275
1182,5922.53211751275
1183,5931.370039654522
1184,5940.391815608496
1185,5947.282292532233
1186,5952.84848534424
1187,5956.860437586288
1188,5956.860437586288
1189,5958.570245609455
1190,5958.570245609455
1191,5958.570245609455
1192,5958.570245609455
1193,5958.570245609455
1194,5958.570245609455
1195,5958.570245609455
1196,5958.570245609455
1197,5958.570245609455
1198,6014.548943514928
1199,6014.548943514928
1200,6014.548943514928
1201,6030.7305375185615
1202,6061.066139866327
1203,6090.903467145152
1204,6100.205080890841
1205,6146.309003370565
1206,6149.47036256154
1207,6149.47036256154
1208,6149.47036256154
1209,6149.47036256154
1210,6149.47036256154
1211,6149.47036256154
1212,6149.47036256154
1213,6149.47036256154
1214,6149.47036256154
1215,6162.982308913723
1216,6162.982308913723
1217,6169.19549302956
1218,6179.457184485258
1219,6190.462521600567
1220,6195.699692742882
1221,6201.803197770968
1222,6204.605643523197
1223,6215.28200651894
1224,6217.182695052655
1225,6226.760015770846
1226,6231.528443772002
1227,6231.528443772002
1228,6236.317054792146
1229,6236.317054792146
1230,6238.442949392098
1231,6247.068316143551
1232,6247.068316143551
1233,6255.601639642848
1234,6255.601639642848
1235,6255.601639642848
1236,6256.3016396428475
1237,6256.3016396428475
1238,6256.3016396428475
1239,6256.3016396428475
1240,6256.3016396428475
1241,6376.550079445569
1242,6447.849581253185
1243,6447.849581253185
1244,6572.050206319646
1245,6586.168108023393
1246,6654.271056070478
1247,6720.886317615267
1248,6724.982792444804
1249,6724.982792444804
1250,6775.18667903024
1251,6775.18667903024
1252,6836.2167212057375
1253,6882.725983531738
1254,6920.001652235291
1255,6941.323612351577
1256,6968.264510163029
1257,6981.5576140085805
1258,6981.5576140085805
1259,6994.757754364411
1260,7009.679995162181
1261,7016.808904466022
1262,7025.831860269029
1263,7025.831860269029
1264,7025.831860269029
1265,7030.4662835743065
1266,7038.645869353974
1267,7038.645869353974
1268,7038.645869353974
1269,7038.645869353974
1270,7076.5855468420405
1271,7115.512447028245
1272,7145.441818029334
1273,7171.730789984585
1274,7191.979247448846
1275,7200.611022685412
1276,7204.23996155399
1277,7210.964508033077
1278,7210.964508033077
1279,7233.651305372157
1280,7250.770231989533
1281,7250.770231989533
1282,7250.770231989533
1283,7250.770231989533
1284,7250.770231989533
1285,7250.770231989533
1286,7250.770231989533
1287,7282.112872546682
1288,7306.752657281417
1289,7311.2303741462665
1290,7323.322444143163
1291,7323.322444143163
1292,7339.378139714421
1293,7339.378139714421
1294,7342.256257059099
1295,7342.256257059099
1296,7364.560787277184
1297,7364.560787277184
1298,7376.6950059652645
1299,7391.63132659622
1300,7402.368566127205
1301,7408.02161256105
1302,7408.02161256105
1303,7408.02161256105
1304,7410.833885556467
1305,7412.760422743873
1306,7413.010422743873
1307,7413.3104227438735
1308,7413.3104227438735
1309,7413.3104227438735
1310,7413.3104227438735
1311,7413.3104227438735
1312,7413.3104227438735
1313,7413.3104227438735
1314,7469.288036285399
1315,7469.288036285399
1316,7525.12253169095
1317,7546.822034439161
1318,7567.599416487598
1319,7567.599416487598
1320,7567.599416487598
1321,7567.599416487598
1322,7567.599416487598
1323,7567.599416487598
1324,7567.599416487598
1325,7583.418802641776
1326,7616.967142655305
1327,7616.967142655305
1328,7616.967142655305
1329,7630.8475176888505
1330,7644.359621875855
1331,7644.359621875855
1332,7644.359621875855
1333,7644.359621875855
1334,7655.476940291587
1335,7669.1070737176115
1336,7677.481781093571
1337,7683.7333387323415
1338,7688.492546307733
1339,7696.707310575105
1340,7696.707310575105
1341,7700.218857546757
1342,7707.615110967792
1343,7707.615110967792
1344,7707.615110967792
1345,7709.394350301563
1346,7709.394350301563
1347,7709.888741076117
1348,7709.888741076117
1349,7709.888741076117
1350,7711.016766058214
1351,7711.016766058214
1352,7740.87375296186
1353,7777.230749631649
1354,7777.230749631649
1355,7819.391746719142
1356,7839.588854237592
1357,7866.5808924609155
1358,7881.382230318486
1359,7881.382230318486
1360,7900.582440512803
1361,7901.153268259402
1362,7901.153268259402
1363,7902.659539572272
1364,7902.659539572272
1365,7903.344264219275
1366,7903.844264219275
1367,7904.863364006519
1368,7904.863364006519
1369,7905.843743370251
1370,7906.9437433702515
1371,7908.281177254277
1372,7908.281177254277
1373,7908.281177254277
1374,7908.681177254277
1375,7908.681177254277
1376,7908.681177254277
1377,7908.681177254277
1378,7908.681177254277
1379,7908.681177254277
1380,7908.681177254277
1381,7908.681177254277
1382,7908.681177254277
1383,7908.681177254277
1384,7908.681177254277
1385,7963.9596141988
1386,7963.9596141988
1387,8000.16207916357
1388,8000.16207916357
1389,8036.425878871255
1390,8043.692995251797
1391,8043.692995251797
1392,8043.692995251797
1393,8048.921358646829
1394,8048.921358646829
1395,8078.344757127083
1396,8110.102448552079
1397,8122.750285860173
1398,8153.309134337391
1399,8165.445224491965
1400,8179.233145862858
1401,8179.233145862858
1402,8181.213915934963
1403,8181.213915934963
1404,8181.213915934963
1405,8181.213915934963
1406,8181.213915934963
1407,8181.213915934963
1408,8181.213915934963
1409,8181.213915934963
1410,8181.213915934963
1411,8181.213915934963
1412,8181.213915934963
1413,8201.978610094799
1414,8220.415547384473
1415,8233.862648435239
1416,8240.557425106903
1417,8241.357425106902
1418,8249.752413864335
1419,8254.908520337796
1420,8254.908520337796
1421,8258.087805391377
1422,8261.374302884635
1423,8261.374302884635
1424,8262.374302884635
1425,8262.424302884634
1426,8262.424302884634
1427,8262.724302884633
1428,8262.724302884633
1429,8333.258961450087
1430,8397.460843552482
1431,8479.050829518837
1432,8537.337809301403
1433,8581.173909752943
1434,8581.173909752943
1435,8625.155734504877
1436,8625.155734504877
1437,8667.988652186343
1438,8704.219734313569
1439,8704.219734313569
1440,8722.620758427272
1441,8722.620758427272
1442,8722.620758427272
1443,8733.805395337851
1444,8733.805395337851
1445,8744.49561182715
1446,8748.230478488815
1447,8761.110798746144
1448,8768.812780760514
1449,8774.000613113698
1450,8782.318801179657
1451,8782.318801179657
1452,8786.61089049874
1453,8789.028001113913
1454,8790.942826051809
1455,8790.942826051809
1456,8791.890997034085
1457,8791.890997034085
1458,8791.890997034085
1459,8791.890997034085
1460,8791.890997034085
1461,8791.890997034085
1462,8791.890997034085
1463,8853.421440157941
1464,8853.421440157941
1465,8912.133084331967
1466,8971.511286904071
1467,8997.622838146248
1468,8997.622838146248
1469,9023.59993593818
1470,9028.441265598327
1471,9028.441265598327
1472,9028.441265598327
1473,9069.196636127619
1474,9082.12890325548
1475,9101.43873633305
1476,9101.43873633305
1477,9109.773945868148
1478,9116.391107682608
1479,9116.391107682608
1480,9116.391107682608
1481,9120.66712391384
1482,9120.66712391384
1483,9120.66712391384
1484,9130.301342189148
1485,9146.498852539986
1486,9156.94749863842
1487,9161.096347412393
1488,9171.697391067277
1489,9171.697391067277
1490,9177.939592940633
1491,9184.803583950239
1492,9191.321866832068
1493,9191.321866832068
1494,9191.321866832068
1495,9193.73561048219
1496,9193.73561048219
1497,9193.73561048219
1498,9193.73561048219
1499,9255.060529474717
1500,9255.060529474717
1501,9304.88638941344
1502,9354.81670023304
1503,9405.740205991051
1504,9456.673226496114
1505,9496.915302014713
1506,9525.327053233163
1507,9546.92153137193
1508,9578.156851435564
1509,9578.156851435564
1510,9578.156851435564
1511,9578.156851435564
1512,9578.156851435564
1513,9578.156851435564
1514,9578.156851435564
1515,9578.156851435564
1516,9578.156851435564
1517,9600.146141775187
1518,9600.146141775187
1519,9617.898345422138
1520,9631.796559428363
1521,9643.578952824553
1522,9643.578952824553
1523,9653.738188423336
1524,9659.108526906386
1525,9662.729535072913
1526,9663.380892527894
1527,9663.380892527894
1528,9663.380892527894
1529,9663.380892527894
1530,9663.380892527894
1531,9663.380892527894
1532,9663.380892527894
1533,9677.264429870324
1534,9703.245627223818
1535,9703.245627223818
1536,9719.705367909775
1537,9728.053858379546
1538,9728.053858379546
1539,9740.388258619538
1540,9740.388258619538
1541,9740.388258619538
1542,9746.80635719034
1543,9754.65788462981
1544,9761.178288093392
1545,9761.178288093392
1546,9762.178575498972
1547,9762.178575498972
1548,9762.178575498972
1549,9762.178575498972
1550,9762.178575498972
1551,9857.861024215199
1552,9857.861024215199
1553,9925.425167375115
1554,9925.425167375115
1555,10017.504177619048
1556,10089.94036503906
1557,10160.81968051387
1558,10181.009714995906
1559,10225.196311356156
1560,10225.196311356156
1561,10225.196311356156
1562,10225.196311356156
1563,10241.392276810546
1564,10253.926750781546
1565,10253.926750781546
1566,10253.926750781546
1567,10268.092194370023
1568,10268.092194370023
1569,10283.194658432398
1570,10311.000870129972
1571,10323.98509703161
1572,10335.621657419455
1573,10335.621657419455
1574,10358.796113862782
1575,10358.796113862782
1576,10371.767592124423
1577,10371.767592124423
1578,10371.767592124423
1579,10371.767592124423
1580,10371.767592124423
1581,10371.767592124423
1582,10371.767592124423
1583,10371.767592124423
1584,10371.767592124423
1585,10371.767592124423
1586,10400.966095335585
1587,10400.966095335585
1588,10418.922177511251
1589,10431.691260653268
1590,10438.819314999218
1591,10443.056292284253
1592,10457.009390475354
1593,10458.06398017938
1594,10458.86398017938
1595,10458.86398017938
1596,10458.86398017938
1597,10458.86398017938
1598,10458.86398017938
1599,10458.86398017938
1600,10458.86398017938
1601,10458.86398017938
1602,10461.651436293456
1603,10467.312765195547
1604,10478.731241686042
1605,10487.734331392101
1606,10487.734331392101
1607,10490.094277377475
1608,10490.094277377475
1609,10495.719594080832
1610,10495.719594080832
1611,10501.15078298564
1612,10501.15078298564
1613,10581.967420642224
1614,10663.536213240432
1615,10743.763203787184
1616,10743.763203787184
1617,10813.502620837622
1618,10862.731099071127
1619,10916.6086938093
1620,10939.242897989863
1621,10939.242897989863
1622,10939.242897989863
1623,10939.242897989863
1624,10939.242897989863
1625,10939.242897989863
1626,10939.242897989863
1627,10939.242897989863
1628,10939.242897989863
1629,10939.242897989863
1630,10961.0823638557
1631,10975.60252381643
1632,10978.46041960682
1633,10986.470146827929
1634,10991.306770969857
1635,10994.869230106746
1636,10998.809593416605
1637,11001.843891204682
1638,11004.348394594883
1639,11004.348394594883
1640,11004.348394594883
1641,11004.348394594883
1642,11004.348394594883
1643,11004.348394594883
1644,11004.348394594883
1645,11004.348394594883
1646,11004.348394594883
1647,11035.967017239076
1648,11035.967017239076
1649,11075.523788357961
1650,11084.352498523069
1651,11108.361730743894
1652,11108.361730743894
1653,11142.496406100314
1654,11142.496406100314
1655,11142.496406100314
1656,11181.890465329612
1657,11206.860729162252
1658,11236.635393387338
1659,11246.572785698403
1660,11254.783439488117
1661,11265.972141779172
1662,11265.972141779172
1663,11265.972141779172
1664,11265.972141779172
1665,11269.214679529003
1666,11269.214679529003
1667,11274.63225101931
1668,11288.042478632264
1669,11295.02837591571
1670,11295.02837591571
1671,11309.812127220064
1672,11314.485927372813
1673,11316.09170258178
1674,11316.09170258178
1675,11316.09170258178
1676,11316.09170258178
1677,11316.09170258178
1678,11316.09170258178
1679,11316.09170258178
1680,11316.09170258178
1681,11316.09170258178
1682,11316.09170258178
1683,11331.43669309562
1684,11331.43669309562
1685,11331.43669309562
1686,11335.142641005072
1687,11337.794226007141
1688,11339.644273911894
1689,11339.644273911894
1690,11340.586070272408
1691,11340.586070272408
1692,11340.586070272408
1693,11340.586070272408
1694,11340.586070272408
1695,11340.586070272408
1696,11340.586070272408
1697,11340.586070272408
1698,11340.586070272408
1699,11340.586070272408
1700,11351.526300726584
1701,11358.093885656204
1702,11358.093885656204
1703,11360.25071278002
1704,11366.521279563714
1705,11366.521279563714
1706,11372.087582198534
1707,11373.750060095676
1708,11373.750060095676
1709,11373.750060095676
1710,11373.750060095676
1711,11445.27384736823
1712,11521.162988983464
1713,11541.978561101083
1714,11616.18874087857
1715,11632.021312221685
1716,11632.021312221685
1717,11680.460726805897
1718,11680.460726805897
1719,11680.460726805897
1720,11710.745564637215
1721,11710.745564637215
1722,11793.277027474787
1723,11810.492506066665
1724,11810.492506066665
1725,11810.492506066665
1726,11851.70279211245
1727,11851.70279211245
1728,11878.601717343547
1729,11878.601717343547
1730,11878.909809952964
1731,11878.909809952964
1732,11892.436696885045
1733,11912.21315726361
1734,11916.108050037521
1735,11936.601835570726
1736,11941.411852561781
1737,11961.844018577793
1738,11962.843517616935
1739,11972.44783620641
1740,11972.44783620641
1741,11972.44783620641
1742,11972.847836206409
1743,11972.847836206409
1744,11972.847836206409
1745,11972.847836206409
1746,11972.847836206409
1747,11972.847836206409
1748,12004.940292661997
1749,12035.017773852675
1750,12059.941071698993
1751,12076.869638710228
1752,12080.247665625939
1753,12099.20867155046
1754,12108.710491019905
1755,12108.710491019905
1756,12108.710491019905
1757,12108.710491019905
1758,12108.710491019905
1759,12108.710491019905
1760,12108.710491019905
1761,12108.710491019905
1762,12108.710491019905
1763,12108.710491019905
1764,12148.123480280368
1765,12148.123480280368
1766,12181.043715739026
1767,12207.85282065151
1768,12207.85282065151
1769,12231.552215286229
1770,12242.891083279335
1771,12242.891083279335
1772,12271.813224696582
1773,12271.813224696582
1774,12271.813224696582
1775,12271.813224696582
1776,12271.813224696582
1777,12271.813224696582
1778,12271.813224696582
1779,12271.813224696582
1780,12271.813224696582
1781,12297.467821177434
1782,12315.513631351327
1783,12321.47626656242
1784,12335.812258691356
1785,12337.250832914528
1786,12340.638357834041
1787,12340.638357834041
1788,12340.638357834041
1789,12340.638357834041
1790,12340.638357834041
1791,12360.865462053032
1792,12376.243709468416
1793,12388.340636701772
1794,12399.239524997984
1795,12407.89420982194
1796,12414.334898678318
1797,12420.441728509766
1798,12424.294710867787
1799,12432.05544728159
1800,12432.55544728159
1801,12438.869026635355
1802,12438.869026635355
1803,12440.419369808133
1804,12440.419369808133
1805,12440.419369808133
1806,12440.419369808133
1807,12440.419369808133
1808,12534.102010170664
1809,12633.993142852556
1810,12703.270412194464
1811,12703.270412194464
1812,12703.270412194464
1813,12720.794708067211
1814,12720.794708067211
1815,12738.970153663353
1816,12738.970153663353
1817,12741.368104344787
1818,12745.438143050798
1819,12747.534613472193
1820,12747.534613472193
1821,12749.458759047948
1822,12751.599505165583
1823,12754.001734264837
1824,12754.001734264837
1825,12757.400519982619
1826,12757.400519982619
1827,12757.400519982619
1828,12757.400519982619
1829,12757.400519982619
1830,12757.400519982619
1831,12757.400519982619
1832,12757.400519982619
1833,12757.400519982619
1834,12757.400519982619
1835,12802.03421912122
1836,12802.03421912122
1837,12829.172606233926
1838,12837.30126613003
1839,12861.787940841266
1840,12884.278851530127
1841,12884.278851530127
1842,12905.152729376625
1843,12905.152729376625
1844,12905.152729376625
1845,12911.747610969056
1846,12915.119850822175
1847,12915.984861829704
1848,12939.486065433437
1849,12984.069550356378
1850,13020.582000853856
1851,13031.844823142545
1852,13031.844823142545
1853,13042.535040628634
1854,13042.535040628634
1855,13051.222632982777
1856,13051.222632982777
1857,13059.217921753596
1858,13059.217921753596
1859,13064.077352770535
1860,13064.077352770535
1861,13064.077352770535
1862,13064.077352770535
1863,13064.077352770535
1864,13064.077352770535
1865,13064.077352770535
1866,13064.077352770535
1867,13064.077352770535
1868,13091.457379216097
1869,13091.457379216097
1870,13091.457379216097
1871,13117.388322634251
1872,13117.388322634251
1873,13136.908938535911
1874,13136.908938535911
1875,13159.25362642384
1876,13177.947620985638
1877,13195.743128294447
1878,13195.743128294447
1879,13199.830247358846
1880,13199.830247358846
1881,13199.830247358846
1882,13199.830247358846
1883,13199.830247358846
1884,13199.830247358846
1885,13261.216130297185
1886,13261.216130297185
1887,13343.562820943682
1888,13393.644732607198
1889,13393.644732607198
1890,13458.48905808623
1891,13506.558704978073
1892,13556.972978264705
1893,13578.532023711059
1894,13618.008819215089
1895,13637.404429979095
1896,13637.404429979095
1897,13637.404429979095
1898,13637.404429979095
1899,13637.404429979095
1900,13637.404429979095
1901,13637.404429979095
1902,13667.528555455185
1903,13687.914937286736
1904,13700.09377255081
1905,13725.706829848485
1906,13750.111701800754
1907,13757.636827087475
1908,13768.43359745104
1909,13776.52133857369
1910,13778.71080930142
1911,13778.71080930142
1912,13788.15325687691
1913,13788.15325687691
1914,13799.827369937686
1915,13799.827369937686
1916,13799.827369937686
1917,13799.827369937686
1918,13799.827369937686
1919,13799.827369937686
1920,13816.528505494403
1921,13820.62196504164
1922,13841.264099855853
1923,13850.82171833631
1924,13850.82171833631
1925,13856.751323131066
1926,13856.751323131066
1927,13857.001323131066
1928,13858.3732420387
1929,13858.3732420387
1930,13858.3732420387
1931,13858.3732420387
1932,13866.18554059977
1933,13866.18554059977
1934,13866.18554059977
1935,13866.18554059977
1936,13866.18554059977
1937,13952.825044397248
1938,14042.211103956535
1939,14130.30989575566
1940,14130.30989575566
1941,14176.035670779636
1942,14176.035670779636
1943,14217.628221149276
1944,14217.628221149276
1945,14256.816883183623
1946,14273.707530934984
1947,14273.707530934984
1948,14279.913100893538
1949,14293.381744159922
1950,14315.605185662424
1951,14328.15548447344
1952,14335.665114049549
1953,14335.665114049549
1954,14347.477661374593
1955,14347.477661374593
1956,14347.477661374593
1957,14348.495883156496
1958,14348.495883156496
1959,14348.895883156496
1960,14349.145883156496
1961,14349.145883156496
1962,14349.145883156496
1963,14349.145883156496
1964,14402.163799360449
1965,14447.494320169377
1966,14484.909684953212
1967,14495.24789194715
1968,14510.44288799976
1969,14510.44288799976
1970,14510.44288799976
1971,14510.44288799976
1972,14510.44288799976
1973,14510.44288799976
1974,14510.44288799976
1975,14512.983289340767
1976,14528.616719985679
1977,14545.076170461873
1978,14548.910134830348
1979,14551.599848845432
1980,14554.365497827928
1981,14554.365497827928
1982,14554.365497827928
1983,14554.365497827928
1984,14554.365497827928
1985,14554.365497827928
1986,14554.365497827928
1987,14554.365497827928
1988,14554.365497827928
1989,14554.365497827928
1990,14554.365497827928
1991,14566.001775109724
1992,14566.001775109724
1993,14566.001775109724
1994,14577.490488993655
1995,14589.02765688085
1996,14589.02765688085
1997,14599.02278052909
1998,14599.02278052909
1999,14604.819961301417
2000,14604.819961301417
2001,14631.296309003352
2002,14631.296309003352
2003,14648.13720402923
2004,14668.706046765523
2005,14678.251197929783
2006,14702.359505416263
2007,14702.359505416263
2008,14703.465574438553
2009,14715.003971729559
2010,14715.003971729559
2011,14715.003971729559
2012,14718.531641581421
2013,14718.531641581421
2014,14719.88022389616
2015,14719.88022389616
2016,14719.88022389616
2017,14719.88022389616
2018,14727.412820770143
2019,14734.623942656723
2020,14755.523724144688
2021,14758.899278198287
2022,14773.436419670406
2023,14785.16361924903
2024,14785.16361924903
2025,14787.277813180644
2026,14787.277813180644
2027,14787.277813180644
2028,14787.277813180644
2029,14841.15731359162
2030,14945.569414599133
2031,14989.085707776769
2032,14989.085707776769
2033,15073.93588762585
2034,15073.93588762585
2035,15073.93588762585
2036,15142.715730505533
2037,15142.715730505533
2038,15153.69407383654
2039,15153.69407383654
2040,15157.954153640083
2041,15157.954153640083
2042,15157.954153640083
2043,15157.954153640083
2044,15157.954153640083
2045,15157.954153640083
2046,15162.622296613434
2047,15162.622296613434
2048,15172.610191158667
2049,15177.271917799282
2050,15180.127972399223
2051,15185.835597968637
2052,15186.745714871644
2053,15186.745714871644
2054,15186.745714871644
2055,15186.745714871644
2056,15186.745714871644
2057,15186.745714871644
2058,15186.745714871644
2059,15186.745714871644
2060,15186.745714871644
2061,15186.745714871644
2062,15224.115850302422
2063,15224.115850302422
2064,15252.248206826383
2065,15263.35720882366
2066,15267.275669902181
2067,15267.275669902181
2068,15272.714653027855
2069,15272.714653027855
2070,15309.329206117442
2071,15309.329206117442
2072,15335.136589177942
2073,15353.46299885147
2074,15397.803695219709
2075,15426.010864393855
2076,15426.010864393855
2077,15426.010864393855
2078,15447.316391849685
2079,15447.316391849685
2080,15447.316391849685
2081,15460.707904473875
2082,15470.024807151405
2083,15478.55822831473
2084,15478.55822831473
2085,15483.909521869306
2086,15489.191689512962
2087,15489.49168951296
2088,15489.49168951296
2089,15489.49168951296
2090,15489.49168951296
2091,15489.49168951296
2092,15489.49168951296
2093,15502.532108725554
2094,15508.032851533822
2095,15518.420004800859
2096,15525.82040501711
2097,15528.166896000736
2098,15528.166896000736
2099,15530.179827772443
2100,15530.179827772443
2101,15530.179827772443
2102,15530.179827772443
2103,15530.179827772443
2104,15530.179827772443
2105,15530.179827772443
2106,15530.179827772443
2107,15530.179827772443
2108,15530.179827772443
2109,15530.179827772443
2110,15560.231726378175
2111,15560.231726378175
2112,15592.748400456388
2113,15608.350924348031
2114,15639.287057876138
2115,15655.303611510039
2116,15655.303611510039
2117,15655.303611510039
2118,15655.303611510039
2119,15655.303611510039
2120,15655.303611510039
2121,15655.303611510039
2122,15655.303611510039
2123,15655.303611510039
2124,15655.303611510039
2125,15655.303611510039
2126,15665.556537393051
2127,15665.556537393051
2128,15668.73499577834
2129,15668.73499577834
2130,15677.526846438233
2131,15686.553793894293
2132,15686.553793894293
2133,15686.553793894293
2134,15690.750893886205
2135,15719.22988513874
2136,15722.343720342904
2137,15744.316010863213
2138,15777.734399532525
2139,15799.266818330234
2140,15815.210579964141
2141,15827.666860869196
2142,15827.666860869196
2143,15838.94815694109
2144,15840.985508753061
2145,15840.985508753061
2146,15840.985508753061
2147,15840.985508753061
2148,15841.435508753062
2149,15841.435508753062
2150,15841.435508753062
2151,15841.435508753062
2152,15841.435508753062
2153,15845.296167274268
2154,15845.296167274268
2155,15850.714460218307
2156,15855.529840877916
2157,15855.529840877916
2158,15860.954172888836
2159,15862.669030833533
2160,15866.146522711122
2161,15869.828346919718
2162,15869.828346919718
2163,15869.828346919718
2164,15869.828346919718
2165,15869.828346919718
2166,15869.828346919718
2167,15869.828346919718
2168,15869.828346919718
2169,15869.828346919718
2170,15876.22801672019
2171,15876.22801672019
2172,15878.694713213426
2173,15886.832441686536
2174,15886.832441686536
2175,15886.832441686536
2176,15886.832441686536
2177,15886.832441686536
2178,15886.832441686536
2179,15886.832441686536
2180,15943.438802149401
2181,16028.36818792234
2182,16028.36818792234
2183,16110.962643876994
2184,16167.617270002802
2185,16167.617270002802
2186,16206.023254405784
2187,16206.023254405784
2188,16206.023254405784
2189,16223.609737536344
2190,16241.309612436287
2191,16251.928213020614
2192,16268.270266294567
2193,16275.168381755644
2194,16275.168381755644
2195,16276.068381755644
2196,16276.068381755644
2197,16276.068381755644
2198,16281.013295058332
2199,16281.013295058332
2200,16281.013295058332
2201,16288.919949769346
2202,16292.332625761566
2203,16292.332625761566
2204,16292.332625761566
2205,16295.606578740624
2206,16295.606578740624
2207,16298.380385700506
2208,16300.067736496496
2209,16300.067736496496
2210,16324.242253627042
2211,16334.97740328876
2212,16345.2425358878
2213,16350.223379469413
2214,16376.139906508166
2215,16388.49875227089
2216,16401.08842550154
2217,16401.08842550154
2218,16401.08842550154
2219,16401.08842550154
2220,16410.720492556105
2221,16426.76294500354
2222,16438.012818048584
2223,16445.059294162
2224,16459.634646524388
2225,16463.386313379273
2226,16472.15792597122
2227,16480.87848195093
2228,16486.340221496546
2229,16497.433085792163
2230,16503.66383505841
2231,16510.49441786932
2232,16512.382008351502
2233,16512.382008351502
2234,16514.912561817364
2235,16515.418697432262
2236,16515.418697432262
2237,16515.418697432262
2238,16515.418697432262
2239,16515.418697432262
2240,16515.418697432262
2241,16515.418697432262
2242,16515.418697432262
2243,16515.418697432262
2244,16532.30750302277
2245,16532.30750302277
2246,16532.30750302277
2247,16541.013872993284
2248,16559.71117446452
2249,16559.71117446452
2250,16572.894054302913
2251,16572.894054302913
2252,16572.894054302913
2253,16572.894054302913
2254,16604.98731217504
2255,16604.98731217504
2256,16604.98731217504
2257,16628.659611680472
2258,16666.692168527075
2259,16666.692168527075
2260,16680.829263368258
2261,16680.829263368258
2262,16690.45888404761
2263,16699.392859959862
2264,16699.392859959862
2265,16699.392859959862
2266,16699.392859959862
2267,16699.392859959862
2268,16699.392859959862
2269,16699.392859959862
2270,16699.392859959862
2271,16699.392859959862
2272,16703.718252436363
2273,16723.646559210905
2274,16735.76063726796
2275,16742.275894315142
2276,16749.508373774068
2277,16762.5894644138
2278,16769.351738715035
2279,16769.351738715035
2280,16770.762687886632
2281,16773.38623178515
2282,16779.767758984897
2283,16779.817758984896
2284,16779.817758984896
2285,16779.817758984896
2286,16779.817758984896
2287,16779.817758984896
2288,16809.50823149577
2289,16824.955655100905
2290,16842.363029820466
2291,16861.203022660564
2292,16879.207837561487
2293,16897.118154789532
2294,16897.867733935316
2295,16907.530639921482
2296,16913.50664326505
2297,16913.50664326505
2298,16913.50664326505
2299,16914.905256278114
2300,16914.905256278114
2301,16914.905256278114
2302,16914.905256278114
2303,16914.905256278114
2304,16914.905256278114
2305,16914.905256278114
2306,16943.095140098936
2307,16943.095140098936
2308,16961.424429664323
2309,16986.542538780013
2310,17000.503781301948
2311,17000.503781301948
2312,17009.61514524729
2313,17009.61514524729
2314,17023.296936226252
2315,17027.28704631122
2316,17046.71546229042
2317,17065.79634615747
2318,17077.211722102405
2319,17077.211722102405
2320,17093.440332572693
2321,17095.74642854278
2322,17101.559786023245
2323,17108.839409559198
2324,17114.162732675857
2325,17116.052224074712
2326,17116.052224074712
2327,17118.168031139798
2328,17118.168031139798
2329,17118.168031139798
2330,17118.168031139798
2331,17289.378264521187
2332,17443.57812729967
2333,17443.57812729967
2334,17443.57812729967
2335,17524.788976909495
2336,17669.899981942148
2337,17669.899981942148
2338,17755.402437874298
2339,17796.400261057457
2340,17916.77300167694
2341,17916.77300167694
2342,17940.664049797117
2343,17956.183799944305
2344,17981.51645342043
2345,17985.934431633345
2346,17996.85531693961
2347,18014.67662971898
2348,18021.21985716096
2349,18030.72235733088
2350,18030.72235733088
2351,18030.72235733088
2352,18030.72235733088
2353,18030.72235733088
2354,18030.72235733088
2355,18030.72235733088
2356,18030.72235733088
2357,18030.72235733088
2358,18030.72235733088
2359,18030.72235733088
2360,18076.15820247982
2361,18111.529369980504
2362,18111.529369980504
2363,18137.328657166592
2364,18163.72047544618
2365,18163.72047544618
2366,18189.531719583443
2367,18189.531719583443
2368,18189.531719583443
2369,18213.70794610479
2370,18213.70794610479
2371,18241.861958897654
2372,18273.273972833824
2373,18294.629710532627
2374,18317.950165536873
2375,18336.798672502322
2376,18347.202860279034
2377,18347.202860279034
2378,18362.05676081865
2379,18362.05676081865
2380,18375.394759621573
2381,18398.27055654071
2382,18401.699322409226
2383,18405.451616190934
2384,18405.451616190934
2385,18405.451616190934
2386,18416.043834604767
2387,18435.993318377386
2388,18458.279730290742
2389,18473.479683711837
2390,18484.240402735442
2391,18488.677804864994
2392,18494.67109146173
2393,18498.14259164167
2394,18498.14259164167
2395,18499.736340309428
2396,18499.736340309428
2397,18499.736340309428
2398,18499.736340309428
2399,18499.858065922246
2400,18499.858065922246
2401,18499.858065922246
2402,18499.858065922246
2403,18499.858065922246
2404,18533.98000143857
2405,18580.843513200747
2406,18605.356876031026
2407,18618.556841618
2408,18618.556841618
2409,18628.695992127312
2410,18628.695992127312
2411,18628.695992127312
2412,18628.695992127312
2413,18650.056818380443
2414,18671.715126723244
2415,18679.307529151785
2416,18693.11386419312
2417,18693.11386419312
2418,18706.648651320553
2419,18720.33815694612
2420,18733.421443671858
2421,18745.99791427786
2422,18755.75740957105
2423,18767.686070586842
2424,18773.129092488576
2425,18773.129092488576
2426,18773.129092488576
2427,18773.129092488576
2428,18773.129092488576
2429,18773.129092488576
2430,18773.129092488576
2431,18892.30725051586
2432,19003.89742678328
2433,19110.01220500695
2434,19150.062007159133
2435,19211.87314214
2436,19309.84650707357
2437,19335.130135592688
2438,19335.130135592688
2439,19335.130135592688
2440,19335.130135592688
2441,19335.130135592688
2442,19335.130135592688
2443,19361.732781542585
2444,19373.323187863527
2445,19382.330602491173
2446,19396.518939695296
2447,19396.818939695295
2448,19396.818939695295
2449,19396.818939695295
2450,19410.944052175044
2451,19410.944052175044
2452,19425.347756226696
2453,19444.925199028658
2454,19444.925199028658
2455,19444.925199028658
2456,19454.278645898463
2457,19471.891882153366
2458,19471.891882153366
2459,19489.85448170446
2460,19501.03454780084
2461,19501.03454780084
2462,19505.03263388931
2463,19505.03263388931
2464,19514.07337359928
2465,19514.07337359928
2466,19524.25027825923
2467,19536.81234559695
2468,19539.472400258477
2469,19539.472400258477
2470,19539.472400258477
2471,19539.472400258477
2472,19539.472400258477
2473,19539.472400258477
2474,19539.472400258477
2475,19564.907259880038
2476,19619.658384210496
2477,19654.304461930107
2478,19712.32191986863
2479,19712.32191986863
2480,19723.188725849104
2481,19723.188725849104
2482,19726.47026812697
2483,19726.47026812697
2484,19726.47026812697
2485,19726.47026812697
2486,19726.47026812697
2487,19726.47026812697
2488,19726.47026812697
2489,19726.47026812697
2490,19726.47026812697
2491,19751.498288574458
2492,19771.096183480804
2493,19774.741976413665
2494,19788.534859307787
2495,19788.534859307787
2496,19792.224064086105
2497,19792.224064086105
2498,19792.224064086105
2499,19792.224064086105
2500,19792.224064086105
2501,19807.803279640564
2502,19807.803279640564
2503,19823.989725055446
2504,19838.734466325597
2505,19852.630010744087
2506,19861.769323867724
2507,19868.059462640722
2508,19871.555292699562
2509,19873.478627489585
2510,19873.478627489585
2511,19873.703627489584
2512,19873.703627489584
2513,19873.703627489584
2514,19873.703627489584
2515,19873.703627489584
2516,19873.703627489584
2517,19873.703627489584
2518,19873.703627489584
2519,19873.703627489584
2520,19873.703627489584
2521,19873.703627489584
2522,19873.703627489584
2523,19873.703627489584
2524,19888.38304929903
2525,19899.719471103275
2526,19914.973299144123
2527,19925.625270376495
2528,19939.708925890583
2529,19946.814975270958
2530,19946.814975270958
2531,19948.228357880984
2532,19948.228357880984
2533,19949.228357880984
2534,19949.228357880984
2535,19949.228357880984
2536,19984.445001751985
2537,20020.16628646739
2538,20050.358452068118
2539,20068.245884843633
2540,20097.167640521573
2541,20097.167640521573
2542,20112.15199152102
2543,20112.15199152102
2544,20125.537624609788
2545,20125.537624609788
2546,20133.51830653369
2547,20134.764113961013
2548,20134.764113961013
2549,20134.764113961013
2550,20134.764113961013
2551,20134.764113961013
2552,20134.764113961013
2553,20146.079361167438
2554,20156.146349456583
2555,20174.64513201943
2556,20190.376001469973
2557,20204.68522547987
2558,20206.644825364223
2559,20207.244255447848
2560,20213.020099742378
2561,20213.020099742378
2562,20213.020099742378
2563,20213.020099742378
2564,20213.020099742378
2565,20213.020099742378
2566,20213.020099742378
2567,20213.020099742378
2568,20223.253010437274
2569,20223.253010437274
2570,20251.867273671396
2571,20251.867273671396
2572,20270.557674158696
2573,20277.289797248195
2574,20277.289797248195
2575,20292.80607087762
2576,20292.80607087762
2577,20292.80607087762
2578,20292.80607087762
2579,20436.46820946659
2580,20436.46820946659
2581,20544.59290343596
2582,20693.372376425195
2583,20786.85409437302
2584,20882.537721708562
2585,20882.537721708562
2586,20934.45397422573
2587,20986.581114388537
2588,21014.122401049885
2589,21014.122401049885
2590,21033.127389030222
2591,21049.43079508589
2592,21057.588071123348
2593,21057.588071123348
2594,21059.998674789575
2595,21068.139011694886
2596,21087.93527956229
2597,21109.02666233691
2598,21118.42278791549
2599,21130.469217900387
2600,21145.294542514228
2601,21161.272207813323
2602,21175.173702160508
2603,21186.462076097014
2604,21194.309083719312
2605,21194.309083719312
2606,21199.19559711594
2607,21208.82838375478
2608,21212.45286241932
2609,21212.45286241932
2610,21213.957190110803
2611,21213.957190110803
2612,21214.457190110803
2613,21214.457190110803
2614,21214.507190110802
2615,21214.507190110802
2616,21214.507190110802
2617,21214.507190110802
2618,21214.507190110802
2619,21214.507190110802
2620,21214.507190110802
2621,21245.00494489896
2622,21300.599648635027
2623,21329.85849863795
2624,21366.839541332065
2625,21376.32019929562
2626,21411.624457777278
2627,21417.330922315694
2628,21417.330922315694
2629,21439.26025903362
2630,21439.26025903362
2631,21477.956010337573
2632,21498.41170327084
2633,21517.61783007073
2634,21530.093958588142
2635,21530.093958588142
2636,21546.438617488853
2637,21565.878482706958
2638,21565.878482706958
2639,21565.878482706958
2640,21565.878482706958
2641,21579.458473014096
2642,21589.73766478941
2643,21595.266950271314
2644,21596.775977280784
2645,21602.116512378754
2646,21609.154878098536
2647,21609.154878098536
2648,21615.53057463321
2649,21615.53057463321
2650,21619.070709685464
2651,21619.070709685464
2652,21619.070709685464
2653,21619.770709685465
2654,21620.570709685464
2655,21620.570709685464
2656,21620.570709685464
2657,21620.570709685464
2658,21620.570709685464
2659,21620.570709685464
2660,21620.570709685464
2661,21620.570709685464
2662,21620.570709685464
2663,21620.570709685464
2664,21646.116903830138
2665,21662.211846505543
2666,21662.211846505543
2667,21680.66830306264
2668,21686.586796582615
2669,21697.97128484449
2670,21697.97128484449
2671,21697.97128484449
2672,21717.686320276942
2673,21732.72058715536
2674,21732.72058715536
2675,21742.90746146648
2676,21752.136981509404
2677,21752.136981509404
2678,21754.258656387734
2679,21754.258656387734
2680,21841.798168717687
2681,21841.798168717687
2682,21901.679756273534
2683,21901.679756273534
2684,21969.881227682774
2685,22025.279129907234
2686,22025.279129907234
2687,22066.49786010759
2688,22106.600698374346
2689,22106.600698374346
2690,22106.600698374346
2691,22120.836207983353
2692,22153.856940112048
2693,22165.04590664317
2694,22165.04590664317
2695,22165.04590664317
2696,22165.04590664317
2697,22165.04590664317
2698,22165.04590664317
2699,22193.664165071328
2700,22220.852484669278
2701,22244.69071347925
2702,22260.995570180203
2703,22260.995570180203
2704,22271.867483302532
2705,22283.942372125934
2706,22298.11552806128
2707,22302.335817050964
2708,22303.71556583734
2709,22309.611511303297
2710,22309.611511303297
2711,22309.611511303297
2712,22309.611511303297
2713,22309.611511303297
2714,22309.611511303297
2715,22337.685193149206
2716,22337.685193149206
2717,22358.460953115402
2718,22376.242142374602
2719,22390.973685302855
2720,22391.773685302855
2721,22407.63737959385
2722,22407.63737959385
2723,22407.63737959385
2724,22407.63737959385
2725,22407.63737959385
2726,22407.63737959385
2727,22407.63737959385
2728,22407.63737959385
2729,22407.63737959385
2730,22407.63737959385
2731,22407.63737959385
2732,22503.246125637666
2733,22584.585563180874
2734,22584.585563180874
2735,22624.687114363245
2736,22644.381292520306
2737,22644.381292520306
2738,22668.91448942044
2739,22678.087517577667
2740,22687.86162857366
2741,22687.86162857366
2742,22687.86162857366
2743,22687.86162857366
2744,22687.86162857366
2745,22687.86162857366
2746,22687.86162857366
2747,22687.86162857366
2748,22695.096119939448
2749,22695.096119939448
2750,22703.476051607107
2751,22731.68916525983
2752,22745.807784068948
2753,22752.470820981114
2754,22758.98886928502
2755,22758.98886928502
2756,22763.130398004178
2757,22765.321352779523
2758,22765.321352779523
2759,22765.321352779523
2760,22767.6627133275
2761,22769.558961068822
2762,22769.558961068822
2763,22769.558961068822
2764,22769.558961068822
2765,22786.47126845764
2766,22815.77111679996
2767,22816.46403382575
2768,22828.12793896113
2769,22843.132411779858
2770,22852.248343646286
2771,22858.180526857857
2772,22868.56440967081
2773,22879.272869456436
2774,22884.447693234193
2775,22889.060262279418
2776,22889.060262279418
2777,22889.060262279418
2778,22889.060262279418
2779,22889.060262279418
2780,22889.060262279418
2781,22889.060262279418
2782,22889.060262279418
2783,22962.85174825235
2784,22962.85174825235
2785,23010.944951418023
2786,23054.33763650984
2787,23054.33763650984
2788,23054.33763650984
2789,23087.848832728956
2790,23121.191140537718
2791,23121.191140537718
2792,23148.818638968856
2793,23165.806924605957
2794,23178.68745750771
2795,23190.333766986972
2796,23206.39071100103
2797,23213.590747233637
2798,23213.590747233637
2799,23223.15436605833
2800,23225.06913436108
2801,23232.05988505752
2802,23234.892485571534
2803,23235.989943490888
2804,23235.989943490888
2805,23235.989943490888
2806,23235.989943490888
2807,23235.989943490888
2808,23235.989943490888
2809,23235.989943490888
2810,23256.22659431811
2811,23273.999265892573
2812,23289.51490498593
2813,23300.054310855936
2814,23310.369634497038
2815,23310.369634497038
2816,23310.369634497038
2817,23318.573051851887
2818,23318.573051851887
2819,23318.573051851887
2820,23318.573051851887
2821,23318.573051851887
2822,23318.573051851887
2823,23318.573051851887
2824,23318.573051851887
2825,23318.573051851887
2826,23318.573051851887
2827,23354.97590583908
2828,23379.87501757663
2829,23409.45928266738
2830,23409.45928266738
2831,23409.45928266738
2832,23409.45928266738
2833,23412.113564231477
2834,23412.113564231477
2835,23412.113564231477
2836,23412.113564231477
2837,23433.5942693197
2838,23455.326258881127
2839,23477.042481431887
2840,23488.66892507084
2841,23496.743884646025
2842,23498.705168275657
2843,23506.063787061026
2844,23506.063787061026
2845,23515.972364774767
2846,23515.972364774767
2847,23515.972364774767
2848,23515.972364774767
2849,23515.972364774767
2850,23515.972364774767
2851,23515.972364774767
2852,23515.972364774767
2853,23564.656540811146
2854,23634.390606178586
2855,23634.390606178586
2856,23634.390606178586
2857,23634.390606178586
2858,23679.14491332647
2859,23716.918841637133
2860,23770.452331280812
2861,23824.21586559482
2862,23824.21586559482
2863,23831.428414204118
2864,23835.51814522236
2865,23840.167350980515
2866,23842.849845156386
2867,23846.89832244082
2868,23847.09832244082
2869,23847.09832244082
2870,23847.93611027445
2871,23850.006934854297
2872,23850.006934854297
2873,23851.482777045807
2874,23851.482777045807
2875,23851.482777045807
2876,23852.540024593254
2877,23852.540024593254
2878,23852.540024593254
2879,23852.540024593254
2880,23852.540024593254
2881,23852.540024593254
2882,23876.010315012743
2883,23919.758435535306
2884,23957.17525088605
2885,24000.67433882534
2886,24009.865719180194
2887,24029.441240520257
2888,24038.618114677167
2889,24038.618114677167
2890,24046.15185931725
2891,24046.15185931725
2892,24046.15185931725
2893,24046.15185931725
2894,24046.15185931725
2895,24046.15185931725
2896,24046.15185931725
2897,24046.15185931725
2898,24075.134235452326
2899,24118.402560178696
2900,24118.402560178696
2901,24173.10767930705
2902,24173.10767930705
2903,24210.205217255527
2904,24210.205217255527
2905,24210.205217255527
2906,24225.012296488487
2907,24239.71054127328
2908,24239.71054127328
2909,24241.584919763794
2910,24256.768615046938
2911,24256.768615046938
2912,24256.768615046938
2913,24256.768615046938
2914,24256.768615046938
2915,24256.768615046938
2916,24286.84499517141
2917,24310.951308151078
2918,24335.627914912875
2919,24357.233122917776
2920,24361.36074983959
2921,24371.40573731897
2922,24380.294424839067
2923,24388.17311062812
2924,24400.51153582973
2925,24400.51153582973
2926,24414.78793215763
2927,24419.89830047169
2928,24421.237964343523
2929,24430.293624498903
2930,24441.97851141124
2931,24441.97851141124
2932,24441.97851141124
2933,24441.97851141124
2934,24441.97851141124
2935,24441.97851141124
2936,24441.97851141124
2937,24474.771007685747
2938,24474.771007685747
2939,24499.60939417739
2940,24536.512350924608
2941,24559.533734390905
2942,24574.940218633543
2943,24580.95238374444
2944,24599.917580647492
2945,24605.00012901853
2946,24623.4319874687
2947,24623.4319874687
2948,24623.4319874687
2949,24673.39547428047
2950,24771.608747052403
2951,24836.31666418689
2952,24877.74718828525
2953,24951.780658710355
2954,25026.11651640418
2955,25080.00830789052
2956,25149.927192144478
2957,25149.927192144478
2958,25185.330699142818
2959,25185.330699142818
2960,25234.619309449616
2961,25234.619309449616
2962,25249.649870091213
2963,25249.649870091213
2964,25249.649870091213
2965,25249.649870091213
2966,25249.649870091213
2967,25259.505505351026
2968,25259.505505351026
2969,25268.079531277646
2970,25268.079531277646
2971,25273.648777411534
2972,25273.648777411534
2973,25273.648777411534
2974,25273.648777411534
2975,25273.648777411534
2976,25273.648777411534
2977,25287.784075519445
2978,25287.784075519445
2979,25295.8619076778
2980,25302.855627343008
2981,25302.855627343008
2982,25302.855627343008
2983,25302.855627343008
2984,25302.855627343008
2985,25302.855627343008
2986,25302.855627343008
2987,25302.855627343008
2988,25302.855627343008
2989,25302.855627343008
2990,25302.855627343008
2991,25302.855627343008
2992,25302.855627343008
2993,25390.179648765865
2994,25390.179648765865
2995,25467.88277783095
2996,25467.88277783095
2997,25467.88277783095
2998,25467.88277783095
2999,25523.47295044144
3000,25523.47295044144
3001,25523.47295044144
3002,25538.391648531953
3003,25538.391648531953
3004,25550.116466202242
3005,25567.761450793238
3006,25577.57814527713
3007,25578.70379456131
3008,25581.776883640217
3009,25581.976883640218
3010,25581.976883640218
3011,25584.977203299957
3012,25590.170716699307
3013,25591.980475573637
3014,25591.980475573637
3015,25591.980475573637
3016,25591.980475573637
3017,25591.980475573637
3018,25591.980475573637
3019,25591.980475573637
3020,25591.980475573637
3021,25606.904703244934
3022,25622.377701259935
3023,25631.731971817753
3024,25645.276018843157
3025,25647.345377597965
3026,25647.345377597965
3027,25647.345377597965
3028,25647.345377597965
3029,25647.345377597965
3030,25720.298727975467
3031,25720.298727975467
3032,25771.236633785404
3033,25771.236633785404
3034,25799.513233869766
3035,25812.494186533648
3036,25812.494186533648
3037,25814.991822008946
3038,25814.991822008946
3039,25814.991822008946
3040,25814.991822008946
3041,25814.991822008946
3042,25814.991822008946
3043,25814.991822008946
3044,25814.991822008946
3045,25814.991822008946
3046,25814.991822008946
3047,25814.991822008946
3048,25820.329289768328
3049,25830.546784494178
3050,25844.248242170153
3051,25847.69069768915
3052,25859.216005188697
3053,25861.61881524873
3054,25861.61881524873
3055,25861.61881524873
3056,25882.92406343173
3057,25882.92406343173
3058,25893.833745330543
3059,25904.409781129114
3060,25919.536772543106
3061,25919.536772543106
3062,25919.536772543106
3063,25919.536772543106
3064,25919.536772543106
3065,25919.536772543106
3066,25919.536772543106
3067,25919.536772543106
3068,25955.844247059358
3069,25987.426100205845
3070,26017.408107395466
3071,26017.408107395466
3072,26047.439864842345
3073,26047.439864842345
3074,26047.439864842345
3075,26047.439864842345
3076,26047.439864842345
3077,26047.439864842345
3078,26047.439864842345
3079,26047.439864842345
3080,26047.439864842345
3081,26047.439864842345
3082,26047.439864842345
3083,26067.96541670979
3084,26067.96541670979
3085,26088.101555264027
3086,26096.47675415124
3087,26102.888770635833
3088,26102.888770635833
3089,26102.888770635833
3090,26102.888770635833
3091,26102.888770635833
3092,26102.888770635833
3093,26102.888770635833
3094,26102.888770635833
3095,26114.501034458
3096,26131.654174281462
3097,26143.863419111036
3098,26156.18527889378
3099,26156.18527889378
3100,26156.18527889378
3101,26156.18527889378
3102,26156.18527889378
3103,26156.18527889378
3104,26158.428630938117
3105,26161.49631498458
3106,26167.976070111574
3107,26168.476070111574
3108,26168.476070111574
3109,26168.476070111574
3110,26168.476070111574
3111,26168.476070111574
3112,26168.476070111574
3113,26168.476070111574
3114,26168.476070111574
3115,26168.476070111574
3116,26168.476070111574
3117,26168.476070111574
3118,26168.476070111574
3119,26168.476070111574
3120,26168.476070111574
3121,26168.476070111574
3122,26168.476070111574
3123,26227.057309862063
3124,26227.057309862063
3125,26287.641751287058
3126,26287.641751287058
3127,26294.409943540653
3128,26294.409943540653
3129,26294.409943540653
3130,26312.86617279149
3131,26327.988941518848
3132,26335.086190551054
3133,26335.086190551054
3134,26335.086190551054
3135,26335.562019236862
3136,26335.562019236862
3137,26335.562019236862
3138,26335.562019236862
3139,26335.562019236862
3140,26335.562019236862
3141,26335.562019236862
3142,26335.562019236862
3143,26335.562019236862
3144,26335.562019236862
3145,26335.562019236862
3146,26335.562019236862
3147,26345.83825276024
3148,26345.83825276024
3149,26355.189239492123
3150,26358.54984355763
3151,26366.25990808403
3152,26366.25990808403
3153,26371.940703473363
3154,26371.940703473363
3155,26371.940703473363
3156,26371.940703473363
3157,26371.940703473363
3158,26426.750320126994
3159,26426.750320126994
3160,26493.04265875493
3161,26513.08146518356
3162,26513.08146518356
3163,26545.296532835135
3164,26545.296532835135
3165,26545.296532835135
3166,26545.296532835135
3167,26545.296532835135
3168,26545.296532835135
3169,26550.150951713003
3170,26553.56459591627
3171,26553.56459591627
3172,26559.85417967827
3173,26559.85417967827
3174,26559.85417967827
3175,26559.85417967827
3176,26559.85417967827
3177,26559.85417967827
3178,26577.810241740797
3179,26577.810241740797
3180,26587.076155545994
3181,26595.22285782469
3182,26595.22285782469
3183,26601.927112810354
3184,26601.927112810354
3185,26609.776743597962
3186,26609.776743597962
3187,26609.776743597962
3188,26609.776743597962
3189,26609.776743597962
3190,26609.776743597962
3191,26609.776743597962
3192,26609.776743597962
3193,26609.776743597962
3194,26620.393975403775
3195,26623.72546433468
3196,26623.72546433468
3197,26626.216274540482
3198,26626.216274540482
3199,26626.216274540482
3200,26626.216274540482
3201,26626.216274540482
3202,26626.216274540482
3203,26626.216274540482
3204,26626.216274540482
3205,26691.232154729358
3206,26746.907793143997
3207,26746.907793143997
3208,26758.535742331587
3209,26758.535742331587
3210,26758.535742331587
3211,26758.535742331587
3212,26758.535742331587
3213,26758.535742331587
3214,26758.535742331587
3215,26760.759166230015
3216,26764.895233711693
3217,26766.187353685593
3218,26769.227222469035
3219,26772.10999791295
3220,26772.10999791295
3221,26772.10999791295
3222,26772.10999791295
3223,26779.386179064546
3224,26779.386179064546
3225,26785.70256962486
3226,26796.304519132278
3227,26796.304519132278
3228,26797.262551361062
3229,26797.262551361062
3230,26797.262551361062
3231,26797.262551361062
3232,26797.262551361062
3233,26797.262551361062
3234,26797.262551361062
3235,26797.262551361062
3236,26848.7687551031
3237,26848.7687551031
3238,26908.29695993296
3239,26948.82400676983
3240,26948.82400676983
3241,26948.82400676983
3242,26948.82400676983
3243,26948.82400676983
3244,26953.94350901823
3245,26953.94350901823
3246,26965.189942132005
3247,26971.99164632729
3248,26971.99164632729
3249,26971.99164632729
3250,26980.589037263057
3251,26980.589037263057
3252,26982.683631549564
3253,26982.683631549564
3254,26982.683631549564
3255,26998.687708188918
3256,26998.687708188918
3257,27008.911542925256
3258,27016.498651126592
3259,27016.498651126592
3260,27016.498651126592
3261,27018.39255464206
3262,27018.39255464206
3263,27018.39255464206
3264,27018.39255464206
3265,27018.39255464206
3266,27018.39255464206
3267,27033.60067615138
3268,27038.43029849308
3269,27038.43029849308
3270,27038.43029849308
3271,27038.43029849308
3272,27038.43029849308
3273,27038.43029849308
3274,27038.43029849308
3275,27038.43029849308
3276,27046.2725883627
3277,27056.559047829553
3278,27056.559047829553
3279,27056.559047829553
3280,27065.77178831698
3281,27065.77178831698
3282,27070.47707632232
3283,27070.47707632232
3284,27070.47707632232
3285,27083.574708215205
3286,27099.4657490833
3287,27103.819211577178
3288,27103.819211577178
3289,27103.819211577178
3290,27103.819211577178
3291,27103.819211577178
3292,27103.819211577178
3293,27103.819211577178
3294,27103.819211577178
3295,27109.312931583867
3296,27110.260528575705
3297,27115.14493583412
3298,27115.14493583412
3299,27115.14493583412
3300,27115.14493583412
3301,27115.14493583412
3302,27115.14493583412
3303,27115.14493583412
3304,27115.14493583412
3305,27139.45128834886
3306,27157.97069449785
3307,27196.96301193108
3308,27196.96301193108
3309,27196.96301193108
3310,27203.332844156717
3311,27203.332844156717
3312,27203.332844156717
3313,27203.332844156717
3314,27203.332844156717
3315,27236.417538510093
3316,27236.417538510093
3317,27236.417538510093
3318,27251.457777398555
3319,27251.457777398555
3320,27251.457777398555
3321,27251.457777398555
3322,27251.457777398555
3323,27251.457777398555
3324,27251.457777398555
3325,27251.457777398555
3326,27261.562198084255
3327,27278.847950727948
3328,27278.847950727948
3329,27278.847950727948
3330,27280.75944787066
3331,27280.75944787066
3332,27280.75944787066
3333,27280.75944787066
3334,27280.75944787066
3335,27280.75944787066
3336,27280.75944787066
3337,27293.530935668903
3338,27300.31606632923
3339,27300.31606632923
3340,27300.31606632923
3341,27300.31606632923
3342,27300.31606632923
3343,27300.31606632923
3344,27300.31606632923
3345,27300.31606632923
3346,27300.31606632923
3347,27300.31606632923
3348,27300.31606632923
3349,27300.31606632923
3350,27300.31606632923
3351,27300.31606632923
3352,27300.31606632923
3353,27300.31606632923
3354,27303.34124872722
3355,27303.34124872722
3356,27306.241981006136
3357,27306.241981006136
3358,27306.241981006136
3359,27306.241981006136
3360,27306.241981006136
3361,27306.241981006136
3362,27306.241981006136
3363,27308.96959053175
3364,27308.96959053175
3365,27308.96959053175
3366,27308.96959053175
3367,27308.96959053175
3368,27308.96959053175
3369,27308.96959053175
3370,27308.96959053175
3371,27308.96959053175
3372,27351.697200415823
3373,27351.697200415823
3374,27351.697200415823
3375,27351.697200415823
3376,27376.9261253208
3377,27376.9261253208
3378,27376.9261253208
3379,27376.9261253208
3380,27376.9261253208
3381,27376.9261253208
3382,27376.9261253208
3383,27382.01560942754
3384,27382.01560942754
3385,27384.581350268323
3386,27384.581350268323
3387,27384.581350268323
3388,27384.581350268323
3389,27384.581350268323
3390,27384.581350268323
3391,27391.12278528824
3392,27399.256698390916
3393,27399.256698390916
3394,27403.81702959007
3395,27403.81702959007
3396,27403.81702959007
3397,27403.81702959007
3398,27403.81702959007
3399,27403.81702959007
3400,27403.81702959007
3401,27403.81702959007
3402,27409.235577985586
3403,27416.36790259109
3404,27422.67253144033
3405,27422.67253144033
3406,27422.67253144033
3407,27422.67253144033
3408,27422.67253144033
3409,27422.67253144033
3410,27422.67253144033
3411,27422.67253144033
3412,27455.35939769785
3413,27526.481881945554
3414,27526.481881945554
3415,27531.509553281026
3416,27531.509553281026
3417,27531.509553281026
3418,27531.509553281026
3419,27531.509553281026
3420,27531.509553281026
3421,27531.509553281026
3422,27531.509553281026
3423,27535.918791611486
3424,27535.918791611486
3425,27535.918791611486
3426,27535.918791611486
3427,27535.918791611486
3428,27535.918791611486
3429,27535.918791611486
3430,27535.918791611486
3431,27535.918791611486
3432,27541.947667470504
3433,27541.947667470504
3434,27567.637369229604
3435,27567.637369229604
3436,27567.637369229604
3437,27567.637369229604
3438,27567.637369229604
3439,27567.637369229604
3440,27567.637369229604
3441,27573.11770629432
3442,27573.11770629432
3443,27579.426266742765
3444,27579.426266742765
3445,27579.426266742765
3446,27579.426266742765
3447,27579.426266742765
3448,27579.426266742765
3449,27579.426266742765
3450,27579.426266742765
3451,27579.426266742765
3452,27586.51435425983
3453,27589.37954384917
3454,27589.37954384917
3455,27589.37954384917
3456,27589.37954384917
3457,27589.37954384917
3458,27589.37954384917
3459,27589.37954384917
3460,27589.37954384917
3461,27589.37954384917
3462,27589.37954384917
3463,27594.401915998533
3464,27594.401915998533
3465,27598.621542917812
3466,27598.621542917812
3467,27598.621542917812
3468,27598.621542917812
3469,27598.621542917812
3470,27598.621542917812
3471,27598.621542917812
3472,27598.621542917812
3473,27623.509499293617
3474,27623.509499293617
3475,27623.509499293617
3476,27623.509499293617
3477,27623.509499293617
3478,27623.509499293617
3479,27623.509499293617
3480,27623.509499293617
3481,27623.509499293617
3482,27661.602247690622
3483,27661.602247690622
3484,27661.602247690622
3485,27661.602247690622
3486,27661.602247690622
3487,27661.602247690622
3488,27661.602247690622
3489,27661.602247690622
3490,27661.602247690622
3491,27674.211672156427
3492,27674.211672156427
3493,27674.211672156427
3494,27674.211672156427
3495,27674.211672156427
3496,27674.211672156427
3497,27674.211672156427
3498,27674.211672156427
3499,27674.211672156427
3500,27674.211672156427
3501,27674.211672156427
3502,27674.211672156427
3503,27674.211672156427
3504,27677.792145226522
3505,27681.498377826698
3506,27681.498377826698
3507,27681.498377826698
3508,27681.498377826698
3509,27681.498377826698
3510,27681.498377826698
3511,27681.498377826698
3512,27681.498377826698
3513,27681.498377826698
3514,27681.498377826698
3515,27681.498377826698
3516,27681.498377826698
3517,27681.498377826698
3518,27681.498377826698
3519,27681.498377826698
3520,27681.498377826698
3521,27681.498377826698
3522,27681.498377826698
3523,27681.498377826698
3524,27681.498377826698
3525,27685.623698907857
3526,27685.623698907857
3527,27685.623698907857
3528,27685.623698907857
3529,27685.623698907857
3530,27685.623698907857
3531,27685.623698907857
3532,27685.623698907857
3533,27685.623698907857
3534,27690.61249311919
3535,27690.61249311919
3536,27690.61249311919
3537,27690.61249311919
3538,27690.61249311919
3539,27690.61249311919
3540,27690.61249311919
3541,27690.61249311919
3542,27690.61249311919
3543,27693.902256334684
3544,27693.902256334684
3545,27693.902256334684
3546,27693.902256334684
3547,27693.902256334684
3548,27693.902256334684
3549,27693.902256334684
3550,27693.902256334684
3551,27693.902256334684
3552,27693.902256334684
3553,27698.55949391272
3554,27700.49320840463
3555,27700.49320840463
3556,27700.49320840463
3557,27700.49320840463
3558,27700.49320840463
3559,27700.49320840463
3560,27700.49320840463
3561,27700.49320840463
3562,27700.49320840463
3563,27704.583094796628
3564,27704.583094796628
3565,27704.583094796628
3566,27704.583094796628
3567,27704.583094796628
3568,27704.583094796628
3569,27704.583094796628
3570,27704.583094796628
3571,27704.583094796628
3572,27704.611956942153
3573,27704.611956942153
3574,27739.115903831495
3575,27757.532882121628
3576,27757.532882121628
3577,27757.532882121628
3578,27757.532882121628
3579,27757.532882121628
3580,27757.532882121628
3581,27757.532882121628
3582,27763.485678761404
3583,27763.485678761404
3584,27768.915190237523
3585,27768.915190237523
3586,27769.415190237523
3587,27769.415190237523
3588,27769.415190237523
3589,27769.415190237523
3590,27769.415190237523
3591,27769.415190237523
3592,27769.415190237523
3593,27769.415190237523
3594,27769.415190237523
3595,27769.415190237523
3596,27769.415190237523
3597,27769.415190237523
3598,27785.210356124593
