Time,Junction 4 delay
0,0.0
1,0.0
2,0.0
3,0.0
4,0.0
5,0.0
6,0.0
7,0.0
8,0.0
9,0.0
10,0.0
11,0.0
12,0.0
13,0.0
14,0.0
15,0.0
16,0.0
17,0.0
18,0.0
19,0.0
20,0.0
21,0.0
22,0.0
23,0.0
24,0.0
25,0.0
26,0.0
27,0.0
28,0.0
29,0.0
30,0.0
31,0.0
32,0.0
33,0.0
34,0.0
35,0.0
36,0.0
37,0.0
38,0.0
39,0.0
40,0.0
41,0.0
42,0.0
43,0.0
44,0.0
45,0.0
46,0.0
47,0.0
48,0.0
49,0.0
50,0.0
51,0.0
52,0.0
53,0.0
54,0.0
55,0.0
56,0.0
57,0.0
58,0.0
59,0.0
60,0.0
61,0.0
62,0.0
63,0.0
64,0.18004706556522834
65,0.18004706556522834
66,0.18004706556522834
67,0.18004706556522834
68,0.18004706556522834
69,0.18004706556522834
70,0.18004706556522834
71,10.729665935880448
72,10.729665935880448
73,10.729665935880448
74,25.48970021504477
75,31.27313176930835
76,31.27313176930835
77,31.27313176930835
78,31.27313176930835
79,31.27313176930835
80,31.27313176930835
81,31.27313176930835
82,31.27313176930835
83,31.27313176930835
84,31.27313176930835
85,31.27313176930835
86,31.27313176930835
87,31.27313176930835
88,31.27313176930835
89,31.27313176930835
90,31.27313176930835
91,31.27313176930835
92,31.27313176930835
93,31.27313176930835
94,31.27313176930835
95,31.27313176930835
96,31.27313176930835
97,31.27313176930835
98,31.27313176930835
99,31.27313176930835
100,31.27313176930835
101,31.27313176930835
102,31.27313176930835
103,31.27313176930835
104,45.171206742416146
105,53.97912344405935
106,53.97912344405935
107,53.97912344405935
108,53.97912344405935
109,53.97912344405935
110,53.97912344405935
111,53.97912344405935
112,53.97912344405935
113,53.97912344405935
114,53.97912344405935
115,53.97912344405935
116,53.97912344405935
117,53.97912344405935
118,67.00095372425291
119,67.00095372425291
120,67.00095372425291
121,67.00095372425291
122,67.00095372425291
123,67.00095372425291
124,67.00095372425291
125,67.00095372425291
126,67.00095372425291
127,67.00095372425291
128,67.00095372425291
129,67.00095372425291
130,67.00095372425291
131,67.00095372425291
132,67.00095372425291
133,77.52430000273256
134,77.52430000273256
135,77.52430000273256
136,77.52430000273256
137,77.52430000273256
138,77.52430000273256
139,77.52430000273256
140,77.52430000273256
141,77.52430000273256
142,107.69243875316273
143,107.69243875316273
144,107.69243875316273
145,107.69243875316273
146,107.69243875316273
147,107.69243875316273
148,107.69243875316273
149,107.69243875316273
150,107.69243875316273
151,107.69243875316273
152,107.69243875316273
153,107.69243875316273
154,107.69243875316273
155,107.69243875316273
156,107.69243875316273
157,122.05817111641821
158,122.05817111641821
159,122.05817111641821
160,122.05817111641821
161,122.05817111641821
162,130.80299405651462
163,130.80299405651462
164,141.36715613687323
165,159.87308475335792
166,159.87308475335792
167,160.4147995035037
168,173.26548408696735
169,173.26548408696735
170,173.26548408696735
171,173.26548408696735
172,173.26548408696735
173,173.26548408696735
174,173.26548408696735
175,173.26548408696735
176,173.26548408696735
177,180.11607948884688
178,180.11607948884688
179,180.11607948884688
180,180.11607948884688
181,180.11607948884688
182,180.11607948884688
183,195.9135482854654
184,195.9135482854654
185,195.9135482854654
186,195.9135482854654
187,195.9135482854654
188,195.9135482854654
189,195.9135482854654
190,195.9135482854654
191,195.9135482854654
192,195.9135482854654
193,195.9135482854654
194,195.9135482854654
195,214.61747177953654
196,214.61747177953654
197,229.75986523732698
198,229.75986523732698
199,229.75986523732698
200,229.75986523732698
201,269.45658242563064
202,269.45658242563064
203,269.45658242563064
204,269.45658242563064
205,269.45658242563064
206,269.45658242563064
207,269.45658242563064
208,269.45658242563064
209,269.45658242563064
210,269.45658242563064
211,269.45658242563064
212,269.45658242563064
213,283.12614765941674
214,283.12614765941674
215,283.12614765941674
216,283.12614765941674
217,283.12614765941674
218,283.12614765941674
219,283.12614765941674
220,283.12614765941674
221,283.12614765941674
222,283.12614765941674
223,283.12614765941674
224,283.12614765941674
225,283.12614765941674
226,283.12614765941674
227,283.12614765941674
228,283.12614765941674
229,283.12614765941674
230,283.12614765941674
231,283.12614765941674
232,283.12614765941674
233,283.12614765941674
234,283.12614765941674
235,283.12614765941674
236,283.12614765941674
237,283.12614765941674
238,283.12614765941674
239,283.12614765941674
240,283.12614765941674
241,298.1559596920813
242,298.1559596920813
243,298.1559596920813
244,298.1559596920813
245,298.1559596920813
246,298.1559596920813
247,298.1559596920813
248,298.1559596920813
249,298.1559596920813
250,298.1559596920813
251,298.1559596920813
252,298.1559596920813
253,305.4265239690595
254,305.4265239690595
255,305.4265239690595
256,305.4265239690595
257,305.4265239690595
258,305.4265239690595
259,305.4265239690595
260,313.26960267719835
261,313.26960267719835
262,313.26960267719835
263,313.26960267719835
264,313.26960267719835
265,313.26960267719835
266,318.9657099720878
267,318.9657099720878
268,318.9657099720878
269,318.9657099720878
270,318.9657099720878
271,318.9657099720878
272,325.998231591518
273,325.998231591518
274,327.1221850231582
275,327.1221850231582
276,327.1221850231582
277,327.1221850231582
278,327.1221850231582
279,327.1221850231582
280,327.1221850231582
281,327.1221850231582
282,347.8700123129996
283,347.8700123129996
284,347.8700123129996
285,347.8700123129996
286,347.8700123129996
287,347.8700123129996
288,347.8700123129996
289,347.8700123129996
290,360.44639228488523
291,360.44639228488523
292,360.44639228488523
293,363.35793431238056
294,375.53251689717456
295,375.53251689717456
296,375.53251689717456
297,376.2503485279791
298,376.2503485279791
299,382.5447326449716
300,382.8713276736928
301,382.8713276736928
302,382.8713276736928
303,382.8713276736928
304,382.8713276736928
305,382.8713276736928
306,382.8713276736928
307,382.8713276736928
308,395.71602994034026
309,395.71602994034026
310,395.71602994034026
311,395.71602994034026
312,395.71602994034026
313,395.71602994034026
314,395.71602994034026
315,396.07855065214477
316,436.62120288961387
317,436.62120288961387
318,436.62120288961387
319,436.62120288961387
320,436.62120288961387
321,436.62120288961387
322,436.62120288961387
323,436.62120288961387
324,443.74577653579627
325,443.74577653579627
326,443.74577653579627
327,443.74577653579627
328,443.74577653579627
329,443.74577653579627
330,443.74577653579627
331,443.74577653579627
332,457.4227656188766
333,457.4227656188766
334,470.6787414369767
335,487.3361791006336
336,487.3361791006336
337,499.1022375516337
338,499.1022375516337
339,499.1022375516337
340,499.1022375516337
341,499.1022375516337
342,499.1022375516337
343,499.1022375516337
344,525.345636961604
345,544.2553459353431
346,560.4372993714234
347,560.4372993714234
348,574.3835065440003
349,574.3835065440003
350,574.3835065440003
351,584.2656265921465
352,590.2493748635573
353,605.6391289476434
354,605.6391289476434
355,605.6391289476434
356,605.6391289476434
357,605.6391289476434
358,616.6530752736631
359,616.6530752736631
360,616.6530752736631
361,616.6530752736631
362,616.6530752736631
363,616.6530752736631
364,616.6530752736631
365,616.6530752736631
366,616.6530752736631
367,616.6530752736631
368,616.6530752736631
369,616.6530752736631
370,616.6530752736631
371,616.6530752736631
372,616.6530752736631
373,616.6530752736631
374,616.6530752736631
375,616.6530752736631
376,616.6530752736631
377,616.6530752736631
378,616.6530752736631
379,616.6530752736631
380,647.3810503353444
381,647.3810503353444
382,647.3810503353444
383,647.3810503353444
384,647.3810503353444
385,653.0348965461772
386,664.3078553164759
387,664.3078553164759
388,664.3078553164759
389,664.3078553164759
390,664.3078553164759
391,664.3078553164759
392,664.3078553164759
393,664.3078553164759
394,664.3078553164759
395,664.3078553164759
396,664.3078553164759
397,664.3078553164759
398,664.3078553164759
399,664.3078553164759
400,664.3078553164759
401,664.3078553164759
402,664.3078553164759
403,664.3078553164759
404,664.3078553164759
405,664.3078553164759
406,664.3078553164759
407,664.3078553164759
408,664.3078553164759
409,664.3078553164759
410,664.3078553164759
411,679.5994790184047
412,679.5994790184047
413,679.5994790184047
414,694.5857336140613
415,694.5857336140613
416,694.5857336140613
417,694.5857336140613
418,694.5857336140613
419,694.7584018392205
420,694.7584018392205
421,694.7584018392205
422,694.7584018392205
423,694.7584018392205
424,694.7584018392205
425,694.7584018392205
426,694.7584018392205
427,694.7584018392205
428,694.7584018392205
429,694.7584018392205
430,694.7584018392205
431,694.7584018392205
432,702.8161343393422
433,702.8161343393422
434,702.8161343393422
435,702.8161343393422
436,702.8161343393422
437,703.3097122913294
438,703.3097122913294
439,713.1506084092472
440,713.1506084092472
441,713.1506084092472
442,713.1506084092472
443,713.1506084092472
444,723.7842023884425
445,723.7842023884425
446,723.7842023884425
447,723.7842023884425
448,723.7842023884425
449,723.7842023884425
450,723.7842023884425
451,723.7842023884425
452,734.124514965356
453,734.124514965356
454,734.124514965356
455,734.124514965356
456,737.1262563212954
457,741.9307007441583
458,741.9307007441583
459,741.9307007441583
460,741.9307007441583
461,741.9307007441583
462,741.9307007441583
463,741.9307007441583
464,741.9307007441583
465,756.7916188226283
466,756.7916188226283
467,767.0001760069514
468,807.4227220100129
469,814.5140512846916
470,814.5140512846916
471,814.5140512846916
472,814.5140512846916
473,814.5140512846916
474,825.6542132806995
475,825.6542132806995
476,825.6542132806995
477,825.6542132806995
478,825.6542132806995
479,835.2538144782468
480,835.2538144782468
481,841.8692790743917
482,848.4588033348746
483,856.0053742727279
484,859.6174464818429
485,870.5817233173673
486,870.5817233173673
487,870.5817233173673
488,870.5817233173673
489,870.5817233173673
490,870.5817233173673
491,870.5817233173673
492,870.5817233173673
493,886.3050304142455
494,886.3050304142455
495,886.3050304142455
496,886.3050304142455
497,886.3050304142455
498,886.3050304142455
499,901.0356526473452
500,901.0356526473452
501,921.9791489224494
502,921.9791489224494
503,921.9791489224494
504,921.9791489224494
505,921.9791489224494
506,926.7756596959193
507,939.4823216212146
508,939.4823216212146
509,939.4823216212146
510,952.1565022579523
511,952.1565022579523
512,952.1565022579523
513,996.0273704614029
514,996.0273704614029
515,996.0273704614029
516,996.0273704614029
517,996.0273704614029
518,996.0273704614029
519,996.0273704614029
520,996.0273704614029
521,996.0273704614029
522,996.0273704614029
523,996.0273704614029
524,996.0273704614029
525,996.0273704614029
526,1020.9653020841706
527,1020.9653020841706
528,1038.6654439228955
529,1038.6654439228955
530,1048.8023551135975
531,1059.052308109349
532,1059.052308109349
533,1059.052308109349
534,1059.052308109349
535,1059.052308109349
536,1059.052308109349
537,1059.052308109349
538,1059.052308109349
539,1059.052308109349
540,1059.052308109349
541,1059.052308109349
542,1059.052308109349
543,1059.052308109349
544,1059.052308109349
545,1091.480329230207
546,1091.480329230207
547,1110.9531705880897
548,1131.7019286632956
549,1131.7019286632956
550,1146.2323749612099
551,1161.8298958974856
552,1161.8298958974856
553,1161.8298958974856
554,1161.8298958974856
555,1161.8298958974856
556,1161.8298958974856
557,1161.8298958974856
558,1161.8298958974856
559,1161.8298958974856
560,1161.8298958974856
561,1181.0204809330737
562,1186.2912070111645
563,1186.2912070111645
564,1188.6478140061045
565,1188.6478140061045
566,1188.6478140061045
567,1188.6478140061045
568,1188.6478140061045
569,1188.6478140061045
570,1188.6478140061045
571,1188.6478140061045
572,1188.6478140061045
573,1218.9302712661486
574,1218.9302712661486
575,1218.9302712661486
576,1218.9302712661486
577,1224.2276774726752
578,1224.2276774726752
579,1233.5887160460318
580,1233.5887160460318
581,1233.5887160460318
582,1233.5887160460318
583,1233.5887160460318
584,1233.5887160460318
585,1233.5887160460318
586,1233.5887160460318
587,1246.133815551778
588,1262.027124615733
589,1262.027124615733
590,1280.0291866936209
591,1280.0291866936209
592,1280.0291866936209
593,1280.0291866936209
594,1292.376392580553
595,1292.376392580553
596,1300.2144574441038
597,1300.2144574441038
598,1300.2144574441038
599,1300.2144574441038
600,1300.2144574441038
601,1307.6642212873546
602,1307.6642212873546
603,1307.6642212873546
604,1307.6642212873546
605,1307.6642212873546
606,1307.6642212873546
607,1307.6642212873546
608,1307.6642212873546
609,1307.6642212873546
610,1352.2091451825556
611,1359.4503783322743
612,1359.4503783322743
613,1359.4503783322743
614,1366.5536033315666
615,1366.5536033315666
616,1366.5536033315666
617,1384.5291972268885
618,1399.2804049227784
619,1399.2804049227784
620,1399.2804049227784
621,1399.2804049227784
622,1399.2804049227784
623,1399.2804049227784
624,1399.2804049227784
625,1399.2804049227784
626,1399.2804049227784
627,1399.2804049227784
628,1410.861278726147
629,1446.6912254318088
630,1446.6912254318088
631,1446.6912254318088
632,1447.9278375681247
633,1447.9278375681247
634,1474.759090953802
635,1474.759090953802
636,1474.759090953802
637,1474.759090953802
638,1474.759090953802
639,1474.759090953802
640,1497.3530428195147
641,1505.120708525821
642,1507.153076810674
643,1507.153076810674
644,1507.153076810674
645,1507.153076810674
646,1507.153076810674
647,1507.153076810674
648,1507.153076810674
649,1507.153076810674
650,1507.153076810674
651,1507.153076810674
652,1507.153076810674
653,1507.153076810674
654,1507.153076810674
655,1507.153076810674
656,1507.153076810674
657,1507.153076810674
658,1507.153076810674
659,1507.153076810674
660,1507.153076810674
661,1507.153076810674
662,1507.153076810674
663,1507.153076810674
664,1507.153076810674
665,1507.153076810674
666,1518.221519543604
667,1518.221519543604
668,1518.221519543604
669,1529.5179873027764
670,1537.611315813468
671,1537.611315813468
672,1549.9604471669584
673,1549.9604471669584
674,1570.4926155381668
675,1570.4926155381668
676,1590.4566205727106
677,1590.4566205727106
678,1609.5308644212032
679,1609.5308644212032
680,1619.7106086474855
681,1635.647324913519
682,1635.647324913519
683,1646.5432095313602
684,1646.5432095313602
685,1646.5432095313602
686,1646.5432095313602
687,1646.5432095313602
688,1646.5432095313602
689,1646.5432095313602
690,1674.0610561494314
691,1694.8292781136445
692,1694.8292781136445
693,1694.8292781136445
694,1694.8292781136445
695,1694.8292781136445
696,1694.8292781136445
697,1694.8292781136445
698,1694.8292781136445
699,1717.9740339999926
700,1733.7942162015606
701,1740.0619820885936
702,1757.3616571974012
703,1757.3616571974012
704,1757.3616571974012
705,1768.8531989064165
706,1768.8531989064165
707,1768.8531989064165
708,1772.607431222238
709,1772.607431222238
710,1772.607431222238
711,1772.607431222238
712,1772.607431222238
713,1812.9819705356913
714,1812.9819705356913
715,1841.9256253860542
716,1841.9256253860542
717,1856.9528886309415
718,1856.9528886309415
719,1856.9528886309415
720,1856.9528886309415
721,1894.1970117719898
722,1894.1970117719898
723,1904.326626489147
724,1910.8399325012224
725,1919.8342857742477
726,1928.234643313153
727,1928.234643313153
728,1928.234643313153
729,1928.234643313153
730,1955.8942150477992
731,1955.8942150477992
732,1955.8942150477992
733,1955.8942150477992
734,1958.9111849043973
735,1958.9111849043973
736,1960.227411467386
737,1960.227411467386
738,1960.6317625285853
739,1960.6317625285853
740,1972.2572564602858
741,1972.2572564602858
742,1986.1813523324704
743,1986.1813523324704
744,1986.1813523324704
745,1998.890796441745
746,1998.890796441745
747,1998.890796441745
748,2011.2920884904877
749,2011.2920884904877
750,2011.2920884904877
751,2011.2920884904877
752,2025.4301610780105
753,2025.4301610780105
754,2037.737158261515
755,2052.1657880545763
756,2078.9057077902503
757,2094.365189920155
758,2134.845410837676
759,2134.845410837676
760,2143.221342030469
761,2143.221342030469
762,2143.221342030469
763,2143.221342030469
764,2143.221342030469
765,2143.221342030469
766,2143.221342030469
767,2186.747487125273
768,2236.339620251577
769,2236.339620251577
770,2236.339620251577
771,2236.339620251577
772,2236.339620251577
773,2260.458223540854
774,2260.458223540854
775,2262.073190266388
776,2276.7407347299504
777,2289.188629008528
778,2289.188629008528
779,2293.929670769245
780,2293.929670769245
781,2293.929670769245
782,2314.164642487604
783,2314.164642487604
784,2314.164642487604
785,2314.164642487604
786,2314.164642487604
787,2328.9518918592794
788,2336.3326451089183
789,2346.4780203022524
790,2356.696775483256
791,2370.013825356686
792,2372.7952891357486
793,2378.482469193004
794,2378.482469193004
795,2381.112481468226
796,2381.112481468226
797,2381.231142775162
798,2381.231142775162
799,2384.2083520704887
800,2385.8563486667404
801,2395.846877309926
802,2395.846877309926
803,2395.846877309926
804,2415.3873646441675
805,2416.100983123878
806,2416.100983123878
807,2416.100983123878
808,2434.7244990994077
809,2447.567712984566
810,2447.567712984566
811,2447.567712984566
812,2456.9369062545406
813,2469.8328498648016
814,2478.0577226173496
815,2478.0577226173496
816,2493.2527596981017
817,2494.1811564992086
818,2494.1811564992086
819,2494.1811564992086
820,2494.6828328690112
821,2494.6828328690112
822,2494.6828328690112
823,2494.6828328690112
824,2514.216044896083
825,2514.216044896083
826,2532.1705353231396
827,2532.1705353231396
828,2543.302270557354
829,2543.302270557354
830,2550.559845851322
831,2550.559845851322
832,2550.559845851322
833,2550.559845851322
834,2550.559845851322
835,2550.559845851322
836,2550.559845851322
837,2561.8327198928687
838,2561.8327198928687
839,2561.8327198928687
840,2561.8327198928687
841,2574.0558752101115
842,2588.455845867435
843,2599.9553171132848
844,2612.2089584165556
845,2622.4274957822217
846,2631.6659179941316
847,2631.6659179941316
848,2671.173169314253
849,2671.173169314253
850,2691.9288440627347
851,2708.464753478008
852,2708.464753478008
853,2714.9442278461424
854,2714.9442278461424
855,2745.8322659416044
856,2777.0510675923747
857,2802.018471401367
858,2880.804940736734
859,2900.86366649329
860,2918.036396813065
861,2918.036396813065
862,2918.036396813065
863,3007.0070184145216
864,3007.0070184145216
865,3007.0070184145216
866,3018.21424547056
867,3028.7773783444823
868,3028.7773783444823
869,3028.7773783444823
870,3034.633497590441
871,3050.827681723247
872,3062.663648119513
873,3080.744992186892
874,3092.756322680159
875,3106.4374953379056
876,3120.757188591158
877,3133.144427155433
878,3133.144427155433
879,3144.7150442409657
880,3145.266553413954
881,3145.266553413954
882,3146.266575805434
883,3147.122932611888
884,3147.122932611888
885,3163.184376087244
886,3183.408411081934
887,3189.497443847023
888,3189.497443847023
889,3189.497443847023
890,3189.497443847023
891,3218.066999266455
892,3237.574915574379
893,3237.574915574379
894,3237.574915574379
895,3237.574915574379
896,3237.574915574379
897,3285.7917853943495
898,3340.935312008747
899,3340.935312008747
900,3384.633606774571
901,3384.633606774571
902,3384.633606774571
903,3384.633606774571
904,3384.633606774571
905,3394.6859927876885
906,3394.6859927876885
907,3394.6859927876885
908,3394.6859927876885
909,3394.6859927876885
910,3394.6859927876885
911,3403.0256421501153
912,3413.8662092603026
913,3413.8662092603026
914,3413.8662092603026
915,3421.325784720082
916,3421.325784720082
917,3421.831067116389
918,3421.831067116389
919,3421.831067116389
920,3441.870477218105
921,3455.8964532663645
922,3462.8369136307288
923,3473.157524239495
924,3473.157524239495
925,3473.157524239495
926,3473.157524239495
927,3474.6820680488045
928,3474.6820680488045
929,3474.6820680488045
930,3474.6820680488045
931,3474.6820680488045
932,3474.6820680488045
933,3474.6820680488045
934,3498.7065508256023
935,3507.324860165604
936,3507.324860165604
937,3507.324860165604
938,3507.324860165604
939,3507.324860165604
940,3507.324860165604
941,3507.324860165604
942,3529.7871500117244
943,3539.2043883967194
944,3539.2043883967194
945,3539.2043883967194
946,3539.2043883967194
947,3539.2043883967194
948,3539.2043883967194
949,3595.9155071230775
950,3595.9155071230775
951,3635.7199652659756
952,3661.280122065832
953,3661.280122065832
954,3661.280122065832
955,3661.280122065832
956,3661.280122065832
957,3661.280122065832
958,3661.280122065832
959,3691.039789200215
960,3691.039789200215
961,3711.2607118129113
962,3711.2607118129113
963,3715.5460110091985
964,3725.938403320602
965,3725.938403320602
966,3726.684034132816
967,3752.453363171836
968,3777.33034688061
969,3801.4560232833837
970,3801.4560232833837
971,3801.4560232833837
972,3801.4560232833837
973,3801.4560232833837
974,3801.4560232833837
975,3819.661441758324
976,3846.1438656260425
977,3846.1438656260425
978,3860.0142725190913
979,3875.0668722906235
980,3883.889812092909
981,3887.022181236928
982,3887.022181236928
983,3890.1242261767293
984,3892.816943986301
985,3893.175573955517
986,3893.175573955517
987,3902.8612122081363
988,3903.1375578296534
989,3903.1375578296534
990,3903.1375578296534
991,3903.1375578296534
992,3914.479896411681
993,3914.479896411681
994,3914.479896411681
995,3914.479896411681
996,3914.479896411681
997,3914.479896411681
998,3914.479896411681
999,3949.826417449914
1000,3966.4085955904416
1001,4003.3876382542094
1002,4003.3876382542094
1003,4025.9729828235013
1004,4034.2713332096473
1005,4054.3055159956566
1006,4065.015991833016
1007,4072.531794746411
1008,4077.1846095879982
1009,4077.1846095879982
1010,4089.4080368846994
1011,4089.4080368846994
1012,4095.792974462435
1013,4096.601824286942
1014,4103.3848782046425
1015,4116.148036226213
1016,4130.20696213353
1017,4138.68099360092
1018,4139.734298214162
1019,4141.743997228574
1020,4141.743997228574
1021,4141.743997228574
1022,4141.743997228574
1023,4141.743997228574
1024,4158.019910847635
1025,4158.019910847635
1026,4201.391408173614
1027,4238.171291283703
1028,4238.744975827992
1029,4241.120583374986
1030,4241.120583374986
1031,4254.593249247581
1032,4279.2242497911
1033,4279.2242497911
1034,4281.775572089048
1035,4281.775572089048
1036,4289.181410323625
1037,4289.181410323625
1038,4291.917747884047
1039,4310.192740729514
1040,4310.192740729514
1041,4311.678869268163
1042,4311.678869268163
1043,4312.657255473643
1044,4313.596531706079
1045,4327.168189767351
1046,4344.338188259503
1047,4354.635100832218
1048,4354.635100832218
1049,4365.244316607713
1050,4365.244316607713
1051,4399.597483957507
1052,4399.597483957507
1053,4399.597483957507
1054,4399.597483957507
1055,4399.597483957507
1056,4400.485297129525
1057,4418.062912216749
1058,4418.062912216749
1059,4418.062912216749
1060,4418.062912216749
1061,4425.228162188582
1062,4425.228162188582
1063,4425.228162188582
1064,4436.197726971063
1065,4449.7451937138
1066,4462.818324888711
1067,4468.853210250475
1068,4473.910186719213
1069,4473.910186719213
1070,4473.910186719213
1071,4491.543762256485
1072,4518.06060334015
1073,4518.06060334015
1074,4523.3765049932545
1075,4523.3765049932545
1076,4533.204650629713
1077,4540.9450591289615
1078,4547.815004900499
1079,4561.154355661499
1080,4561.154355661499
1081,4577.580295050535
1082,4588.894823137664
1083,4593.476080806514
1084,4593.476080806514
1085,4593.476080806514
1086,4595.5965701217565
1087,4595.5965701217565
1088,4595.5965701217565
1089,4595.5965701217565
1090,4595.5965701217565
1091,4595.5965701217565
1092,4607.250639413235
1093,4623.7117434672955
1094,4639.862115662164
1095,4639.862115662164
1096,4654.388637611071
1097,4654.388637611071
1098,4654.388637611071
1099,4654.388637611071
1100,4656.752635603785
1101,4656.752635603785
1102,4697.806758261364
1103,4751.869707864997
1104,4751.869707864997
1105,4751.869707864997
1106,4754.817415395942
1107,4754.817415395942
1108,4754.817415395942
1109,4754.817415395942
1110,4776.188800200483
1111,4780.223194790688
1112,4793.083549113497
1113,4793.083549113497
1114,4793.083549113497
1115,4793.083549113497
1116,4807.439787762852
1117,4813.4230988595455
1118,4818.393360862212
1119,4823.061469010447
1120,4823.061469010447
1121,4823.061469010447
1122,4823.061469010447
1123,4840.050734591881
1124,4854.053149356848
1125,4872.213469616658
1126,4874.673766262126
1127,4875.814277994397
1128,4901.3761500891305
1129,4901.3761500891305
1130,4946.854593438748
1131,4946.854593438748
1132,4946.854593438748
1133,4946.854593438748
1134,4946.854593438748
1135,4946.854593438748
1136,4969.104644808975
1137,4970.854698908111
1138,4970.854698908111
1139,4976.545167876975
1140,4976.545167876975
1141,4976.545167876975
1142,4976.545167876975
1143,4980.532027556568
1144,4980.532027556568
1145,4995.613025154738
1146,4995.613025154738
1147,5005.272291040523
1148,5014.1057632899165
1149,5023.259587574874
1150,5025.499776360643
1151,5027.336047985568
1152,5039.083162438551
1153,5049.410451931405
1154,5075.045785097951
1155,5075.045785097951
1156,5084.484934714849
1157,5101.770454978404
1158,5108.145526173862
1159,5111.215050988754
1160,5111.215050988754
1161,5118.180983289924
1162,5118.180983289924
1163,5118.180983289924
1164,5118.180983289924
1165,5118.180983289924
1166,5128.746347079108
1167,5147.476087482515
1168,5147.476087482515
1169,5157.487613952254
1170,5157.487613952254
1171,5157.487613952254
1172,5178.518767668867
1173,5178.518767668867
1174,5178.518767668867
1175,5196.043478043141
1176,5196.043478043141
1177,5196.043478043141
1178,5234.314800146047
1179,5238.936605575074
1180,5272.319174435217
1181,5298.43430478445
1182,5298.43430478445
1183,5311.496771012408
1184,5311.496771012408
1185,5311.496771012408
1186,5311.496771012408
1187,5311.496771012408
1188,5311.496771012408
1189,5328.554758559913
1190,5328.554758559913
1191,5349.782246520977
1192,5349.782246520977
1193,5367.640316213101
1194,5371.361223715941
1195,5381.859390184922
1196,5384.361544170547
1197,5393.025914111839
1198,5402.9661236937045
1199,5402.9661236937045
1200,5402.9661236937045
1201,5402.9661236937045
1202,5428.216494124923
1203,5463.8703491606075
1204,5463.8703491606075
1205,5463.8703491606075
1206,5495.587283236563
1207,5497.572262384319
1208,5497.572262384319
1209,5497.572262384319
1210,5497.572262384319
1211,5497.572262384319
1212,5497.572262384319
1213,5526.89856459749
1214,5554.1885493743475
1215,5566.016818328238
1216,5566.016818328238
1217,5568.838699936598
1218,5568.838699936598
1219,5575.756059423269
1220,5588.896027853411
1221,5588.896027853411
1222,5588.896027853411
1223,5596.73285516587
1224,5606.031968447114
1225,5606.031968447114
1226,5615.798061738226
1227,5615.798061738226
1228,5629.985061178178
1229,5629.985061178178
1230,5629.985061178178
1231,5660.106670336311
1232,5660.106670336311
1233,5678.584141271721
1234,5678.584141271721
1235,5691.863336621441
1236,5718.343165375723
1237,5728.538340886045
1238,5742.868680926159
1239,5747.865605294434
1240,5755.657054348209
1241,5769.24621549091
1242,5775.553012739437
1243,5781.994258860544
1244,5783.150222014332
1245,5796.896380049882
1246,5796.896380049882
1247,5799.121818947597
1248,5799.121818947597
1249,5799.23525629764
1250,5799.669852613949
1251,5799.669852613949
1252,5799.669852613949
1253,5834.945535489743
1254,5834.945535489743
1255,5834.945535489743
1256,5834.945535489743
1257,5834.945535489743
1258,5834.945535489743
1259,5834.945535489743
1260,5840.732627003999
1261,5840.732627003999
1262,5855.727694742534
1263,5861.16565422183
1264,5861.16565422183
1265,5868.161546369598
1266,5879.951293813092
1267,5879.951293813092
1268,5889.695569507643
1269,5894.316651961122
1270,5894.316651961122
1271,5894.316651961122
1272,5895.666654362949
1273,5908.696567767072
1274,5908.696567767072
1275,5908.696567767072
1276,5918.213335510576
1277,5918.213335510576
1278,5918.213335510576
1279,5918.213335510576
1280,5957.0132893342725
1281,5971.4184547552095
1282,5971.4184547552095
1283,5980.395293697579
1284,5980.395293697579
1285,5994.210854208614
1286,6001.13017955445
1287,6010.6884458178065
1288,6017.980593357366
1289,6017.980593357366
1290,6028.579980793392
1291,6029.279598527983
1292,6029.279598527983
1293,6029.279598527983
1294,6029.279598527983
1295,6029.279598527983
1296,6029.279598527983
1297,6029.279598527983
1298,6119.2480715844695
1299,6119.2480715844695
1300,6137.311456870718
1301,6137.311456870718
1302,6137.311456870718
1303,6137.311456870718
1304,6142.769301910661
1305,6153.085528279429
1306,6161.073044545411
1307,6161.073044545411
1308,6161.073044545411
1309,6161.073044545411
1310,6184.700541262257
1311,6184.700541262257
1312,6184.700541262257
1313,6214.669665642568
1314,6228.47052092217
1315,6257.968960677136
1316,6271.713780196466
1317,6284.4486380966655
1318,6284.4486380966655
1319,6344.918207941415
1320,6344.918207941415
1321,6344.918207941415
1322,6363.831410032594
1323,6421.581497822929
1324,6421.581497822929
1325,6421.581497822929
1326,6455.991055680159
1327,6486.746325771082
1328,6507.4655057038535
1329,6507.4655057038535
1330,6523.0490885482905
1331,6523.0490885482905
1332,6523.0490885482905
1333,6530.124198718222
1334,6530.124198718222
1335,6539.259984227834
1336,6539.259984227834
1337,6539.259984227834
1338,6539.259984227834
1339,6539.259984227834
1340,6539.259984227834
1341,6539.259984227834
1342,6562.338369727939
1343,6573.820294219745
1344,6582.958793795755
1345,6602.90688594252
1346,6602.90688594252
1347,6602.90688594252
1348,6623.917136064158
1349,6643.898214941385
1350,6660.787993188002
1351,6660.787993188002
1352,6660.787993188002
1353,6686.002838485615
1354,6717.732020006304
1355,6731.088571417975
1356,6731.088571417975
1357,6731.088571417975
1358,6731.088571417975
1359,6731.088571417975
1360,6731.088571417975
1361,6731.088571417975
1362,6731.088571417975
1363,6731.088571417975
1364,6745.0949509202555
1365,6756.11933020659
1366,6773.410973677303
1367,6773.410973677303
1368,6773.410973677303
1369,6781.915270958334
1370,6781.915270958334
1371,6831.099331920658
1372,6831.099331920658
1373,6859.532258516292
1374,6859.532258516292
1375,6872.7885407381145
1376,6872.7885407381145
1377,6872.7885407381145
1378,6872.7885407381145
1379,6872.7885407381145
1380,6872.7885407381145
1381,6903.903624306014
1382,6917.431543356438
1383,6917.431543356438
1384,6928.8505411731485
1385,6928.8505411731485
1386,6928.8505411731485
1387,6928.8505411731485
1388,6938.869532510639
1389,6943.387785458621
1390,6943.387785458621
1391,6950.614278847819
1392,6950.614278847819
1393,6962.104248279416
1394,6962.104248279416
1395,6983.9279141619445
1396,6983.9279141619445
1397,6999.8223829282515
1398,7002.47191700287
1399,7002.47191700287
1400,7002.47191700287
1401,7011.744357181776
1402,7011.744357181776
1403,7011.744357181776
1404,7011.744357181776
1405,7011.744357181776
1406,7011.744357181776
1407,7019.282376313468
1408,7019.282376313468
1409,7019.282376313468
1410,7023.458304537414
1411,7023.458304537414
1412,7023.458304537414
1413,7042.561136732567
1414,7042.561136732567
1415,7060.386889519571
1416,7060.386889519571
1417,7060.386889519571
1418,7060.386889519571
1419,7072.7295863393465
1420,7072.7295863393465
1421,7072.7295863393465
1422,7073.636056220014
1423,7073.636056220014
1424,7073.636056220014
1425,7085.054739482992
1426,7095.342009878887
1427,7108.428471926811
1428,7117.508894127031
1429,7117.508894127031
1430,7138.923353691129
1431,7148.985205604124
1432,7148.985205604124
1433,7159.990902939073
1434,7171.063633821583
1435,7171.063633821583
1436,7171.063633821583
1437,7171.063633821583
1438,7192.732199237633
1439,7208.289998269729
1440,7215.710338179488
1441,7219.454377611489
1442,7219.454377611489
1443,7219.454377611489
1444,7219.454377611489
1445,7219.454377611489
1446,7219.454377611489
1447,7270.870736292551
1448,7303.008890181901
1449,7303.008890181901
1450,7320.00642399971
1451,7337.930213569875
1452,7337.930213569875
1453,7337.930213569875
1454,7337.930213569875
1455,7406.978349563569
1456,7406.978349563569
1457,7428.081132146961
1458,7428.081132146961
1459,7428.808570737338
1460,7443.863276142899
1461,7460.502467826188
1462,7460.502467826188
1463,7470.946860169385
1464,7479.759365783774
1465,7479.759365783774
1466,7484.090408629732
1467,7484.090408629732
1468,7484.090408629732
1469,7484.090408629732
1470,7533.990306295824
1471,7582.074729631431
1472,7632.08517761889
1473,7666.353952633582
1474,7666.353952633582
1475,7679.402559286495
1476,7679.402559286495
1477,7679.402559286495
1478,7679.402559286495
1479,7679.402559286495
1480,7679.402559286495
1481,7688.63280638697
1482,7688.63280638697
1483,7688.63280638697
1484,7688.63280638697
1485,7701.3091652468665
1486,7723.724817471189
1487,7747.553383542331
1488,7747.553383542331
1489,7768.585493326864
1490,7768.585493326864
1491,7789.736373106346
1492,7807.620121554015
1493,7807.620121554015
1494,7812.151663384011
1495,7812.151663384011
1496,7829.507728749752
1497,7830.527908400023
1498,7830.527908400023
1499,7830.527908400023
1500,7830.527908400023
1501,7830.527908400023
1502,7830.527908400023
1503,7830.766488614385
1504,7830.766488614385
1505,7830.766488614385
1506,7851.006610671709
1507,7859.123071818847
1508,7859.123071818847
1509,7859.123071818847
1510,7859.123071818847
1511,7859.123071818847
1512,7859.123071818847
1513,7871.728733308876
1514,7884.726697069559
1515,7884.726697069559
1516,7900.988456862061
1517,7900.988456862061
1518,7913.002965521888
1519,7913.002965521888
1520,7913.002965521888
1521,7913.002965521888
1522,7914.428342156148
1523,7914.681144035464
1524,7915.896445937185
1525,7925.913411575803
1526,7925.913411575803
1527,7936.180233875998
1528,7937.25588429188
1529,7938.945991664224
1530,7938.945991664224
1531,7967.613612294546
1532,7978.937413874176
1533,7978.937413874176
1534,7978.937413874176
1535,7978.937413874176
1536,7978.937413874176
1537,7997.895810081314
1538,7997.895810081314
1539,7997.895810081314
1540,7997.895810081314
1541,7997.895810081314
1542,7997.895810081314
1543,7997.895810081314
1544,8050.914735729525
1545,8064.074320409289
1546,8068.3935480110285
1547,8068.3935480110285
1548,8074.503041841795
1549,8074.503041841795
1550,8074.503041841795
1551,8074.503041841795
1552,8091.3004208638495
1553,8121.120602205029
1554,8127.507363733935
1555,8127.507363733935
1556,8127.507363733935
1557,8127.507363733935
1558,8127.507363733935
1559,8127.507363733935
1560,8160.204804279966
1561,8160.204804279966
1562,8160.204804279966
1563,8160.864075550582
1564,8160.864075550582
1565,8161.612634930821
1566,8176.179146893026
1567,8178.618618738818
1568,8195.22139102886
1569,8196.777588778325
1570,8196.777588778325
1571,8196.777588778325
1572,8226.079133038187
1573,8244.133617010075
1574,8255.165786173911
1575,8255.165786173911
1576,8255.165786173911
1577,8279.206273045766
1578,8279.206273045766
1579,8279.206273045766
1580,8279.206273045766
1581,8301.789157785777
1582,8301.789157785777
1583,8324.940730579026
1584,8337.270850305196
1585,8337.270850305196
1586,8337.270850305196
1587,8339.15610954792
1588,8339.15610954792
1589,8339.15610954792
1590,8355.47729878155
1591,8355.47729878155
1592,8355.47729878155
1593,8355.47729878155
1594,8399.927665738356
1595,8399.927665738356
1596,8437.781247913492
1597,8437.781247913492
1598,8467.047899845551
1599,8467.047899845551
1600,8467.047899845551
1601,8501.953319795904
1602,8501.953319795904
1603,8501.953319795904
1604,8529.881519479331
1605,8540.261142234815
1606,8540.261142234815
1607,8562.690168571302
1608,8570.997068519495
1609,8576.181909876985
1610,8592.785713451834
1611,8592.785713451834
1612,8592.785713451834
1613,8604.819852296157
1614,8604.819852296157
1615,8604.819852296157
1616,8604.819852296157
1617,8604.819852296157
1618,8604.819852296157
1619,8604.819852296157
1620,8604.819852296157
1621,8617.437656959502
1622,8619.541791295436
1623,8619.541791295436
1624,8619.541791295436
1625,8621.310393209445
1626,8629.79801027868
1627,8643.402904714427
1628,8655.646068477165
1629,8655.646068477165
1630,8655.646068477165
1631,8655.646068477165
1632,8655.646068477165
1633,8655.646068477165
1634,8667.21753494972
1635,8678.455649812637
1636,8696.476498924521
1637,8701.801010632775
1638,8701.801010632775
1639,8701.801010632775
1640,8701.801010632775
1641,8701.801010632775
1642,8701.801010632775
1643,8701.801010632775
1644,8701.801010632775
1645,8701.801010632775
1646,8712.361012263162
1647,8720.0388524092
1648,8721.651370271547
1649,8730.008374510264
1650,8730.471225275398
1651,8730.471225275398
1652,8732.12661978484
1653,8778.39875520248
1654,8804.122725088131
1655,8804.122725088131
1656,8826.125223097715
1657,8839.117092207374
1658,8857.719811687137
1659,8865.158003188166
1660,8899.974664196227
1661,8936.68454530731
1662,8936.68454530731
1663,8936.68454530731
1664,8936.68454530731
1665,8936.68454530731
1666,8936.68454530731
1667,8936.68454530731
1668,8936.68454530731
1669,8944.066810570592
1670,8944.066810570592
1671,8951.566694063631
1672,8951.566694063631
1673,8951.566694063631
1674,8951.566694063631
1675,8959.413833792369
1676,8959.413833792369
1677,8977.78157721842
1678,8977.78157721842
1679,8977.78157721842
1680,8977.78157721842
1681,8978.73477634879
1682,9002.06989694499
1683,9020.00236607498
1684,9036.831955636066
1685,9056.83481833587
1686,9056.83481833587
1687,9074.690390987686
1688,9074.690390987686
1689,9081.597543427271
1690,9081.597543427271
1691,9081.597543427271
1692,9081.597543427271
1693,9081.597543427271
1694,9081.597543427271
1695,9082.06705440413
1696,9113.039592768999
1697,9113.039592768999
1698,9113.039592768999
1699,9113.039592768999
1700,9113.6137583668
1701,9115.111457488076
1702,9115.111457488076
1703,9115.111457488076
1704,9129.465870990494
1705,9152.41926665281
1706,9167.249119215234
1707,9182.301259207818
1708,9182.301259207818
1709,9182.301259207818
1710,9202.088362368
1711,9202.088362368
1712,9221.920460825242
1713,9221.920460825242
1714,9221.920460825242
1715,9243.76888548185
1716,9314.99069902793
1717,9333.890108908996
1718,9360.763467358987
1719,9370.603593079606
1720,9400.27605827775
1721,9409.30289906093
1722,9409.30289906093
1723,9409.30289906093
1724,9426.088676506717
1725,9426.088676506717
1726,9452.965878690797
1727,9473.434624097124
1728,9485.894051118248
1729,9495.892788044144
1730,9495.892788044144
1731,9503.39823076155
1732,9503.39823076155
1733,9515.24920835203
1734,9529.195111161462
1735,9529.195111161462
1736,9529.195111161462
1737,9529.195111161462
1738,9529.195111161462
1739,9529.195111161462
1740,9529.195111161462
1741,9532.491373147603
1742,9532.491373147603
1743,9554.75494429595
1744,9554.75494429595
1745,9573.125471811034
1746,9586.474639382877
1747,9597.67987324837
1748,9608.25645023136
1749,9622.118937053858
1750,9622.118937053858
1751,9630.105797987944
1752,9630.105797987944
1753,9630.105797987944
1754,9630.105797987944
1755,9630.105797987944
1756,9630.105797987944
1757,9630.105797987944
1758,9630.105797987944
1759,9630.105797987944
1760,9630.105797987944
1761,9630.105797987944
1762,9630.105797987944
1763,9655.731760250499
1764,9666.219769895226
1765,9681.028137845919
1766,9694.18605715402
1767,9694.18605715402
1768,9694.18605715402
1769,9694.18605715402
1770,9722.913715255976
1771,9742.259769412585
1772,9772.671890536956
1773,9784.569348705989
1774,9784.569348705989
1775,9804.454780985609
1776,9824.787584283378
1777,9840.338253457083
1778,9841.71357812169
1779,9841.71357812169
1780,9850.702887304707
1781,9850.702887304707
1782,9858.480480566179
1783,9874.034395458993
1784,9890.399769677808
1785,9910.208696562191
1786,9922.638426685777
1787,9922.638426685777
1788,9922.638426685777
1789,9927.728395829557
1790,9946.860813813037
1791,9946.860813813037
1792,9946.860813813037
1793,9966.46008945003
1794,9966.684448969825
1795,9986.758601332353
1796,9986.758601332353
1797,9986.758601332353
1798,9986.758601332353
1799,9986.758601332353
1800,9986.758601332353
1801,9986.758601332353
1802,9986.758601332353
1803,9987.560783776175
1804,9987.560783776175
1805,9987.560783776175
1806,10044.434161664516
1807,10044.434161664516
1808,10086.50175388289
1809,10098.941227135207
1810,10098.941227135207
1811,10101.426311918598
1812,10101.426311918598
1813,10232.74704961273
1814,10232.74704961273
1815,10232.74704961273
1816,10276.484449443578
1817,10276.484449443578
1818,10276.484449443578
1819,10284.920143331345
1820,10284.920143331345
1821,10290.02320848957
1822,10290.02320848957
1823,10290.02320848957
1824,10300.599409285382
1825,10300.599409285382
1826,10333.960125012145
1827,10352.52509881765
1828,10352.52509881765
1829,10369.664694976998
1830,10405.388859922146
1831,10429.76714793182
1832,10440.888417035845
1833,10459.308061208507
1834,10484.889146090096
1835,10506.527403682872
1836,10506.527403682872
1837,10506.579393109296
1838,10506.579393109296
1839,10506.579393109296
1840,10506.84287526329
1841,10506.84287526329
1842,10508.194824327713
1843,10513.148634855279
1844,10513.148634855279
1845,10513.999149334837
1846,10580.167450248986
1847,10580.167450248986
1848,10580.167450248986
1849,10623.754482781524
1850,10623.754482781524
1851,10623.754482781524
1852,10641.349439210851
1853,10641.349439210851
1854,10641.349439210851
1855,10641.349439210851
1856,10654.90091620435
1857,10654.90091620435
1858,10654.90091620435
1859,10664.633452354548
1860,10670.265971412038
1861,10677.97377898667
1862,10681.243806845368
1863,10685.435993926985
1864,10685.435993926985
1865,10685.435993926985
1866,10685.435993926985
1867,10685.435993926985
1868,10685.435993926985
1869,10725.710148203994
1870,10725.710148203994
1871,10725.710148203994
1872,10739.259623542463
1873,10739.259623542463
1874,10759.93655861021
1875,10780.160993003585
1876,10792.699687484488
1877,10792.699687484488
1878,10823.176403120186
1879,10823.176403120186
1880,10855.012500359619
1881,10855.012500359619
1882,10855.012500359619
1883,10855.012500359619
1884,10855.012500359619
1885,10855.012500359619
1886,10875.795636571955
1887,10875.795636571955
1888,10879.022697642584
1889,10879.022697642584
1890,10887.387453296269
1891,10887.387453296269
1892,10904.74002702145
1893,10904.74002702145
1894,10911.455989102808
1895,10914.109047330936
1896,10914.109047330936
1897,10914.109047330936
1898,10914.109047330936
1899,10914.109047330936
1900,10914.109047330936
1901,10955.470936077376
1902,10984.317827709081
1903,10985.028822827853
1904,10999.217903553334
1905,10999.217903553334
1906,10999.217903553334
1907,11009.60786366489
1908,11009.60786366489
1909,11009.60786366489
1910,11009.60786366489
1911,11009.60786366489
1912,11009.60786366489
1913,11010.227079587323
1914,11010.227079587323
1915,11037.932456102833
1916,11059.392350369313
1917,11059.392350369313
1918,11065.00363412885
1919,11085.85143551585
1920,11085.85143551585
1921,11085.85143551585
1922,11085.85143551585
1923,11085.85143551585
1924,11085.85143551585
1925,11098.680523361327
1926,11098.680523361327
1927,11098.680523361327
1928,11101.359872368721
1929,11101.359872368721
1930,11128.457839596816
1931,11145.305574207976
1932,11172.43802741363
1933,11187.40701937801
1934,11187.40701937801
1935,11206.29567648789
1936,11206.29567648789
1937,11218.48450730132
1938,11232.80541175746
1939,11232.80541175746
1940,11232.80541175746
1941,11232.80541175746
1942,11232.80541175746
1943,11234.034047845425
1944,11250.889430351583
1945,11269.354227270513
1946,11277.63512475905
1947,11291.413690025633
1948,11291.413690025633
1949,11291.413690025633
1950,11291.413690025633
1951,11291.413690025633
1952,11299.373560731936
1953,11341.499116608979
1954,11341.499116608979
1955,11341.499116608979
1956,11377.734202814225
1957,11396.387713981123
1958,11396.387713981123
1959,11408.651892190059
1960,11408.651892190059
1961,11408.651892190059
1962,11447.930341165675
1963,11447.930341165675
1964,11447.930341165675
1965,11447.930341165675
1966,11447.930341165675
1967,11447.930341165675
1968,11477.613537384495
1969,11534.17155982185
1970,11572.74355360853
1971,11572.74355360853
1972,11591.908037383972
1973,11591.908037383972
1974,11591.908037383972
1975,11591.908037383972
1976,11591.908037383972
1977,11591.908037383972
1978,11613.329718223556
1979,11613.329718223556
1980,11613.329718223556
1981,11628.193760271999
1982,11655.9325732444
1983,11669.346790621747
1984,11689.14411542495
1985,11703.201861326585
1986,11732.069528212609
1987,11746.830673195058
1988,11766.036302747649
1989,11779.98456686308
1990,11779.98456686308
1991,11803.62868868374
1992,11837.484520346476
1993,11851.546796034525
1994,11851.546796034525
1995,11851.546796034525
1996,11859.07763341069
1997,11859.07763341069
1998,11859.07763341069
1999,11860.445051595407
2000,11860.445051595407
2001,11860.445051595407
2002,11860.445051595407
2003,11860.445051595407
2004,11860.445051595407
2005,11868.588308722243
2006,11888.740747402462
2007,11906.982706562592
2008,11906.982706562592
2009,11923.297902302553
2010,11930.157668179638
2011,11930.157668179638
2012,11930.157668179638
2013,11930.157668179638
2014,11954.41939874177
2015,11954.41939874177
2016,11979.598571968056
2017,11979.598571968056
2018,12006.117003883686
2019,12008.33446405086
2020,12008.33446405086
2021,12008.33446405086
2022,12030.802784786318
2023,12030.802784786318
2024,12047.361875320694
2025,12047.361875320694
2026,12057.724916541432
2027,12066.49153689435
2028,12072.64576986857
2029,12077.517582714503
2030,12077.517582714503
2031,12082.329679568229
2032,12082.329679568229
2033,12082.329679568229
2034,12082.329679568229
2035,12082.329679568229
2036,12082.329679568229
2037,12083.090007014396
2038,12083.090007014396
2039,12150.991742654036
2040,12150.991742654036
2041,12150.991742654036
2042,12172.387073471757
2043,12172.387073471757
2044,12172.387073471757
2045,12185.935078507564
2046,12189.70589560968
2047,12227.085110695738
2048,12228.073054080534
2049,12228.073054080534
2050,12262.40047196068
2051,12262.40047196068
2052,12306.824499574497
2053,12334.247736119272
2054,12362.677228802113
2055,12385.736809016478
2056,12414.310989627662
2057,12424.62978329375
2058,12432.675442887048
2059,12433.203263509391
2060,12441.782035061757
2061,12441.782035061757
2062,12447.380852724848
2063,12447.380852724848
2064,12447.380852724848
2065,12447.380852724848
2066,12447.380852724848
2067,12447.380852724848
2068,12490.866647892262
2069,12495.814595825379
2070,12495.814595825379
2071,12495.814595825379
2072,12495.814595825379
2073,12495.814595825379
2074,12495.814595825379
2075,12495.814595825379
2076,12495.814595825379
2077,12495.814595825379
2078,12495.814595825379
2079,12495.814595825379
2080,12509.445416153643
2081,12524.420024357143
2082,12531.650779057152
2083,12531.650779057152
2084,12541.428865107908
2085,12541.428865107908
2086,12569.647058071514
2087,12569.647058071514
2088,12569.647058071514
2089,12569.647058071514
2090,12569.647058071514
2091,12569.647058071514
2092,12595.889372651302
2093,12613.034308805201
2094,12671.049156106506
2095,12671.049156106506
2096,12694.329147328663
2097,12713.78358752562
2098,12728.618795083388
2099,12728.618795083388
2100,12728.618795083388
2101,12728.618795083388
2102,12728.618795083388
2103,12728.618795083388
2104,12728.618795083388
2105,12728.618795083388
2106,12728.618795083388
2107,12728.618795083388
2108,12728.618795083388
2109,12728.618795083388
2110,12746.262211445986
2111,12762.353157510952
2112,12762.353157510952
2113,12762.353157510952
2114,12762.353157510952
2115,12763.665510539162
2116,12774.988672861464
2117,12774.988672861464
2118,12774.988672861464
2119,12775.401763392998
2120,12775.401763392998
2121,12775.401763392998
2122,12775.401763392998
2123,12782.10818194235
2124,12782.10818194235
2125,12799.702847099217
2126,12800.934886025958
2127,12828.83650280617
2128,12840.905975303998
2129,12840.905975303998
2130,12840.905975303998
2131,12855.955694671446
2132,12855.955694671446
2133,12864.087630442451
2134,12864.37096853275
2135,12864.37096853275
2136,12864.37096853275
2137,12864.37096853275
2138,12864.37096853275
2139,12864.37096853275
2140,12894.618352747984
2141,12895.135873184536
2142,12896.543672256594
2143,12900.821738130411
2144,12900.821738130411
2145,12900.821738130411
2146,12900.821738130411
2147,12900.821738130411
2148,12900.821738130411
2149,12902.69263253141
2150,12912.12460676818
2151,12912.446878770412
2152,12912.446878770412
2153,12912.446878770412
2154,12912.446878770412
2155,12912.446878770412
2156,12928.438793352287
2157,12943.060245031873
2158,12943.060245031873
2159,12944.526637072164
2160,12969.559549271216
2161,12976.487643530589
2162,12983.994459387392
2163,12983.994459387392
2164,12983.994459387392
2165,12983.994459387392
2166,12983.994459387392
2167,12983.994459387392
2168,12983.994459387392
2169,12998.017706459126
2170,13003.311763879701
2171,13005.298066479496
2172,13005.298066479496
2173,13005.298066479496
2174,13005.298066479496
2175,13005.298066479496
2176,13005.298066479496
2177,13005.298066479496
2178,13005.298066479496
2179,13019.866096902342
2180,13027.713885092582
2181,13040.739218506797
2182,13056.520505083428
2183,13068.34551070876
2184,13080.323717676703
2185,13080.323717676703
2186,13089.393479489605
2187,13089.393479489605
2188,13089.393479489605
2189,13089.393479489605
2190,13089.393479489605
2191,13089.393479489605
2192,13109.402753573617
2193,13109.402753573617
2194,13128.19420830689
2195,13134.329402173913
2196,13134.329402173913
2197,13134.329402173913
2198,13134.329402173913
2199,13134.329402173913
2200,13134.329402173913
2201,13134.329402173913
2202,13162.627338676213
2203,13176.213285295471
2204,13189.386869255344
2205,13189.386869255344
2206,13204.815204000137
2207,13204.815204000137
2208,13204.815204000137
2209,13205.999460832485
2210,13205.999460832485
2211,13207.287231666107
2212,13207.287231666107
2213,13217.304693257247
2214,13232.126105464798
2215,13232.126105464798
2216,13238.314857932644
2217,13238.314857932644
2218,13246.915884031208
2219,13246.915884031208
2220,13305.543400698753
2221,13305.543400698753
2222,13305.543400698753
2223,13322.577804568455
2224,13336.109478059016
2225,13336.299748761567
2226,13345.15061535809
2227,13345.15061535809
2228,13345.15061535809
2229,13345.15061535809
2230,13345.15061535809
2231,13345.15061535809
2232,13345.15061535809
2233,13345.15061535809
2234,13345.15061535809
2235,13345.15061535809
2236,13345.15061535809
2237,13345.15061535809
2238,13345.15061535809
2239,13362.971479149943
2240,13393.11353559565
2241,13402.469776509151
2242,13416.920636895245
2243,13416.920636895245
2244,13434.910803831692
2245,13434.910803831692
2246,13434.910803831692
2247,13434.910803831692
2248,13434.910803831692
2249,13453.501017182094
2250,13477.494241762626
2251,13477.494241762626
2252,13501.626575641789
2253,13501.626575641789
2254,13527.885049584936
2255,13540.865862010678
2256,13559.155621773181
2257,13559.155621773181
2258,13567.686133346435
2259,13567.686133346435
2260,13573.00984634212
2261,13574.0245467983
2262,13574.0245467983
2263,13606.877955738833
2264,13606.877955738833
2265,13617.065074764849
2266,13648.021331755517
2267,13669.842610905396
2268,13669.842610905396
2269,13669.842610905396
2270,13669.842610905396
2271,13669.842610905396
2272,13702.506417419287
2273,13714.16639124294
2274,13728.13663213691
2275,13737.77623922723
2276,13762.154879417581
2277,13762.154879417581
2278,13762.154879417581
2279,13770.913808411196
2280,13782.158386647072
2281,13782.158386647072
2282,13784.642967903204
2283,13784.642967903204
2284,13784.642967903204
2285,13784.642967903204
2286,13801.809245919425
2287,13801.809245919425
2288,13814.419398950226
2289,13814.419398950226
2290,13822.722626364213
2291,13835.29216006243
2292,13852.625632142175
2293,13867.289517002238
2294,13867.289517002238
2295,13867.289517002238
2296,13867.289517002238
2297,13881.081386864167
2298,13883.608532261855
2299,13883.608532261855
2300,13933.484129464863
2301,13933.484129464863
2302,13977.210598860443
2303,13991.442870666657
2304,13991.442870666657
2305,13991.442870666657
2306,14003.609178362021
2307,14003.967774286757
2308,14012.917729383567
2309,14012.917729383567
2310,14012.917729383567
2311,14012.917729383567
2312,14012.917729383567
2313,14083.065941159506
2314,14083.065941159506
2315,14083.065941159506
2316,14083.065941159506
2317,14130.606381370186
2318,14178.15196681426
2319,14226.22538960453
2320,14226.22538960453
2321,14283.935129836926
2322,14283.935129836926
2323,14318.747732686958
2324,14356.538520308519
2325,14356.538520308519
2326,14358.19818574917
2327,14364.118086434302
2328,14364.118086434302
2329,14364.118086434302
2330,14364.118086434302
2331,14404.463410085235
2332,14443.309425835927
2333,14443.309425835927
2334,14443.309425835927
2335,14443.309425835927
2336,14473.0521026257
2337,14509.950072660515
2338,14550.680071159668
2339,14581.432532013278
2340,14599.302964221615
2341,14617.532709567384
2342,14617.532709567384
2343,14629.725289341332
2344,14629.725289341332
2345,14633.309276254386
2346,14650.242608450546
2347,14650.242608450546
2348,14650.242608450546
2349,14650.242608450546
2350,14660.965233630444
2351,14665.513548619729
2352,14665.513548619729
2353,14668.26887648097
2354,14668.26887648097
2355,14690.338096671778
2356,14690.338096671778
2357,14707.32978024093
2358,14715.3669865188
2359,14715.3669865188
2360,14720.132983813708
2361,14729.066323218089
2362,14729.066323218089
2363,14737.824342598225
2364,14744.512540515652
2365,14744.512540515652
2366,14754.758763288057
2367,14754.758763288057
2368,14754.758763288057
2369,14754.758763288057
2370,14754.758763288057
2371,14767.138149962422
2372,14767.138149962422
2373,14767.138149962422
2374,14791.29769248183
2375,14791.29769248183
2376,14813.425099036309
2377,14840.046448004914
2378,14855.668914239142
2379,14858.163956734425
2380,14858.163956734425
2381,14868.22277748076
2382,14872.885752989994
2383,14879.311628846106
2384,14884.667116655113
2385,14884.667116655113
2386,14885.972057653507
2387,14885.972057653507
2388,14885.972057653507
2389,14885.972057653507
2390,14917.886349540044
2391,14917.886349540044
2392,14953.268744174291
2393,14953.268744174291
2394,14967.647366101253
2395,14967.647366101253
2396,14982.705266826673
2397,14984.240436314276
2398,14984.240436314276
2399,14991.834086554047
2400,15021.445183415979
2401,15021.445183415979
2402,15034.714653760846
2403,15059.181494234159
2404,15083.125776829873
2405,15101.775760148383
2406,15101.775760148383
2407,15121.179351805056
2408,15139.668709285275
2409,15139.668709285275
2410,15139.668709285275
2411,15161.780733569909
2412,15165.898784762156
2413,15178.700958360017
2414,15195.255603418289
2415,15195.840037502254
2416,15210.833870757302
2417,15221.54938095532
2418,15230.616193543343
2419,15248.596323167894
2420,15255.79283707477
2421,15255.79283707477
2422,15255.79283707477
2423,15255.79283707477
2424,15255.79283707477
2425,15302.209750598897
2426,15302.209750598897
2427,15365.34781897756
2428,15365.34781897756
2429,15426.383213128314
2430,15434.779445745724
2431,15434.779445745724
2432,15436.02803739486
2433,15481.396447238209
2434,15481.396447238209
2435,15481.396447238209
2436,15481.396447238209
2437,15481.396447238209
2438,15481.396447238209
2439,15481.396447238209
2440,15481.396447238209
2441,15481.396447238209
2442,15481.396447238209
2443,15500.910095704017
2444,15500.910095704017
2445,15500.910095704017
2446,15500.910095704017
2447,15500.910095704017
2448,15500.910095704017
2449,15500.910095704017
2450,15527.21567082663
2451,15562.601174817355
2452,15562.601174817355
2453,15562.601174817355
2454,15562.601174817355
2455,15583.403153489526
2456,15594.958988318747
2457,15594.958988318747
2458,15613.10459183083
2459,15613.10459183083
2460,15613.10459183083
2461,15620.043851547398
2462,15635.675425075724
2463,15658.971141047294
2464,15694.465446526958
2465,15702.420792857814
2466,15747.14738191392
2467,15770.826900625161
2468,15781.475359270353
2469,15781.475359270353
2470,15781.475359270353
2471,15786.509928456064
2472,15833.6391307331
2473,15860.310682536698
2474,15876.678608301285
2475,15902.771695678664
2476,15909.900497200102
2477,15941.259125320925
2478,15941.259125320925
2479,15959.283987492978
2480,15970.627775183722
2481,15970.627775183722
2482,15974.95648511664
2483,15981.227216076299
2484,15990.03086482672
2485,15990.03086482672
2486,15990.03086482672
2487,15992.66024246358
2488,16037.017920373655
2489,16037.017920373655
2490,16037.017920373655
2491,16057.319958416027
2492,16057.319958416027
2493,16076.633854996988
2494,16093.927657138476
2495,16093.927657138476
2496,16109.506457215815
2497,16109.506457215815
2498,16145.218518140555
2499,16145.218518140555
2500,16176.862381178305
2501,16195.108156336208
2502,16195.108156336208
2503,16200.195842334611
2504,16224.022291917066
2505,16246.154333500885
2506,16247.562610434308
2507,16269.647645926707
2508,16269.647645926707
2509,16284.296028900708
2510,16284.296028900708
2511,16303.145793564254
2512,16303.145793564254
2513,16304.300053934594
2514,16304.300053934594
2515,16304.300053934594
2516,16304.78856171934
2517,16316.345785027894
2518,16339.947231619972
2519,16349.79616471382
2520,16349.79616471382
2521,16368.805355793447
2522,16386.31650330896
2523,16386.31650330896
2524,16394.698940074053
2525,16394.698940074053
2526,16398.57241267273
2527,16398.57241267273
2528,16398.57241267273
2529,16398.57241267273
2530,16417.57730205254
2531,16417.84147568728
2532,16417.84147568728
2533,16435.252767035025
2534,16435.252767035025
2535,16435.252767035025
2536,16435.252767035025
2537,16435.252767035025
2538,16455.894322401844
2539,16455.894322401844
2540,16513.796371633234
2541,16518.3084487473
2542,16527.459547970368
2543,16573.078682548596
2544,16576.14083217099
2545,16622.7118503214
2546,16636.48811078957
2547,16636.48811078957
2548,16647.210815250735
2549,16691.577168328935
2550,16691.577168328935
2551,16691.577168328935
2552,16691.577168328935
2553,16691.577168328935
2554,16691.577168328935
2555,16691.577168328935
2556,16691.577168328935
2557,16691.577168328935
2558,16691.577168328935
2559,16691.577168328935
2560,16719.005933767592
2561,16723.749633237592
2562,16749.99253220796
2563,16749.99253220796
2564,16761.557889748557
2565,16761.557889748557
2566,16770.203679735383
2567,16770.203679735383
2568,16783.953292876104
2569,16783.953292876104
2570,16848.37498096382
2571,16848.37498096382
2572,16892.882075662666
2573,16922.256587533553
2574,16946.050149176404
2575,16946.050149176404
2576,16946.050149176404
2577,16980.383656275804
2578,16980.383656275804
2579,17010.965461092826
2580,17018.026459498826
2581,17043.906654944432
2582,17043.906654944432
2583,17056.983437324736
2584,17056.983437324736
2585,17077.49697245353
2586,17102.263387566232
2587,17132.953154852363
2588,17140.868199483157
2589,17140.868199483157
2590,17152.110585750564
2591,17152.110585750564
2592,17154.550181838527
2593,17154.550181838527
2594,17154.550181838527
2595,17154.550181838527
2596,17154.550181838527
2597,17162.295796019323
2598,17182.18781599751
2599,17188.25229153155
2600,17199.524055690974
2601,17199.524055690974
2602,17219.5319112731
2603,17240.91741006748
2604,17253.785299516196
2605,17271.41819861334
2606,17291.967630141142
2607,17291.967630141142
2608,17291.967630141142
2609,17291.967630141142
2610,17291.967630141142
2611,17292.423973889174
2612,17292.423973889174
2613,17292.423973889174
2614,17323.575830762573
2615,17323.575830762573
2616,17323.575830762573
2617,17341.242997632897
2618,17341.242997632897
2619,17341.242997632897
2620,17400.079187825846
2621,17400.079187825846
2622,17401.864562069688
2623,17401.864562069688
2624,17401.864562069688
2625,17401.864562069688
2626,17401.864562069688
2627,17401.864562069688
2628,17431.189195796258
2629,17431.189195796258
2630,17431.189195796258
2631,17449.511414174325
2632,17456.52995654303
2633,17479.022236535868
2634,17495.701187939172
2635,17495.701187939172
2636,17495.701187939172
2637,17527.930756842725
2638,17527.930756842725
2639,17527.930756842725
2640,17534.93420297759
2641,17534.93420297759
2642,17543.356206087316
2643,17543.356206087316
2644,17571.33212228156
2645,17572.044382383145
2646,17589.960924467367
2647,17589.960924467367
2648,17608.93371207902
2649,17630.589250478406
2650,17631.938391402782
2651,17631.938391402782
2652,17644.509713474123
2653,17644.509713474123
2654,17651.16016588288
2655,17651.477541975728
2656,17651.477541975728
2657,17651.477541975728
2658,17651.477541975728
2659,17657.786957509878
2660,17657.786957509878
2661,17657.786957509878
2662,17657.786957509878
2663,17665.119661412708
2664,17665.119661412708
2665,17678.34162896603
2666,17678.34162896603
2667,17696.188000049293
2668,17696.188000049293
2669,17712.9710172818
2670,17712.9710172818
2671,17712.9710172818
2672,17724.189442818588
2673,17747.562086513124
2674,17769.647657397698
2675,17769.647657397698
2676,17788.402738420828
2677,17788.402738420828
2678,17808.623862411358
2679,17808.623862411358
2680,17808.623862411358
2681,17808.623862411358
2682,17808.623862411358
2683,17808.623862411358
2684,17829.786860963308
2685,17829.786860963308
2686,17829.786860963308
2687,17829.786860963308
2688,17829.786860963308
2689,17831.815311680035
2690,17848.132697451565
2691,17848.132697451565
2692,17862.713517008087
2693,17876.31754025931
2694,17876.31754025931
2695,17876.31754025931
2696,17891.610671409493
2697,17903.22410167924
2698,17908.129695771964
2699,17938.73205704918
2700,17938.73205704918
2701,17961.511852660013
2702,17986.919268965856
2703,18010.591712378406
2704,18035.164446791285
2705,18035.164446791285
2706,18045.41537510744
2707,18045.41537510744
2708,18059.172341461675
2709,18067.89400731885
2710,18067.89400731885
2711,18070.39747755419
2712,18070.39747755419
2713,18089.627887198752
2714,18089.627887198752
2715,18089.627887198752
2716,18099.452512933276
2717,18111.55441880737
2718,18121.326850941205
2719,18121.326850941205
2720,18121.326850941205
2721,18121.326850941205
2722,18153.14728058705
2723,18153.14728058705
2724,18170.790986524713
2725,18170.790986524713
2726,18170.790986524713
2727,18170.790986524713
2728,18170.790986524713
2729,18264.6020763572
2730,18264.6020763572
2731,18283.146355244884
2732,18283.146355244884
2733,18283.146355244884
2734,18283.146355244884
2735,18294.926916752855
2736,18294.926916752855
2737,18307.236347049544
2738,18322.19818327067
2739,18333.894884348567
2740,18333.894884348567
2741,18343.80404731311
2742,18353.13679913469
2743,18363.26540493437
2744,18363.26540493437
2745,18363.26540493437
2746,18372.006566148033
2747,18378.100777843538
2748,18378.100777843538
2749,18402.93736375203
2750,18432.134551064286
2751,18432.134551064286
2752,18457.926266723374
2753,18476.865074089295
2754,18490.8565948749
2755,18490.8565948749
2756,18503.93396580431
2757,18527.122975652474
2758,18537.694600388495
2759,18541.932776460777
2760,18556.781988206672
2761,18575.8416803313
2762,18575.8416803313
2763,18584.294512863828
2764,18602.55567076103
2765,18618.101605619377
2766,18618.101605619377
2767,18629.504656585053
2768,18705.341489691393
2769,18752.192489437286
2770,18791.695932222163
2771,18791.695932222163
2772,18830.30752534449
2773,18836.169509073316
2774,18836.169509073316
2775,18836.169509073316
2776,18836.169509073316
2777,18836.169509073316
2778,18836.169509073316
2779,18836.169509073316
2780,18855.39861812597
2781,18876.557839985973
2782,18897.75168607906
2783,18913.764273608493
2784,18913.764273608493
2785,18924.65882013698
2786,18924.65882013698
2787,18932.36540165072
2788,18932.36540165072
2789,18940.215383224917
2790,18940.215383224917
2791,18940.215383224917
2792,18940.215383224917
2793,18957.190117442708
2794,18957.190117442708
2795,18957.190117442708
2796,18971.318150325824
2797,18971.318150325824
2798,18971.318150325824
2799,18989.02772271307
2800,18989.02772271307
2801,19006.958974112866
2802,19028.15044842884
2803,19044.50899117669
2804,19044.50899117669
2805,19060.20972988232
2806,19065.445442271935
2807,19085.411024426092
2808,19085.411024426092
2809,19156.65139753317
2810,19156.65139753317
2811,19156.65139753317
2812,19187.2469090704
2813,19187.2469090704
2814,19226.4205352445
2815,19268.84145296789
2816,19268.84145296789
2817,19285.460394818765
2818,19285.460394818765
2819,19285.460394818765
2820,19287.193848075447
2821,19287.193848075447
2822,19287.193848075447
2823,19287.193848075447
2824,19287.193848075447
2825,19309.241661303906
2826,19339.96100762658
2827,19339.96100762658
2828,19339.96100762658
2829,19340.411994819606
2830,19362.931688920573
2831,19387.51555822085
2832,19387.51555822085
2833,19396.71212038598
2834,19405.024129097626
2835,19423.77059378062
2836,19423.77059378062
2837,19434.982764595265
2838,19434.982764595265
2839,19459.66834553136
2840,19480.11649553089
2841,19489.24015810592
2842,19504.282806371568
2843,19514.496310612954
2844,19521.392930312522
2845,19533.86263095715
2846,19533.86263095715
2847,19533.86263095715
2848,19544.859537097676
2849,19546.687303753824
2850,19546.687303753824
2851,19564.17411228263
2852,19572.61584416294
2853,19575.075578435066
2854,19575.075578435066
2855,19575.075578435066
2856,19575.075578435066
2857,19575.075578435066
2858,19575.075578435066
2859,19575.075578435066
2860,19575.075578435066
2861,19602.316370948323
2862,19640.934429272453
2863,19640.934429272453
2864,19660.97515524957
2865,19660.97515524957
2866,19663.304597127746
2867,19663.304597127746
2868,19663.304597127746
2869,19663.304597127746
2870,19663.304597127746
2871,19663.304597127746
2872,19671.73323367468
2873,19671.73323367468
2874,19696.16930977111
2875,19696.16930977111
2876,19706.976591326373
2877,19721.844583149705
2878,19730.37146292881
2879,19731.956742432223
2880,19731.956742432223
2881,19755.686693258
2882,19755.686693258
2883,19765.162810467984
2884,19773.30876381791
2885,19773.30876381791
2886,19773.30876381791
2887,19773.30876381791
2888,19773.30876381791
2889,19773.30876381791
2890,19798.382542376046
2891,19820.442705018253
2892,19840.603544543384
2893,19840.603544543384
2894,19858.89760956727
2895,19858.89760956727
2896,19865.519141064175
2897,19865.519141064175
2898,19865.519141064175
2899,19866.518711214398
2900,19874.202845916716
2901,19875.668676776746
2902,19875.668676776746
2903,19875.668676776746
2904,19875.668676776746
2905,19875.668676776746
2906,19892.858046413825
2907,19892.858046413825
2908,19908.19428900246
2909,19933.410014523317
2910,19946.39145095331
2911,19963.90148981861
2912,19984.204093175595
2913,19993.409837938787
2914,20007.25772417439
2915,20010.153002432537
2916,20013.451217329173
2917,20024.89611712996
2918,20112.034093602444
2919,20145.59281940005
2920,20145.59281940005
2921,20204.361289589895
2922,20204.361289589895
2923,20245.612355304733
2924,20277.262992594355
2925,20304.968858961605
2926,20304.968858961605
2927,20304.968858961605
2928,20304.968858961605
2929,20304.968858961605
2930,20304.968858961605
2931,20304.968858961605
2932,20304.968858961605
2933,20340.040176076163
2934,20365.77618737479
2935,20365.77618737479
2936,20365.77618737479
2937,20382.807986362925
2938,20385.050703823406
2939,20392.76216705605
2940,20404.2099441257
2941,20416.219598343214
2942,20433.405551100346
2943,20433.405551100346
2944,20444.25671454852
2945,20450.03989796475
2946,20450.03989796475
2947,20450.03989796475
2948,20450.03989796475
2949,20450.03989796475
2950,20450.03989796475
2951,20450.115439477064
2952,20484.61178281244
2953,20497.256813678294
2954,20503.897405433465
2955,20503.897405433465
2956,20510.8898842893
2957,20510.8898842893
2958,20547.010135429176
2959,20587.704160003337
2960,20600.92766576883
2961,20600.92766576883
2962,20600.92766576883
2963,20637.90080431494
2964,20692.844298991255
2965,20692.844298991255
2966,20692.844298991255
2967,20692.844298991255
2968,20692.844298991255
2969,20692.844298991255
2970,20692.844298991255
2971,20692.844298991255
2972,20715.884066322575
2973,20715.884066322575
2974,20715.884066322575
2975,20719.332117047783
2976,20719.332117047783
2977,20721.713605780118
2978,20721.713605780118
2979,20721.713605780118
2980,20721.713605780118
2981,20721.713605780118
2982,20738.885626950272
2983,20749.688240664073
2984,20749.688240664073
2985,20756.48704310191
2986,20756.48704310191
2987,20756.48704310191
2988,20756.48704310191
2989,20772.910219763224
2990,20779.063200671986
2991,20779.063200671986
2992,20779.063200671986
2993,20785.910637640834
2994,20792.952133370443
2995,20810.44270259402
2996,20821.180040882045
2997,20834.46667891709
2998,20861.277126173747
2999,20861.68560268698
3000,20861.68560268698
3001,20869.589617980204
3002,20869.589617980204
3003,20869.589617980204
3004,20877.74282192051
3005,20879.559975485554
3006,20879.559975485554
3007,20879.559975485554
3008,20879.899513839307
3009,20879.899513839307
3010,20892.847419468504
3011,20920.120150467665
3012,20920.120150467665
3013,20928.340323565568
3014,20928.340323565568
3015,20928.340323565568
3016,20928.340323565568
3017,20928.340323565568
3018,20928.340323565568
3019,20928.340323565568
3020,20928.340323565568
3021,20928.340323565568
3022,20928.340323565568
3023,20928.340323565568
3024,20942.40197700946
3025,20967.307482858938
3026,20988.91474847078
3027,20997.651061264303
3028,21004.562840975745
3029,21004.562840975745
3030,21006.72722050452
3031,21006.72722050452
3032,21006.72722050452
3033,21006.72722050452
3034,21006.72722050452
3035,21006.72722050452
3036,21006.72722050452
3037,21006.72722050452
3038,21031.83294202428
3039,21031.83294202428
3040,21054.27271608745
3041,21075.469780163505
3042,21086.165049451945
3043,21102.511486453575
3044,21102.511486453575
3045,21115.39191528809
3046,21115.39191528809
3047,21115.39191528809
3048,21115.39191528809
3049,21115.39191528809
3050,21115.39191528809
3051,21115.39191528809
3052,21152.816639347548
3053,21192.900464949853
3054,21192.900464949853
3055,21192.900464949853
3056,21207.294799993997
3057,21223.369101918826
3058,21223.369101918826
3059,21223.369101918826
3060,21223.369101918826
3061,21223.369101918826
3062,21223.369101918826
3063,21223.369101918826
3064,21223.369101918826
3065,21223.369101918826
3066,21234.856117494608
3067,21234.856117494608
3068,21234.856117494608
3069,21234.856117494608
3070,21234.856117494608
3071,21234.856117494608
3072,21234.856117494608
3073,21234.856117494608
3074,21251.459313228126
3075,21251.459313228126
3076,21263.711048291436
3077,21263.711048291436
3078,21263.711048291436
3079,21263.711048291436
3080,21263.711048291436
3081,21263.711048291436
3082,21263.711048291436
3083,21263.711048291436
3084,21263.711048291436
3085,21281.63177578723
3086,21281.63177578723
3087,21281.63177578723
3088,21296.62626769155
3089,21296.62626769155
3090,21309.350592934457
3091,21309.350592934457
3092,21322.506942677795
3093,21332.147725162227
3094,21332.147725162227
3095,21356.543543824173
3096,21356.543543824173
3097,21361.045565309698
3098,21361.045565309698
3099,21371.23027742091
3100,21371.23027742091
3101,21371.23027742091
3102,21390.987873450922
3103,21390.987873450922
3104,21390.987873450922
3105,21390.987873450922
3106,21390.987873450922
3107,21390.987873450922
3108,21391.355527526004
3109,21399.545731165712
3110,21405.24442796316
3111,21405.24442796316
3112,21406.426163695654
3113,21406.426163695654
3114,21406.426163695654
3115,21406.426163695654
3116,21406.426163695654
3117,21448.663502489017
3118,21448.663502489017
3119,21448.663502489017
3120,21448.663502489017
3121,21448.663502489017
3122,21448.663502489017
3123,21448.663502489017
3124,21448.663502489017
3125,21448.663502489017
3126,21448.663502489017
3127,21448.663502489017
3128,21456.68666261473
3129,21456.68666261473
3130,21466.107605016925
3131,21466.107605016925
3132,21466.107605016925
3133,21466.107605016925
3134,21466.107605016925
3135,21466.107605016925
3136,21466.107605016925
3137,21466.107605016925
3138,21480.913074612912
3139,21480.913074612912
3140,21497.349275940767
3141,21497.901450710226
3142,21497.901450710226
3143,21519.409249172782
3144,21534.993844349017
3145,21534.993844349017
3146,21542.44310928587
3147,21542.44310928587
3148,21558.40332771764
3149,21577.551205025215
3150,21591.93571412911
3151,21592.487557686865
3152,21598.528055036844
3153,21598.528055036844
3154,21598.528055036844
3155,21598.528055036844
3156,21598.528055036844
3157,21598.528055036844
3158,21598.528055036844
3159,21598.528055036844
3160,21598.528055036844
3161,21598.528055036844
3162,21598.528055036844
3163,21640.656032351762
3164,21648.616285087068
3165,21648.616285087068
3166,21648.616285087068
3167,21648.616285087068
3168,21660.559020279812
3169,21660.559020279812
3170,21677.196407222462
3171,21682.946931491217
3172,21682.946931491217
3173,21682.946931491217
3174,21682.946931491217
3175,21682.946931491217
3176,21682.946931491217
3177,21682.946931491217
3178,21682.946931491217
3179,21700.443041804298
3180,21700.443041804298
3181,21700.443041804298
3182,21700.443041804298
3183,21700.443041804298
3184,21727.32932735494
3185,21727.32932735494
3186,21727.32932735494
3187,21727.32932735494
3188,21727.32932735494
3189,21727.566927963206
3190,21727.566927963206
3191,21727.566927963206
3192,21743.383339041815
3193,21743.383339041815
3194,21744.465750476684
3195,21745.626504406817
3196,21745.626504406817
3197,21745.626504406817
3198,21745.626504406817
3199,21745.626504406817
3200,21745.626504406817
3201,21745.626504406817
3202,21745.626504406817
3203,21775.144349736198
3204,21775.144349736198
3205,21775.144349736198
3206,21775.144349736198
3207,21775.144349736198
3208,21789.561756245505
3209,21789.561756245505
3210,21801.9390020475
3211,21801.9390020475
3212,21818.848706726807
3213,21838.719770137082
3214,21846.686700443024
3215,21859.795109315855
3216,21859.795109315855
3217,21870.659491563194
3218,21870.659491563194
3219,21877.28890589424
3220,21877.28890589424
3221,21877.28890589424
3222,21877.28890589424
3223,21877.28890589424
3224,21877.50814975742
3225,21891.147610939643
3226,21909.434487150942
3227,21916.767930727186
3228,21920.540900716176
3229,21923.60922189191
3230,21938.67288267813
3231,21938.67288267813
3232,21948.94288143366
3233,21948.94288143366
3234,21948.94288143366
3235,21948.94288143366
3236,21948.94288143366
3237,21948.94288143366
3238,21948.94288143366
3239,21948.94288143366
3240,21948.94288143366
3241,21948.94288143366
3242,21948.94288143366
3243,21948.94288143366
3244,21964.863095632005
3245,21964.863095632005
3246,21977.841864212824
3247,21985.961534028673
3248,21997.04518240566
3249,21997.04518240566
3250,22034.955375058995
3251,22034.955375058995
3252,22034.955375058995
3253,22034.955375058995
3254,22034.955375058995
3255,22034.955375058995
3256,22034.955375058995
3257,22034.955375058995
3258,22034.955375058995
3259,22034.955375058995
3260,22034.955375058995
3261,22034.955375058995
3262,22035.11258872341
3263,22043.791465433766
3264,22043.791465433766
3265,22043.791465433766
3266,22043.791465433766
3267,22056.31408685782
3268,22056.31408685782
3269,22056.31408685782
3270,22056.31408685782
3271,22056.31408685782
3272,22082.854345843592
3273,22082.854345843592
3274,22082.854345843592
3275,22082.854345843592
3276,22082.854345843592
3277,22082.854345843592
3278,22082.854345843592
3279,22082.854345843592
3280,22082.854345843592
3281,22113.71779056309
3282,22113.71779056309
3283,22113.71779056309
3284,22134.791639987925
3285,22134.791639987925
3286,22134.791639987925
3287,22134.791639987925
3288,22134.791639987925
3289,22150.5198849817
3290,22150.5198849817
3291,22150.5198849817
3292,22151.840611042357
3293,22163.699100257665
3294,22171.65821794507
3295,22195.392817875814
3296,22195.392817875814
3297,22195.392817875814
3298,22195.392817875814
3299,22195.392817875814
3300,22195.392817875814
3301,22195.392817875814
3302,22217.136114646
3303,22217.136114646
3304,22217.136114646
3305,22217.136114646
3306,22217.136114646
3307,22217.136114646
3308,22217.136114646
3309,22217.136114646
3310,22217.136114646
3311,22217.136114646
3312,22217.136114646
3313,22217.136114646
3314,22229.680400011177
3315,22229.680400011177
3316,22229.680400011177
3317,22229.680400011177
3318,22229.680400011177
3319,22261.51390667062
3320,22273.91099977
3321,22273.91099977
3322,22273.91099977
3323,22273.91099977
3324,22273.91099977
3325,22273.91099977
3326,22273.91099977
3327,22287.315410027302
3328,22299.07549362619
3329,22311.372727022837
3330,22311.372727022837
3331,22311.372727022837
3332,22311.372727022837
3333,22311.372727022837
3334,22311.372727022837
3335,22311.372727022837
3336,22311.372727022837
3337,22311.372727022837
3338,22311.372727022837
3339,22311.372727022837
3340,22311.372727022837
3341,22311.372727022837
3342,22311.372727022837
3343,22311.372727022837
3344,22311.372727022837
3345,22311.372727022837
3346,22311.372727022837
3347,22311.372727022837
3348,22311.372727022837
3349,22311.372727022837
3350,22311.372727022837
3351,22311.372727022837
3352,22311.372727022837
3353,22311.372727022837
3354,22311.372727022837
3355,22314.1199088703
3356,22314.1199088703
3357,22314.1199088703
3358,22314.1199088703
3359,22367.199910806085
3360,22367.199910806085
3361,22367.199910806085
3362,22367.199910806085
3363,22367.199910806085
3364,22380.41623000101
3365,22403.797193024395
3366,22403.797193024395
3367,22403.797193024395
3368,22403.797193024395
3369,22403.797193024395
3370,22403.797193024395
3371,22403.797193024395
3372,22403.797193024395
3373,22403.797193024395
3374,22403.797193024395
3375,22403.797193024395
3376,22407.788445834125
3377,22407.788445834125
3378,22407.788445834125
3379,22407.788445834125
3380,22407.788445834125
3381,22407.788445834125
3382,22407.788445834125
3383,22407.788445834125
3384,22407.788445834125
3385,22407.788445834125
3386,22407.788445834125
3387,22407.788445834125
3388,22407.788445834125
3389,22407.788445834125
3390,22407.788445834125
3391,22407.788445834125
3392,22414.25084510142
3393,22414.25084510142
3394,22414.25084510142
3395,22414.25084510142
3396,22414.25084510142
3397,22414.25084510142
3398,22414.25084510142
3399,22414.25084510142
3400,22414.25084510142
3401,22414.25084510142
3402,22414.25084510142
3403,22414.25084510142
3404,22414.25084510142
3405,22425.455529666873
3406,22425.455529666873
3407,22425.455529666873
3408,22425.455529666873
3409,22425.455529666873
3410,22425.455529666873
3411,22425.455529666873
3412,22435.72911379693
3413,22443.994087240957
3414,22443.994087240957
3415,22443.994087240957
3416,22443.994087240957
3417,22443.994087240957
3418,22443.994087240957
3419,22443.994087240957
3420,22443.994087240957
3421,22443.994087240957
3422,22443.994087240957
3423,22443.994087240957
3424,22443.994087240957
3425,22443.994087240957
3426,22443.994087240957
3427,22443.994087240957
3428,22443.994087240957
3429,22443.994087240957
3430,22443.994087240957
3431,22443.994087240957
3432,22443.994087240957
3433,22443.994087240957
3434,22443.994087240957
3435,22443.994087240957
3436,22443.994087240957
3437,22443.994087240957
3438,22443.994087240957
3439,22443.994087240957
3440,22443.994087240957
3441,22443.994087240957
3442,22443.994087240957
3443,22443.994087240957
3444,22443.994087240957
3445,22458.601375638016
3446,22469.718068379763
3447,22469.718068379763
3448,22469.718068379763
3449,22469.718068379763
3450,22469.718068379763
3451,22469.718068379763
3452,22469.718068379763
3453,22483.82222299328
3454,22483.82222299328
3455,22483.82222299328
3456,22483.82222299328
3457,22483.82222299328
3458,22483.82222299328
3459,22483.82222299328
3460,22483.82222299328
3461,22503.62735106759
3462,22503.62735106759
3463,22505.315980344807
3464,22505.315980344807
3465,22505.315980344807
3466,22524.98990817
3467,22524.98990817
3468,22532.9475242339
3469,22532.9475242339
3470,22532.9475242339
3471,22543.249699059033
3472,22543.249699059033
3473,22543.249699059033
3474,22543.249699059033
3475,22543.249699059033
3476,22543.249699059033
3477,22543.249699059033
3478,22543.249699059033
3479,22555.591673985255
3480,22555.591673985255
3481,22555.591673985255
3482,22555.591673985255
3483,22555.591673985255
3484,22555.591673985255
3485,22555.591673985255
3486,22575.50530987216
3487,22575.50530987216
3488,22575.50530987216
3489,22575.50530987216
3490,22575.50530987216
3491,22575.50530987216
3492,22575.50530987216
3493,22575.50530987216
3494,22575.50530987216
3495,22590.53208329181
3496,22590.53208329181
3497,22600.30617448994
3498,22600.30617448994
3499,22600.30617448994
3500,22600.30617448994
3501,22600.30617448994
3502,22600.30617448994
3503,22624.118708172628
3504,22624.118708172628
3505,22624.118708172628
3506,22647.25067431438
3507,22647.25067431438
3508,22647.25067431438
3509,22662.001073131138
3510,22668.891186526023
3511,22668.891186526023
3512,22668.891186526023
3513,22668.891186526023
3514,22668.891186526023
3515,22668.891186526023
3516,22668.891186526023
3517,22668.891186526023
3518,22668.891186526023
3519,22668.891186526023
3520,22668.891186526023
3521,22668.891186526023
3522,22684.11143412479
3523,22684.11143412479
3524,22684.11143412479
3525,22690.333737117962
3526,22690.333737117962
3527,22690.333737117962
3528,22740.604216770305
3529,22740.604216770305
3530,22740.604216770305
3531,22740.604216770305
3532,22740.604216770305
3533,22740.604216770305
3534,22740.604216770305
3535,22740.604216770305
3536,22740.604216770305
3537,22740.604216770305
3538,22740.604216770305
3539,22740.604216770305
3540,22740.604216770305
3541,22740.604216770305
3542,22740.604216770305
3543,22767.634449825484
3544,22785.65032771825
3545,22793.550154077984
3546,22793.550154077984
3547,22793.550154077984
3548,22793.550154077984
3549,22793.550154077984
3550,22793.550154077984
3551,22793.550154077984
3552,22804.38894469124
3553,22804.38894469124
3554,22804.38894469124
3555,22804.38894469124
3556,22804.38894469124
3557,22804.38894469124
3558,22804.38894469124
3559,22812.037657390592
3560,22812.037657390592
3561,22849.20113269495
3562,22849.20113269495
3563,22849.20113269495
3564,22849.20113269495
3565,22849.20113269495
3566,22849.20113269495
3567,22849.20113269495
3568,22849.20113269495
3569,22849.20113269495
3570,22849.20113269495
3571,22849.20113269495
3572,22849.20113269495
3573,22849.20113269495
3574,22849.20113269495
3575,22849.20113269495
3576,22849.20113269495
3577,22849.20113269495
3578,22849.20113269495
3579,22849.20113269495
3580,22849.20113269495
3581,22849.20113269495
3582,22849.20113269495
3583,22857.94889625885
3584,22857.94889625885
3585,22857.94889625885
3586,22857.94889625885
3587,22857.94889625885
3588,22857.94889625885
3589,22857.94889625885
3590,22857.94889625885
3591,22857.94889625885
3592,22857.94889625885
3593,22857.94889625885
3594,22872.440083053698
3595,22872.440083053698
3596,22891.306303949128
3597,22891.306303949128
3598,22891.306303949128
