Time,Junction 1 delay
0,0.0
1,0.0
2,0.0
3,0.0
4,0.0
5,0.0
6,0.0
7,0.0
8,0.0
9,0.0
10,0.0
11,0.0
12,0.0
13,0.0
14,0.0
15,0.0
16,0.0
17,0.0
18,0.0
19,0.0
20,0.0
21,0.0
22,0.0
23,0.0
24,0.0
25,0.0
26,0.0
27,0.0
28,0.0
29,0.0
30,0.0
31,0.0
32,0.0
33,0.0
34,0.0
35,0.0
36,0.0
37,0.6411004813022216
38,0.6411004813022216
39,0.6411004813022216
40,0.6411004813022216
41,0.6411004813022216
42,0.6411004813022216
43,0.6411004813022216
44,0.6411004813022216
45,0.6411004813022216
46,0.6411004813022216
47,0.6411004813022216
48,0.6411004813022216
49,0.6411004813022216
50,0.6411004813022216
51,22.646800082422896
52,22.646800082422896
53,22.646800082422896
54,22.646800082422896
55,38.35399308030982
56,38.35399308030982
57,38.35399308030982
58,55.307917849566124
59,55.307917849566124
60,55.307917849566124
61,55.307917849566124
62,55.307917849566124
63,55.307917849566124
64,55.307917849566124
65,55.307917849566124
66,55.307917849566124
67,55.307917849566124
68,55.307917849566124
69,55.307917849566124
70,55.307917849566124
71,55.307917849566124
72,55.307917849566124
73,55.307917849566124
74,55.307917849566124
75,55.74992983875651
76,55.74992983875651
77,55.74992983875651
78,55.74992983875651
79,55.74992983875651
80,55.74992983875651
81,55.74992983875651
82,55.74992983875651
83,55.74992983875651
84,55.74992983875651
85,55.74992983875651
86,55.74992983875651
87,55.74992983875651
88,55.74992983875651
89,55.74992983875651
90,55.74992983875651
91,56.21918223760791
92,56.21918223760791
93,89.62041110513954
94,89.62041110513954
95,156.71940550753996
96,212.56195209462936
97,266.99066009662096
98,271.5729963176902
99,271.5729963176902
100,271.5729963176902
101,271.5729963176902
102,271.5729963176902
103,271.5729963176902
104,271.5729963176902
105,271.5729963176902
106,271.5729963176902
107,271.5729963176902
108,271.5729963176902
109,271.5729963176902
110,271.5729963176902
111,271.5729963176902
112,271.5729963176902
113,271.5729963176902
114,271.5729963176902
115,271.5729963176902
116,271.5729963176902
117,271.5729963176902
118,271.5729963176902
119,271.5729963176902
120,271.5729963176902
121,271.5729963176902
122,271.5729963176902
123,271.5729963176902
124,272.174857748847
125,272.174857748847
126,272.174857748847
127,272.174857748847
128,272.174857748847
129,272.174857748847
130,272.174857748847
131,272.174857748847
132,272.174857748847
133,272.174857748847
134,272.174857748847
135,272.174857748847
136,272.174857748847
137,272.174857748847
138,272.174857748847
139,272.174857748847
140,272.174857748847
141,272.174857748847
142,272.174857748847
143,272.174857748847
144,272.174857748847
145,272.174857748847
146,272.174857748847
147,272.174857748847
148,272.174857748847
149,272.174857748847
150,272.174857748847
151,272.174857748847
152,272.174857748847
153,272.174857748847
154,272.6495634763173
155,272.6495634763173
156,272.6495634763173
157,272.6495634763173
158,272.6495634763173
159,272.6495634763173
160,272.6495634763173
161,272.6495634763173
162,272.6495634763173
163,272.6495634763173
164,272.6495634763173
165,272.6495634763173
166,272.6495634763173
167,272.6495634763173
168,272.6495634763173
169,272.6495634763173
170,272.6495634763173
171,272.6495634763173
172,376.13256141537926
173,485.17844570393646
174,485.17844570393646
175,563.6926039971125
176,656.5048932867664
177,692.1080419240013
178,692.1080419240013
179,692.1080419240013
180,692.1080419240013
181,692.1080419240013
182,692.1080419240013
183,692.1080419240013
184,692.1080419240013
185,692.1080419240013
186,692.1080419240013
187,692.1080419240013
188,692.1080419240013
189,692.1080419240013
190,692.1080419240013
191,692.1080419240013
192,692.1080419240013
193,692.1080419240013
194,692.1080419240013
195,692.1080419240013
196,692.1080419240013
197,692.1080419240013
198,692.1080419240013
199,692.1080419240013
200,692.1080419240013
201,692.1080419240013
202,692.1080419240013
203,692.1080419240013
204,692.1080419240013
205,692.1080419240013
206,692.1080419240013
207,692.1080419240013
208,692.1080419240013
209,692.655184820617
210,692.655184820617
211,692.655184820617
212,782.3993451238498
213,782.3993451238498
214,782.3993451238498
215,782.3993451238498
216,873.1572655468239
217,873.1572655468239
218,873.1572655468239
219,873.1572655468239
220,897.5629572175574
221,897.5629572175574
222,897.5629572175574
223,897.5629572175574
224,897.5629572175574
225,897.5629572175574
226,897.5629572175574
227,897.5629572175574
228,897.5629572175574
229,897.5629572175574
230,897.5629572175574
231,897.5629572175574
232,897.5629572175574
233,897.5629572175574
234,897.5629572175574
235,897.5629572175574
236,897.5629572175574
237,897.5629572175574
238,897.5629572175574
239,897.5629572175574
240,897.5629572175574
241,897.5629572175574
242,897.5629572175574
243,897.5629572175574
244,897.5629572175574
245,897.5629572175574
246,897.5629572175574
247,897.5629572175574
248,897.5629572175574
249,897.5629572175574
250,897.5629572175574
251,982.2262423568382
252,982.2262423568382
253,982.2262423568382
254,1024.651623641543
255,1024.651623641543
256,1091.5708862697234
257,1091.5708862697234
258,1121.234582037376
259,1121.234582037376
260,1121.234582037376
261,1121.234582037376
262,1121.234582037376
263,1121.234582037376
264,1121.234582037376
265,1121.234582037376
266,1121.234582037376
267,1121.234582037376
268,1121.234582037376
269,1121.234582037376
270,1121.234582037376
271,1121.234582037376
272,1121.234582037376
273,1121.234582037376
274,1121.234582037376
275,1121.234582037376
276,1121.234582037376
277,1121.234582037376
278,1121.234582037376
279,1121.234582037376
280,1121.234582037376
281,1121.7221482809553
282,1121.7221482809553
283,1121.7221482809553
284,1121.7221482809553
285,1121.7221482809553
286,1121.7221482809553
287,1121.7221482809553
288,1121.7221482809553
289,1121.7221482809553
290,1121.7221482809553
291,1121.7221482809553
292,1121.7221482809553
293,1121.7221482809553
294,1121.7221482809553
295,1220.5461097777559
296,1311.7966954571912
297,1394.258312632662
298,1492.3266716789972
299,1492.3266716789972
300,1492.3266716789972
301,1572.3695053027975
302,1651.8993666013414
303,1651.8993666013414
304,1651.8993666013414
305,1651.8993666013414
306,1729.3449588060796
307,1729.3449588060796
308,1729.3449588060796
309,1729.3449588060796
310,1729.3449588060796
311,1729.3449588060796
312,1729.3449588060796
313,1729.3449588060796
314,1729.3449588060796
315,1729.3449588060796
316,1729.3449588060796
317,1729.3449588060796
318,1729.3449588060796
319,1729.3449588060796
320,1729.3449588060796
321,1729.3449588060796
322,1729.3449588060796
323,1729.3449588060796
324,1729.3449588060796
325,1729.8407174401443
326,1729.8407174401443
327,1729.8407174401443
328,1729.8407174401443
329,1729.8407174401443
330,1729.8407174401443
331,1729.8407174401443
332,1729.8407174401443
333,1729.8407174401443
334,1729.8407174401443
335,1773.0230654784746
336,1773.0230654784746
337,1814.49615853643
338,1814.49615853643
339,1814.49615853643
340,1826.0138530993129
341,1826.0138530993129
342,1826.0138530993129
343,1826.0138530993129
344,1826.0138530993129
345,1826.0138530993129
346,1826.0138530993129
347,1826.0138530993129
348,1826.0138530993129
349,1826.0138530993129
350,1826.0138530993129
351,1826.0138530993129
352,1826.0138530993129
353,1826.0138530993129
354,1826.0138530993129
355,1826.0138530993129
356,1826.0138530993129
357,1826.0138530993129
358,1826.0138530993129
359,1826.0138530993129
360,1826.0138530993129
361,1826.0138530993129
362,1826.0138530993129
363,1826.0138530993129
364,1826.0138530993129
365,1826.0138530993129
366,1826.0138530993129
367,1826.0138530993129
368,1826.0138530993129
369,1826.0138530993129
370,1826.0138530993129
371,1826.0138530993129
372,1891.0396555625432
373,1891.0396555625432
374,1891.0396555625432
375,1891.0396555625432
376,1981.3346290769593
377,2046.6291067422426
378,2094.8767422912097
379,2097.349458859842
380,2097.349458859842
381,2123.1174884592338
382,2123.1174884592338
383,2123.1174884592338
384,2123.1174884592338
385,2123.1174884592338
386,2123.1174884592338
387,2123.1174884592338
388,2123.1174884592338
389,2123.1174884592338
390,2123.1174884592338
391,2123.1174884592338
392,2123.1174884592338
393,2123.1174884592338
394,2123.1174884592338
395,2123.1174884592338
396,2123.1174884592338
397,2123.1174884592338
398,2123.59034713056
399,2123.59034713056
400,2123.59034713056
401,2123.59034713056
402,2124.0057584068986
403,2124.0057584068986
404,2124.0057584068986
405,2124.0057584068986
406,2124.0057584068986
407,2124.0057584068986
408,2124.0057584068986
409,2124.0057584068986
410,2124.0057584068986
411,2124.0057584068986
412,2124.0057584068986
413,2215.684165191576
414,2215.684165191576
415,2318.6947652606336
416,2420.190848783963
417,2420.190848783963
418,2469.679861220636
419,2498.3143959557615
420,2515.0169432093985
421,2528.5074402050827
422,2528.5074402050827
423,2548.7432714355937
424,2548.7432714355937
425,2554.4092142904974
426,2554.4092142904974
427,2554.4092142904974
428,2556.4679472452235
429,2556.4679472452235
430,2556.4679472452235
431,2556.4679472452235
432,2556.4679472452235
433,2556.4679472452235
434,2556.4679472452235
435,2556.6303268479855
436,2557.003432791374
437,2557.003432791374
438,2557.003432791374
439,2557.003432791374
440,2557.003432791374
441,2557.003432791374
442,2557.003432791374
443,2557.003432791374
444,2557.003432791374
445,2557.003432791374
446,2557.003432791374
447,2557.003432791374
448,2557.003432791374
449,2557.003432791374
450,2557.003432791374
451,2557.003432791374
452,2557.003432791374
453,2557.003432791374
454,2557.003432791374
455,2658.8362259224696
456,2658.8362259224696
457,2744.267125415614
458,2785.8499974399733
459,2888.5275364408953
460,2888.5275364408953
461,2971.873322839132
462,2971.873322839132
463,3054.0823038102326
464,3054.0823038102326
465,3054.0823038102326
466,3054.0823038102326
467,3054.0823038102326
468,3054.0823038102326
469,3054.0823038102326
470,3054.934361524913
471,3054.934361524913
472,3054.934361524913
473,3054.934361524913
474,3054.934361524913
475,3054.934361524913
476,3054.934361524913
477,3054.934361524913
478,3054.934361524913
479,3054.934361524913
480,3054.934361524913
481,3054.934361524913
482,3054.934361524913
483,3054.934361524913
484,3054.934361524913
485,3054.934361524913
486,3054.934361524913
487,3054.934361524913
488,3054.934361524913
489,3054.934361524913
490,3054.934361524913
491,3054.934361524913
492,3054.934361524913
493,3155.3571952363886
494,3155.3571952363886
495,3258.0177709832205
496,3293.519266041768
497,3384.240702123756
498,3434.4327906533877
499,3488.6973026153746
500,3488.6973026153746
501,3524.74131932267
502,3553.713440170593
503,3605.956459773408
504,3626.7103672057947
505,3626.7103672057947
506,3626.7103672057947
507,3626.7103672057947
508,3631.3145216238454
509,3637.939224495604
510,3639.789273490243
511,3639.789273490243
512,3639.789273490243
513,3639.789273490243
514,3640.7318523262666
515,3640.7318523262666
516,3640.7318523262666
517,3640.7318523262666
518,3640.7318523262666
519,3640.7318523262666
520,3640.7318523262666
521,3640.7318523262666
522,3640.7318523262666
523,3640.7318523262666
524,3640.7318523262666
525,3640.7318523262666
526,3640.7318523262666
527,3640.7318523262666
528,3640.7318523262666
529,3640.7318523262666
530,3640.7318523262666
531,3640.7318523262666
532,3728.9362771731576
533,3728.9362771731576
534,3790.835206518907
535,3876.3407483051024
536,3897.079921080668
537,4007.5107011348714
538,4067.344469626628
539,4067.344469626628
540,4067.344469626628
541,4106.560060116878
542,4106.560060116878
543,4131.015496084736
544,4155.843520748152
545,4155.843520748152
546,4155.843520748152
547,4167.360708480025
548,4175.026530904952
549,4175.026530904952
550,4175.026530904952
551,4175.026530904952
552,4175.026530904952
553,4175.026530904952
554,4175.026530904952
555,4175.026530904952
556,4175.026530904952
557,4175.026530904952
558,4175.026530904952
559,4175.026530904952
560,4175.543496923178
561,4175.543496923178
562,4175.543496923178
563,4175.543496923178
564,4175.543496923178
565,4175.543496923178
566,4175.543496923178
567,4175.543496923178
568,4175.913940268932
569,4175.913940268932
570,4175.913940268932
571,4287.3369894285415
572,4289.85214854283
573,4355.615522284183
574,4355.615522284183
575,4410.460505696268
576,4498.403298979239
577,4498.403298979239
578,4498.403298979239
579,4560.82643945466
580,4602.154810319123
581,4632.435208628428
582,4648.763898517913
583,4648.763898517913
584,4659.428203962398
585,4659.428203962398
586,4673.954656436335
587,4673.954656436335
588,4673.954656436335
589,4673.954656436335
590,4673.954656436335
591,4673.954656436335
592,4674.811688327107
593,4674.811688327107
594,4674.811688327107
595,4674.811688327107
596,4674.811688327107
597,4674.811688327107
598,4674.811688327107
599,4675.4042703778705
600,4675.4042703778705
601,4675.4042703778705
602,4675.4042703778705
603,4675.4042703778705
604,4675.4042703778705
605,4675.4042703778705
606,4675.4042703778705
607,4675.4042703778705
608,4675.4042703778705
609,4675.4042703778705
610,4675.4042703778705
611,4675.4042703778705
612,4675.4042703778705
613,4675.4042703778705
614,4675.4042703778705
615,4780.501578229728
616,4780.501578229728
617,4857.91928779743
618,4937.955581191886
619,5006.46527469961
620,5065.215623909167
621,5091.469298303621
622,5091.469298303621
623,5133.999739798142
624,5133.999739798142
625,5166.3227188892
626,5166.3227188892
627,5166.3227188892
628,5166.3227188892
629,5166.3227188892
630,5166.992343925083
631,5166.992343925083
632,5167.018763592216
633,5167.018763592216
634,5167.018763592216
635,5167.018763592216
636,5167.018763592216
637,5167.018763592216
638,5167.018763592216
639,5167.018763592216
640,5167.511570734262
641,5167.600286987068
642,5167.600286987068
643,5167.600286987068
644,5167.600286987068
645,5167.600286987068
646,5167.600286987068
647,5167.600286987068
648,5167.600286987068
649,5168.10657787447
650,5168.10657787447
651,5168.10657787447
652,5168.10657787447
653,5216.094106720003
654,5216.094106720003
655,5278.739398434847
656,5359.589684501701
657,5406.92717085733
658,5406.92717085733
659,5452.9596144460265
660,5452.9596144460265
661,5466.381870336273
662,5499.023327481152
663,5501.313606542974
664,5501.313606542974
665,5501.313606542974
666,5501.313606542974
667,5501.313606542974
668,5501.313606542974
669,5501.313606542974
670,5501.313606542974
671,5501.313606542974
672,5501.313606542974
673,5501.313606542974
674,5501.313606542974
675,5501.313606542974
676,5501.313606542974
677,5501.313606542974
678,5501.313606542974
679,5501.313606542974
680,5501.313606542974
681,5501.313606542974
682,5501.313606542974
683,5501.313606542974
684,5501.313606542974
685,5501.313606542974
686,5501.313606542974
687,5501.313606542974
688,5501.313606542974
689,5501.763195917662
690,5501.763195917662
691,5501.763195917662
692,5592.441859150235
693,5592.441859150235
694,5623.105935447482
695,5645.870256470322
696,5684.337056353081
697,5684.337056353081
698,5684.337056353081
699,5804.449421115613
700,5885.914720291972
701,5885.914720291972
702,5952.8249442716615
703,5952.8249442716615
704,5952.8249442716615
705,5952.8249442716615
706,5952.8249442716615
707,5952.8249442716615
708,5952.8249442716615
709,5952.8249442716615
710,5952.8249442716615
711,5952.8249442716615
712,5952.8249442716615
713,5952.8249442716615
714,5952.8249442716615
715,5952.8249442716615
716,5952.8249442716615
717,5952.8249442716615
718,5952.8249442716615
719,5952.8249442716615
720,5952.8249442716615
721,5952.8249442716615
722,5952.8249442716615
723,5952.8249442716615
724,5952.8249442716615
725,5952.8249442716615
726,5953.254578642743
727,5953.254578642743
728,5953.254578642743
729,5953.254578642743
730,5953.254578642743
731,5953.254578642743
732,5953.254578642743
733,6031.909984604284
734,6031.909984604284
735,6147.456737773614
736,6162.168315380171
737,6245.620252620049
738,6301.343128813534
739,6329.249096127091
740,6393.650036561712
741,6441.626876044285
742,6471.69084904883
743,6471.69084904883
744,6476.794341401415
745,6510.143780664711
746,6518.925435712608
747,6538.864403943102
748,6558.302798252232
749,6558.302798252232
750,6558.302798252232
751,6558.302798252232
752,6558.302798252232
753,6558.302798252232
754,6558.302798252232
755,6558.404052824962
756,6558.404052824962
757,6558.404052824962
758,6558.404052824962
759,6558.404052824962
760,6558.404052824962
761,6558.404052824962
762,6558.404052824962
763,6558.404052824962
764,6558.761794134286
765,6558.761794134286
766,6558.761794134286
767,6558.761794134286
768,6558.761794134286
769,6558.761794134286
770,6558.761794134286
771,6558.761794134286
772,6558.761794134286
773,6558.761794134286
774,6559.484854988825
775,6666.735490256129
776,6785.880071442885
777,6884.830653535683
778,6980.725477108143
779,6980.725477108143
780,7048.572163247907
781,7126.602649965073
782,7195.808022957969
783,7195.808022957969
784,7195.808022957969
785,7195.808022957969
786,7195.808022957969
787,7195.808022957969
788,7195.808022957969
789,7195.808022957969
790,7195.808022957969
791,7195.808022957969
792,7196.256487904483
793,7196.256487904483
794,7196.256487904483
795,7196.256487904483
796,7196.256487904483
797,7196.256487904483
798,7196.256487904483
799,7196.256487904483
800,7196.256487904483
801,7196.256487904483
802,7196.256487904483
803,7196.256487904483
804,7196.256487904483
805,7196.256487904483
806,7196.256487904483
807,7196.690412645718
808,7196.690412645718
809,7196.690412645718
810,7197.1973187246585
811,7197.851575761532
812,7290.545343454791
813,7290.545343454791
814,7290.545343454791
815,7369.013499970518
816,7481.297714004977
817,7573.624222892731
818,7638.994838500722
819,7707.91674498397
820,7759.602999813764
821,7759.602999813764
822,7792.56120672211
823,7825.760639194747
824,7825.760639194747
825,7837.0668439441
826,7846.867260018316
827,7846.867260018316
828,7846.867260018316
829,7851.026295720995
830,7854.259023264383
831,7854.259023264383
832,7854.259023264383
833,7854.259023264383
834,7854.259023264383
835,7854.259023264383
836,7854.259023264383
837,7854.259023264383
838,7854.259023264383
839,7854.259023264383
840,7854.259023264383
841,7854.259023264383
842,7854.259023264383
843,7854.259023264383
844,7854.259023264383
845,7854.259023264383
846,7854.259023264383
847,7854.259023264383
848,7854.259023264383
849,7854.259023264383
850,7854.259023264383
851,7854.259023264383
852,7940.198996770644
853,7940.198996770644
854,8026.4666768250545
855,8105.985966043249
856,8210.16128020326
857,8272.6227634814
858,8351.981021239833
859,8443.776097193226
860,8501.53171449036
861,8568.795030420992
862,8631.821981839834
863,8683.23792537691
864,8742.22245009177
865,8742.22245009177
866,8798.67836325788
867,8846.430449333615
868,8846.430449333615
869,8888.02400322282
870,8925.873616311
871,8954.710623999155
872,8987.879436072835
873,8987.879436072835
874,9019.444032404655
875,9071.37955989223
876,9074.465666855205
877,9101.486370526347
878,9112.71440258913
879,9166.450920840736
880,9166.450920840736
881,9187.761073549595
882,9187.761073549595
883,9187.761073549595
884,9187.761073549595
885,9187.761073549595
886,9187.761073549595
887,9187.761073549595
888,9187.761073549595
889,9187.761073549595
890,9187.761073549595
891,9187.761073549595
892,9188.195702594863
893,9188.195702594863
894,9188.195702594863
895,9303.251049357637
896,9378.758586771903
897,9448.937226734846
898,9529.567779335612
899,9599.061341110926
900,9633.006430623298
901,9698.498206924569
902,9734.455471113626
903,9734.455471113626
904,9748.357455534664
905,9795.25269660384
906,9822.734283162676
907,9838.89763420691
908,9846.666439816725
909,9846.666439816725
910,9852.89589659454
911,9852.89589659454
912,9855.29165408859
913,9855.29165408859
914,9855.29165408859
915,9855.29165408859
916,9855.78913761127
917,9855.78913761127
918,9855.78913761127
919,9855.78913761127
920,9856.339035678315
921,9856.339035678315
922,9856.339035678315
923,9856.339035678315
924,9856.918377217715
925,9858.45506836501
926,9858.45506836501
927,9858.45506836501
928,9858.45506836501
929,9858.45506836501
930,9858.45506836501
931,9858.45506836501
932,9858.45506836501
933,9858.45506836501
934,9975.5101403052
935,9975.5101403052
936,10082.524097265257
937,10171.534604930788
938,10260.393738896028
939,10342.84511248567
940,10414.511911201538
941,10452.315853797929
942,10514.180359081238
943,10557.270512276138
944,10557.270512276138
945,10557.270512276138
946,10597.858603280361
947,10597.858603280361
948,10597.858603280361
949,10597.858603280361
950,10597.858603280361
951,10597.858603280361
952,10597.858603280361
953,10597.858603280361
954,10597.858603280361
955,10597.858603280361
956,10597.858603280361
957,10597.858603280361
958,10597.858603280361
959,10598.387918240314
960,10598.387918240314
961,10598.387918240314
962,10598.387918240314
963,10598.387918240314
964,10598.387918240314
965,10598.387918240314
966,10598.387918240314
967,10598.887932724181
968,10598.887932724181
969,10598.887932724181
970,10598.887932724181
971,10598.887932724181
972,10598.887932724181
973,10716.48539429728
974,10716.48539429728
975,10826.263057881348
976,10927.692632818997
977,10978.545033337858
978,11022.03143202953
979,11022.03143202953
980,11102.435224906938
981,11108.944872513048
982,11175.194025256184
983,11180.685232210437
984,11184.877577960006
985,11191.73237279614
986,11191.73237279614
987,11191.73237279614
988,11191.73237279614
989,11191.73237279614
990,11191.73237279614
991,11191.78473693604
992,11191.78473693604
993,11191.78473693604
994,11191.78473693604
995,11191.78473693604
996,11191.78473693604
997,11191.78473693604
998,11191.78473693604
999,11191.78473693604
1000,11191.78473693604
1001,11191.78473693604
1002,11191.78473693604
1003,11191.78473693604
1004,11191.78473693604
1005,11191.78473693604
1006,11191.78473693604
1007,11191.78473693604
1008,11191.78473693604
1009,11191.78473693604
1010,11191.78473693604
1011,11191.78473693604
1012,11294.041488482177
1013,11294.041488482177
1014,11417.149053611409
1015,11512.281483670746
1016,11610.02166683359
1017,11701.095793778039
1018,11805.973513732828
1019,11884.512957387074
1020,11961.942386019658
1021,12065.493552115506
1022,12150.759679754316
1023,12150.759679754316
1024,12225.225649163
1025,12287.783355127236
1026,12287.783355127236
1027,12339.375870295686
1028,12392.887727841962
1029,12426.067883450896
1030,12447.75158618768
1031,12447.75158618768
1032,12488.436383176451
1033,12488.436383176451
1034,12488.436383176451
1035,12519.573515784501
1036,12532.542322023875
1037,12532.542322023875
1038,12556.822675491852
1039,12556.822675491852
1040,12582.372196185393
1041,12582.372196185393
1042,12582.372196185393
1043,12595.113822297131
1044,12595.113822297131
1045,12595.113822297131
1046,12596.299795047054
1047,12598.395802578672
1048,12598.395802578672
1049,12598.912791933491
1050,12600.8553914021
1051,12600.8553914021
1052,12688.107316950398
1053,12754.090735471002
1054,12754.090735471002
1055,12754.090735471002
1056,12846.752586851053
1057,12907.643027864478
1058,12990.449952319645
1059,13044.391938657827
1060,13097.852624812513
1061,13144.462641091346
1062,13187.827986225975
1063,13227.825307954874
1064,13274.399671948311
1065,13301.891399023472
1066,13301.891399023472
1067,13301.891399023472
1068,13301.891399023472
1069,13301.891399023472
1070,13301.891399023472
1071,13301.891399023472
1072,13301.891399023472
1073,13301.891399023472
1074,13301.891399023472
1075,13301.891399023472
1076,13301.891399023472
1077,13301.891399023472
1078,13301.891399023472
1079,13301.891399023472
1080,13301.891399023472
1081,13301.891399023472
1082,13301.891399023472
1083,13301.891399023472
1084,13301.891399023472
1085,13301.891399023472
1086,13301.891399023472
1087,13301.891399023472
1088,13301.891399023472
1089,13301.891399023472
1090,13301.891399023472
1091,13301.891399023472
1092,13301.891399023472
1093,13301.891399023472
1094,13425.239761248169
1095,13532.534579316394
1096,13649.96285878342
1097,13764.710679276946
1098,13857.676236249878
1099,13956.854922250297
1100,14056.652407754606
1101,14153.992992562069
1102,14246.606578506317
1103,14343.903415800152
1104,14343.903415800152
1105,14406.644108161334
1106,14461.85138080893
1107,14527.695105209672
1108,14538.187940855049
1109,14569.354783896735
1110,14569.354783896735
1111,14617.836147962376
1112,14619.515458905616
1113,14663.430710317974
1114,14663.430710317974
1115,14663.430710317974
1116,14664.95026741152
1117,14664.95026741152
1118,14665.659416146897
1119,14665.659416146897
1120,14666.80897516702
1121,14666.80897516702
1122,14666.80897516702
1123,14666.80897516702
1124,14666.80897516702
1125,14666.80897516702
1126,14667.642870601992
1127,14667.642870601992
1128,14667.642870601992
1129,14667.642870601992
1130,14667.642870601992
1131,14667.642870601992
1132,14667.642870601992
1133,14734.501342624766
1134,14734.501342624766
1135,14830.36609966524
1136,14951.694798258215
1137,15060.280781727703
1138,15138.730490267248
1139,15138.730490267248
1140,15198.082115518559
1141,15275.286678892779
1142,15319.169636707078
1143,15319.169636707078
1144,15319.169636707078
1145,15319.169636707078
1146,15355.382419453312
1147,15355.382419453312
1148,15355.382419453312
1149,15377.927048243933
1150,15377.927048243933
1151,15377.927048243933
1152,15378.3390353248
1153,15380.890250226506
1154,15380.890250226506
1155,15380.890250226506
1156,15381.712038291937
1157,15381.712038291937
1158,15381.712038291937
1159,15381.712038291937
1160,15381.712038291937
1161,15381.712038291937
1162,15381.712038291937
1163,15381.712038291937
1164,15381.712038291937
1165,15381.712038291937
1166,15382.117946002461
1167,15382.117946002461
1168,15382.117946002461
1169,15382.635199512168
1170,15382.635199512168
1171,15382.635199512168
1172,15506.909272435256
1173,15625.746233855738
1174,15739.764039027837
1175,15851.07829417399
1176,15967.69070601979
1177,16073.456600504656
1178,16174.520310609621
1179,16269.897448381578
1180,16367.899200763619
1181,16459.5347132931
1182,16537.262357456453
1183,16619.352593593114
1184,16619.352593593114
1185,16685.75249327785
1186,16751.74070126118
1187,16805.33137658105
1188,16842.95637796402
1189,16892.387822468165
1190,16948.856967024065
1191,16980.597122652773
1192,16980.597122652773
1193,16980.597122652773
1194,17020.002867277806
1195,17058.578969582584
1196,17094.658483406394
1197,17094.658483406394
1198,17099.48548015058
1199,17137.590291144155
1200,17137.590291144155
1201,17137.590291144155
1202,17137.590291144155
1203,17137.590291144155
1204,17145.955053545542
1205,17145.955053545542
1206,17151.684352045544
1207,17173.392621218623
1208,17173.392621218623
1209,17173.392621218623
1210,17173.392621218623
1211,17173.392621218623
1212,17276.095518634836
1213,17378.53388740036
1214,17378.53388740036
1215,17461.483478696202
1216,17554.043510165528
1217,17566.30718987065
1218,17607.00653932479
1219,17646.69765337542
1220,17646.69765337542
1221,17664.88306286218
1222,17674.08518308734
1223,17674.08518308734
1224,17674.08518308734
1225,17674.08518308734
1226,17679.72235481402
1227,17679.72235481402
1228,17679.72235481402
1229,17679.72235481402
1230,17679.72235481402
1231,17680.095526648194
1232,17680.095526648194
1233,17680.095526648194
1234,17680.095526648194
1235,17680.640038686986
1236,17680.640038686986
1237,17680.640038686986
1238,17680.640038686986
1239,17680.640038686986
1240,17680.640038686986
1241,17680.640038686986
1242,17680.640038686986
1243,17680.640038686986
1244,17681.049593911084
1245,17681.049593911084
1246,17681.049593911084
1247,17681.049593911084
1248,17681.049593911084
1249,17681.049593911084
1250,17681.049593911084
1251,17681.049593911084
1252,17681.049593911084
1253,17681.049593911084
1254,17681.049593911084
1255,17775.134541891817
1256,17883.110001707482
1257,17978.723193177168
1258,17978.723193177168
1259,18075.43137063447
1260,18182.93159378182
1261,18269.312205151793
1262,18360.87616731617
1263,18360.87616731617
1264,18443.418535377867
1265,18499.70727700401
1266,18599.73789271237
1267,18679.33384530309
1268,18679.33384530309
1269,18763.50144339967
1270,18865.59934550971
1271,18877.864119122652
1272,18877.864119122652
1273,18977.10758009154
1274,18993.001844701754
1275,18993.001844701754
1276,19079.46844525283
1277,19079.46844525283
1278,19079.46844525283
1279,19104.34763972364
1280,19104.34763972364
1281,19104.83925694751
1282,19104.83925694751
1283,19104.83925694751
1284,19105.032171056333
1285,19106.03773717665
1286,19106.03773717665
1287,19106.03773717665
1288,19106.03773717665
1289,19106.03773717665
1290,19106.347142261257
1291,19106.347142261257
1292,19227.59186604492
1293,19227.59186604492
1294,19227.59186604492
1295,19338.281456880108
1296,19427.567944056897
1297,19532.560062434895
1298,19602.271580160275
1299,19678.028855976136
1300,19748.355287108185
1301,19801.03776533749
1302,19869.576759004325
1303,19869.576759004325
1304,19884.149212586235
1305,19925.588837238247
1306,19960.51137340954
1307,19960.51137340954
1308,19960.51137340954
1309,19995.84933466441
1310,20046.62138887937
1311,20047.525773145277
1312,20093.018176244295
1313,20134.17576667171
1314,20134.17576667171
1315,20146.31803472751
1316,20146.31803472751
1317,20146.31803472751
1318,20146.31803472751
1319,20146.31803472751
1320,20146.31803472751
1321,20146.31803472751
1322,20146.31803472751
1323,20146.94443649423
1324,20146.94443649423
1325,20146.94443649423
1326,20146.94443649423
1327,20146.94443649423
1328,20146.94443649423
1329,20146.94443649423
1330,20146.94443649423
1331,20146.94443649423
1332,20274.830046907107
1333,20274.830046907107
1334,20424.90628073219
1335,20424.90628073219
1336,20424.90628073219
1337,20573.225395051602
1338,20705.3785016554
1339,20832.755453582144
1340,20959.645118064927
1341,21070.317962261357
1342,21181.649585150022
1343,21299.804882068882
1344,21402.59993836518
1345,21507.126250937283
1346,21611.466617528036
1347,21717.43284278135
1348,21811.995972327313
1349,21875.71397586586
1350,21875.71397586586
1351,21963.182391116174
1352,22034.9387085057
1353,22088.14987758761
1354,22160.177957695163
1355,22197.250872710698
1356,22245.25893781741
1357,22245.25893781741
1358,22245.25893781741
1359,22311.41536710621
1360,22319.4235597396
1361,22319.4235597396
1362,22319.587460528808
1363,22319.587460528808
1364,22320.89690165968
1365,22320.89690165968
1366,22320.89690165968
1367,22323.13429651706
1368,22324.551781454767
1369,22324.551781454767
1370,22324.551781454767
1371,22431.058413381303
1372,22431.058413381303
1373,22431.058413381303
1374,22539.19996474019
1375,22539.19996474019
1376,22638.3222640682
1377,22668.967502467156
1378,22758.604851619377
1379,22773.71028270363
1380,22773.71028270363
1381,22773.71028270363
1382,22773.71028270363
1383,22773.71028270363
1384,22773.71028270363
1385,22776.37748617306
1386,22776.37748617306
1387,22776.37748617306
1388,22776.593670279166
1389,22776.593670279166
1390,22776.593670279166
1391,22776.593670279166
1392,22776.593670279166
1393,22777.086975865142
1394,22777.692694156958
1395,22777.692694156958
1396,22777.692694156958
1397,22777.692694156958
1398,22777.93618233278
1399,22777.93618233278
1400,22777.93618233278
1401,22777.93618233278
1402,22777.93618233278
1403,22777.93618233278
1404,22777.93618233278
1405,22777.93618233278
1406,22777.93618233278
1407,22777.93618233278
1408,22777.93618233278
1409,22777.93618233278
1410,22777.93618233278
1411,22777.93618233278
1412,22777.93618233278
1413,22777.93618233278
1414,22777.93618233278
1415,22886.165996166063
1416,22998.499441975542
1417,22998.499441975542
1418,23102.43809376187
1419,23204.30434796961
1420,23288.380635499092
1421,23390.208426335477
1422,23485.343001247944
1423,23559.30176270165
1424,23644.81313803069
1425,23718.86017924835
1426,23798.825417710283
1427,23864.9069001328
1428,23864.9069001328
1429,23940.38548910554
1430,23940.87604421718
1431,23940.87604421718
1432,23940.87604421718
1433,23940.87604421718
1434,23940.87604421718
1435,23940.87604421718
1436,23940.87604421718
1437,23940.87604421718
1438,23940.87604421718
1439,23940.87604421718
1440,23940.87604421718
1441,23940.87604421718
1442,23940.87604421718
1443,23940.87604421718
1444,23940.87604421718
1445,23940.87604421718
1446,23940.87604421718
1447,23940.87604421718
1448,23940.87604421718
1449,23940.87604421718
1450,23940.87604421718
1451,23940.87604421718
1452,23941.380207665916
1453,24057.203461373658
1454,24170.870359849217
1455,24170.870359849217
1456,24264.0298429926
1457,24264.0298429926
1458,24308.948354236025
1459,24333.43485794402
1460,24355.239848569923
1461,24398.339953681752
1462,24415.20906228378
1463,24415.20906228378
1464,24424.572771479397
1465,24424.572771479397
1466,24424.572771479397
1467,24424.572771479397
1468,24429.231971353922
1469,24429.231971353922
1470,24429.231971353922
1471,24429.231971353922
1472,24429.231971353922
1473,24429.231971353922
1474,24429.231971353922
1475,24429.231971353922
1476,24429.231971353922
1477,24429.231971353922
1478,24429.231971353922
1479,24429.231971353922
1480,24429.231971353922
1481,24429.231971353922
1482,24429.231971353922
1483,24429.231971353922
1484,24429.231971353922
1485,24429.231971353922
1486,24429.704439385216
1487,24429.704439385216
1488,24429.704439385216
1489,24429.704439385216
1490,24429.704439385216
1491,24538.63253678392
1492,24538.63253678392
1493,24638.929680400055
1494,24748.290841105223
1495,24839.87164727168
1496,24959.184956122255
1497,25055.35724012396
1498,25159.155174295145
1499,25268.044552399577
1500,25350.010322860955
1501,25438.961123786372
1502,25504.17647654281
1503,25580.97193107013
1504,25580.97193107013
1505,25628.774432021884
1506,25692.867288950274
1507,25742.54671755903
1508,25792.042213747194
1509,25829.067884193006
1510,25839.833398895284
1511,25839.833398895284
1512,25877.28231168849
1513,25877.28231168849
1514,25877.28231168849
1515,25877.321557009567
1516,25877.321557009567
1517,25877.321557009567
1518,25877.321557009567
1519,25877.321557009567
1520,25877.321557009567
1521,25877.321557009567
1522,25877.321557009567
1523,25877.321557009567
1524,25877.321557009567
1525,25877.321557009567
1526,25877.321557009567
1527,25877.86773658449
1528,25877.86773658449
1529,25878.398685183514
1530,25878.398685183514
1531,25878.398685183514
1532,25878.398685183514
1533,25878.398685183514
1534,25878.398685183514
1535,25989.099715606997
1536,25989.099715606997
1537,26078.461676073945
1538,26166.69757020942
1539,26248.539835873282
1540,26317.80628137664
1541,26367.523596904986
1542,26407.04596930594
1543,26431.059494608962
1544,26476.978398147836
1545,26476.978398147836
1546,26484.406725557626
1547,26493.133126946886
1548,26500.83743722533
1549,26500.83743722533
1550,26500.83743722533
1551,26500.83743722533
1552,26500.83743722533
1553,26500.83743722533
1554,26500.83743722533
1555,26500.83743722533
1556,26500.83743722533
1557,26500.83743722533
1558,26500.83743722533
1559,26500.83743722533
1560,26500.83743722533
1561,26500.83743722533
1562,26500.83743722533
1563,26500.83743722533
1564,26500.83743722533
1565,26500.83743722533
1566,26500.83743722533
1567,26500.83743722533
1568,26500.83743722533
1569,26500.83743722533
1570,26501.57913719654
1571,26501.57913719654
1572,26502.07215341863
1573,26502.07215341863
1574,26502.07215341863
1575,26623.976809311378
1576,26623.976809311378
1577,26738.041324076177
1578,26859.68259083804
1579,26973.087497228717
1580,27082.54266191971
1581,27191.3028715684
1582,27191.3028715684
1583,27295.306945481112
1584,27295.306945481112
1585,27400.53288022933
1586,27400.53288022933
1587,27504.20058138108
1588,27608.828148689663
1589,27720.361044182293
1590,27774.2448163218
1591,27883.838067162564
1592,27970.21901686714
1593,28024.211211016987
1594,28133.692130243595
1595,28133.692130243595
1596,28230.478815672544
1597,28301.619233799465
1598,28301.619233799465
1599,28301.619233799465
1600,28359.26478279059
1601,28404.13033853763
1602,28446.121113300433
1603,28450.182114992218
1604,28450.770903898767
1605,28451.356890683393
1606,28451.356890683393
1607,28451.356890683393
1608,28451.356890683393
1609,28451.356890683393
1610,28451.356890683393
1611,28451.356890683393
1612,28451.356890683393
1613,28571.65511512362
1614,28694.234655287513
1615,28797.798557995695
1616,28875.776361846325
1617,28941.378042669487
1618,28963.11326325406
1619,29037.039247028424
1620,29052.929502639796
1621,29052.929502639796
1622,29052.929502639796
1623,29052.929502639796
1624,29052.929502639796
1625,29052.929502639796
1626,29052.929502639796
1627,29052.929502639796
1628,29052.929502639796
1629,29052.929502639796
1630,29052.929502639796
1631,29052.929502639796
1632,29052.929502639796
1633,29052.929502639796
1634,29052.929502639796
1635,29052.929502639796
1636,29052.929502639796
1637,29052.929502639796
1638,29052.929502639796
1639,29052.929502639796
1640,29052.929502639796
1641,29052.929502639796
1642,29052.929502639796
1643,29052.929502639796
1644,29052.929502639796
1645,29052.929502639796
1646,29052.929502639796
1647,29052.929502639796
1648,29053.4466875864
1649,29053.4466875864
1650,29053.938136863984
1651,29053.938136863984
1652,29177.22766016346
1653,29281.964052811694
1654,29403.693435689158
1655,29515.18193307469
1656,29594.797495162384
1657,29658.898638636885
1658,29726.74855614146
1659,29775.809430382484
1660,29832.24394805992
1661,29879.982044858763
1662,29879.982044858763
1663,29904.409191644798
1664,29904.409191644798
1665,29944.297303635965
1666,29989.21219846471
1667,30037.430205244524
1668,30056.158699160937
1669,30094.11795500672
1670,30105.970907390354
1671,30132.630678060028
1672,30142.635937457493
1673,30170.709696111913
1674,30184.216893548582
1675,30184.216893548582
1676,30184.216893548582
1677,30184.216893548582
1678,30184.216893548582
1679,30184.216893548582
1680,30184.216893548582
1681,30184.216893548582
1682,30184.216893548582
1683,30184.216893548582
1684,30184.216893548582
1685,30184.736541474434
1686,30184.736541474434
1687,30184.736541474434
1688,30184.736541474434
1689,30185.25914844661
1690,30185.25914844661
1691,30185.25914844661
1692,30185.25914844661
1693,30185.25914844661
1694,30185.25914844661
1695,30185.25914844661
1696,30294.326079598723
1697,30294.326079598723
1698,30361.189838843056
1699,30451.51812999392
1700,30451.51812999392
1701,30525.62095182199
1702,30574.432693421943
1703,30597.030190759717
1704,30633.484386906115
1705,30647.70378515466
1706,30647.70378515466
1707,30647.70378515466
1708,30647.70378515466
1709,30647.70378515466
1710,30647.70378515466
1711,30647.70378515466
1712,30647.70378515466
1713,30647.70378515466
1714,30647.70378515466
1715,30647.70378515466
1716,30647.70378515466
1717,30647.70378515466
1718,30647.70378515466
1719,30647.70378515466
1720,30647.70378515466
1721,30647.70378515466
1722,30647.70378515466
1723,30647.70378515466
1724,30647.70378515466
1725,30647.70378515466
1726,30647.70378515466
1727,30647.70378515466
1728,30647.70378515466
1729,30647.70378515466
1730,30647.70378515466
1731,30647.70378515466
1732,30647.70378515466
1733,30756.879080004
1734,30880.352618972367
1735,30880.352618972367
1736,30987.93954473322
1737,31091.298381522072
1738,31091.298381522072
1739,31091.298381522072
1740,31159.80680563624
1741,31263.50560958671
1742,31368.69499644689
1743,31474.975881491286
1744,31535.41349797687
1745,31620.981290505722
1746,31620.981290505722
1747,31673.37625675011
1748,31673.37625675011
1749,31724.555792315336
1750,31798.5703066628
1751,31857.373882133023
1752,31905.179727390532
1753,31905.179727390532
1754,31905.179727390532
1755,31905.179727390532
1756,31905.179727390532
1757,31905.179727390532
1758,31905.179727390532
1759,31905.179727390532
1760,31905.179727390532
1761,31905.179727390532
1762,31905.179727390532
1763,31905.179727390532
1764,31905.179727390532
1765,31905.179727390532
1766,31905.179727390532
1767,31905.179727390532
1768,31905.179727390532
1769,31905.179727390532
1770,31905.179727390532
1771,31905.179727390532
1772,31905.179727390532
1773,32022.814896116204
1774,32022.814896116204
1775,32022.814896116204
1776,32134.77566030476
1777,32236.024405191813
1778,32340.257136172022
1779,32410.978114626858
1780,32410.978114626858
1781,32410.978114626858
1782,32479.413552651407
1783,32533.1246999899
1784,32591.902522777513
1785,32616.87908184542
1786,32694.283775034008
1787,32723.79574643924
1788,32731.972916706476
1789,32731.972916706476
1790,32743.5380112927
1791,32746.42247763979
1792,32754.14799103456
1793,32754.14799103456
1794,32754.58069046613
1795,32754.58069046613
1796,32754.58069046613
1797,32755.91288225659
1798,32755.91288225659
1799,32755.91288225659
1800,32755.91288225659
1801,32755.91288225659
1802,32755.91288225659
1803,32755.91288225659
1804,32755.91288225659
1805,32755.91288225659
1806,32755.91288225659
1807,32755.91288225659
1808,32755.91288225659
1809,32755.91288225659
1810,32755.91288225659
1811,32755.91288225659
1812,32873.278772117665
1813,32928.99183578517
1814,33034.27748214733
1815,33131.91089198774
1816,33239.2963999293
1817,33329.77784548527
1818,33415.18988722708
1819,33477.90891128566
1820,33523.90902541186
1821,33611.99122402245
1822,33628.226292824125
1823,33712.43143707586
1824,33722.907681450786
1825,33722.907681450786
1826,33766.90564806319
1827,33837.27006366774
1828,33837.27006366774
1829,33838.35171335424
1830,33907.77409943063
1831,33949.34084374536
1832,33949.34084374536
1833,33949.34084374536
1834,33949.34084374536
1835,33949.34084374536
1836,33949.34084374536
1837,33949.34084374536
1838,33949.34084374536
1839,33949.34084374536
1840,33949.34084374536
1841,33949.57914453156
1842,33950.16356567153
1843,33950.16356567153
1844,33950.16356567153
1845,33950.16356567153
1846,33950.18971498257
1847,33950.18971498257
1848,33950.18971498257
1849,33950.18971498257
1850,33950.18971498257
1851,33950.18971498257
1852,33950.18971498257
1853,34053.11977887862
1854,34053.11977887862
1855,34157.31291139955
1856,34203.36958669723
1857,34287.98331554291
1858,34314.930435464266
1859,34371.39033319632
1860,34398.22701857402
1861,34472.674561789165
1862,34517.80272069384
1863,34543.579780209446
1864,34564.52504653815
1865,34586.693410939246
1866,34598.31952524315
1867,34598.31952524315
1868,34598.31952524315
1869,34598.31952524315
1870,34605.86796890713
1871,34605.86796890713
1872,34605.86796890713
1873,34605.86796890713
1874,34608.37702407317
1875,34608.37702407317
1876,34611.72829476761
1877,34612.11376000691
1878,34612.11376000691
1879,34613.56123295324
1880,34613.56123295324
1881,34614.147316102164
1882,34614.98749131887
1883,34614.98749131887
1884,34614.98749131887
1885,34614.98749131887
1886,34614.98749131887
1887,34615.265609696275
1888,34615.265609696275
1889,34615.265609696275
1890,34615.265609696275
1891,34615.265609696275
1892,34615.265609696275
1893,34615.265609696275
1894,34733.1406775841
1895,34793.98166397045
1896,34912.65213319311
1897,35032.38633642093
1898,35135.9826918233
1899,35253.42592020609
1900,35354.70731932214
1901,35432.09637737474
1902,35544.622202696744
1903,35640.50945776672
1904,35640.50945776672
1905,35725.75515785683
1906,35737.597931621494
1907,35737.597931621494
1908,35777.26803955415
1909,35777.26803955415
1910,35780.06232932721
1911,35850.70992268889
1912,35851.51731136823
1913,35851.51731136823
1914,35851.51731136823
1915,35851.87610788559
1916,35851.87610788559
1917,35851.87610788559
1918,35851.87610788559
1919,35851.87610788559
1920,35852.57130060502
1921,35852.57130060502
1922,35852.57130060502
1923,35852.57130060502
1924,35852.57130060502
1925,35852.57130060502
1926,35852.57130060502
1927,35852.57130060502
1928,35852.57130060502
1929,35852.57130060502
1930,35852.57130060502
1931,35852.57130060502
1932,35927.26238652746
1933,35927.26238652746
1934,36001.29465046254
1935,36084.43080252409
1936,36182.75247553092
1937,36234.86644004151
1938,36310.69373827284
1939,36371.1674606588
1940,36437.73034905572
1941,36486.95977014516
1942,36486.95977014516
1943,36540.265534154874
1944,36591.186654596095
1945,36591.186654596095
1946,36615.15532583191
1947,36663.495244279824
1948,36698.07266795206
1949,36719.05252979052
1950,36719.05252979052
1951,36723.20101872117
1952,36723.20101872117
1953,36723.20101872117
1954,36723.20101872117
1955,36723.60167486185
1956,36723.60167486185
1957,36723.60167486185
1958,36723.60167486185
1959,36723.60167486185
1960,36723.60167486185
1961,36723.60167486185
1962,36723.60167486185
1963,36723.60167486185
1964,36723.60167486185
1965,36723.60167486185
1966,36723.60167486185
1967,36723.60167486185
1968,36723.60167486185
1969,36724.30173449903
1970,36724.30173449903
1971,36724.30173449903
1972,36834.30439597946
1973,36834.30439597946
1974,36927.303400100805
1975,37035.02525429749
1976,37148.10625835859
1977,37254.81328393873
1978,37369.42267064265
1979,37463.01168999082
1980,37532.64917086883
1981,37629.97902379742
1982,37741.84284958289
1983,37783.514554315996
1984,37845.28938893543
1985,37845.28938893543
1986,37845.28938893543
1987,37900.18339810167
1988,37951.26650558909
1989,37951.26650558909
1990,37957.10329599155
1991,37957.10329599155
1992,37958.61266017414
1993,37958.61266017414
1994,37958.61266017414
1995,37959.1783315001
1996,37960.48373732957
1997,37960.48373732957
1998,37960.48373732957
1999,37961.17076679141
2000,37961.70718831846
2001,37961.70718831846
2002,37961.70718831846
2003,37961.70718831846
2004,37961.70718831846
2005,37962.512352552774
2006,37962.512352552774
2007,37962.512352552774
2008,37962.512352552774
2009,37963.58404929699
2010,37963.58404929699
2011,37963.58404929699
2012,37963.58404929699
2013,37963.58404929699
2014,38072.42928856817
2015,38185.22554389298
2016,38293.64284155987
2017,38293.64284155987
2018,38377.800734392156
2019,38441.541621555
2020,38502.43132997272
2021,38538.013140122996
2022,38575.83878223405
2023,38575.83878223405
2024,38575.83878223405
2025,38575.83878223405
2026,38575.83878223405
2027,38576.711174502794
2028,38576.711174502794
2029,38576.711174502794
2030,38576.711174502794
2031,38576.711174502794
2032,38576.711174502794
2033,38576.711174502794
2034,38576.711174502794
2035,38576.711174502794
2036,38576.711174502794
2037,38576.711174502794
2038,38576.711174502794
2039,38576.711174502794
2040,38576.711174502794
2041,38576.711174502794
2042,38576.96003230432
2043,38576.96003230432
2044,38576.96003230432
2045,38576.96003230432
2046,38576.96003230432
2047,38576.96003230432
2048,38576.96003230432
2049,38576.96003230432
2050,38576.96003230432
2051,38576.96003230432
2052,38576.96003230432
2053,38576.96003230432
2054,38679.75483683225
2055,38679.75483683225
2056,38779.35782003831
2057,38779.35782003831
2058,38877.8468570188
2059,38977.460829947086
2060,39073.721493588324
2061,39168.7523539993
2062,39264.63006067497
2063,39357.332758567856
2064,39441.69852538439
2065,39526.588736651844
2066,39605.32121312466
2067,39605.32121312466
2068,39663.036682536644
2069,39726.48024705514
2070,39781.87813850753
2071,39781.87813850753
2072,39828.9990928827
2073,39828.9990928827
2074,39880.3314883475
2075,39895.69315901116
2076,39902.57685176321
2077,39953.65294861043
2078,39953.65294861043
2079,39957.12782437447
2080,39976.077452488506
2081,39976.077452488506
2082,39988.93283050857
2083,40001.67374232192
2084,40001.67374232192
2085,40003.15714794743
2086,40013.714878479506
2087,40020.90492495356
2088,40046.54045959318
2089,40046.54045959318
2090,40046.54045959318
2091,40046.54045959318
2092,40155.14852419249
2093,40155.14852419249
2094,40269.22869424024
2095,40373.81123615878
2096,40464.01551864808
2097,40566.89861999211
2098,40632.7864111292
2099,40693.50938273558
2100,40746.09330129258
2101,40789.08804926584
2102,40789.08804926584
2103,40814.43762916617
2104,40836.958340669196
2105,40859.15900455478
2106,40890.42312209736
2107,40890.42312209736
2108,40890.42312209736
2109,40894.09115090011
2110,40894.09115090011
2111,40894.09115090011
2112,40894.09115090011
2113,40894.09115090011
2114,40894.575978836794
2115,40894.575978836794
2116,40894.575978836794
2117,40894.575978836794
2118,40894.575978836794
2119,40894.575978836794
2120,40894.575978836794
2121,40894.575978836794
2122,40895.11558061367
2123,40895.11558061367
2124,40895.11558061367
2125,40895.11558061367
2126,40895.11558061367
2127,40895.11558061367
2128,40895.11558061367
2129,40895.11558061367
2130,40895.11558061367
2131,41003.66897463297
2132,41111.793443925715
2133,41216.79698088869
2134,41216.79698088869
2135,41293.87775809221
2136,41394.75058877434
2137,41490.43853306672
2138,41550.92309415231
2139,41601.579415712156
2140,41652.65251641144
2141,41663.575773392404
2142,41705.56451854842
2143,41705.56451854842
2144,41705.56451854842
2145,41705.56451854842
2146,41705.56451854842
2147,41738.44611512862
2148,41738.44611512862
2149,41756.950346093465
2150,41756.950346093465
2151,41763.14547338945
2152,41763.14547338945
2153,41772.84684181409
2154,41772.84684181409
2155,41781.19459963498
2156,41781.19459963498
2157,41783.33231504048
2158,41783.33231504048
2159,41783.33231504048
2160,41783.33231504048
2161,41783.33231504048
2162,41783.33231504048
2163,41783.33231504048
2164,41783.33231504048
2165,41783.33231504048
2166,41783.33231504048
2167,41783.33231504048
2168,41783.33231504048
2169,41783.33231504048
2170,41783.33231504048
2171,41893.99429608707
2172,41893.99429608707
2173,41988.994542554734
2174,41988.994542554734
2175,41988.994542554734
2176,42084.72095100663
2177,42184.525894165105
2178,42227.94250842907
2179,42321.564188150085
2180,42408.53398338321
2181,42479.90163528186
2182,42479.90163528186
2183,42531.20050935964
2184,42531.20050935964
2185,42535.677637963214
2186,42535.677637963214
2187,42541.12186039027
2188,42541.12186039027
2189,42541.12186039027
2190,42543.88615216594
2191,42543.88615216594
2192,42543.88615216594
2193,42543.88615216594
2194,42543.88615216594
2195,42543.88615216594
2196,42543.88615216594
2197,42543.88615216594
2198,42543.88615216594
2199,42543.88615216594
2200,42543.88615216594
2201,42545.343639717474
2202,42545.343639717474
2203,42545.343639717474
2204,42545.343639717474
2205,42545.343639717474
2206,42545.343639717474
2207,42545.343639717474
2208,42545.343639717474
2209,42545.343639717474
2210,42545.343639717474
2211,42545.343639717474
2212,42545.343639717474
2213,42545.343639717474
2214,42545.343639717474
2215,42649.86072715349
2216,42649.86072715349
2217,42754.46753451718
2218,42845.76424121134
2219,42935.60199782479
2220,42935.60199782479
2221,43024.7187037372
2222,43100.60964235394
2223,43109.20404568036
2224,43197.66810385839
2225,43279.542906170056
2226,43279.542906170056
2227,43360.98702746588
2228,43360.98702746588
2229,43419.27220302347
2230,43477.33204876186
2231,43477.33204876186
2232,43480.261527265844
2233,43480.261527265844
2234,43480.261527265844
2235,43480.71598134467
2236,43480.71598134467
2237,43480.71598134467
2238,43480.71598134467
2239,43482.32407545687
2240,43482.32407545687
2241,43482.32407545687
2242,43482.33186893453
2243,43482.33186893453
2244,43482.33186893453
2245,43482.33186893453
2246,43482.33186893453
2247,43482.33186893453
2248,43482.33186893453
2249,43482.33186893453
2250,43483.3787130013
2251,43483.3787130013
2252,43586.70973890516
2253,43586.70973890516
2254,43586.70973890516
2255,43684.25843228482
2256,43796.19473734158
2257,43898.46392249584
2258,43980.987292612415
2259,43980.987292612415
2260,44052.35514119668
2261,44080.52644815687
2262,44120.622326200944
2263,44120.622326200944
2264,44154.01988635303
2265,44187.86520839501
2266,44211.57038102516
2267,44217.916621082695
2268,44217.916621082695
2269,44217.916621082695
2270,44217.916621082695
2271,44217.916621082695
2272,44217.916621082695
2273,44217.916621082695
2274,44217.916621082695
2275,44217.916621082695
2276,44217.97717008274
2277,44217.97717008274
2278,44217.97717008274
2279,44217.97717008274
2280,44217.97717008274
2281,44217.97717008274
2282,44217.97717008274
2283,44217.97717008274
2284,44217.97717008274
2285,44217.97717008274
2286,44217.97717008274
2287,44217.97717008274
2288,44217.97717008274
2289,44217.97717008274
2290,44217.97717008274
2291,44336.389766488945
2292,44452.65126623123
2293,44555.583676679234
2294,44661.51666153269
2295,44765.64707057678
2296,44765.64707057678
2297,44765.64707057678
2298,44864.17871250132
2299,44864.17871250132
2300,44955.06129916017
2301,44955.06129916017
2302,45025.15130100902
2303,45092.97982670979
2304,45189.06315076353
2305,45263.32110560954
2306,45345.543330376364
2307,45425.16222800066
2308,45533.28475811204
2309,45599.63022238561
2310,45668.767523076975
2311,45721.575783936714
2312,45739.87102402647
2313,45772.17797660647
2314,45824.74835423189
2315,45863.74261678446
2316,45894.81357268973
2317,45937.85397643184
2318,45983.390891162344
2319,46003.84365196343
2320,46016.05192011568
2321,46016.05192011568
2322,46016.05192011568
2323,46016.05192011568
2324,46016.05192011568
2325,46016.05192011568
2326,46016.65917301214
2327,46016.65917301214
2328,46016.65917301214
2329,46016.65917301214
2330,46016.65917301214
2331,46016.65917301214
2332,46016.65917301214
2333,46125.20536735305
2334,46125.20536735305
2335,46128.91487195906
2336,46244.095735417155
2337,46359.34017402508
2338,46405.80964583
2339,46479.40069513259
2340,46533.59889869643
2341,46577.03609674861
2342,46577.03609674861
2343,46607.757752762605
2344,46610.28091607279
2345,46620.267787056866
2346,46620.267787056866
2347,46629.753431142104
2348,46629.753431142104
2349,46629.753431142104
2350,46629.753431142104
2351,46629.753431142104
2352,46629.753431142104
2353,46629.753431142104
2354,46629.753431142104
2355,46629.753431142104
2356,46629.8550714188
2357,46629.8550714188
2358,46629.8550714188
2359,46629.8550714188
2360,46629.8550714188
2361,46629.8550714188
2362,46629.8550714188
2363,46629.8550714188
2364,46629.8550714188
2365,46629.8550714188
2366,46629.8550714188
2367,46629.8550714188
2368,46629.8550714188
2369,46629.8550714188
2370,46629.8550714188
2371,46629.8550714188
2372,46629.8550714188
2373,46629.8550714188
2374,46738.48838962313
2375,46738.48838962313
2376,46853.64951487281
2377,46957.20091965037
2378,47063.96867344594
2379,47063.96867344594
2380,47154.87841187083
2381,47257.27798122131
2382,47353.97469451593
2383,47442.58231520649
2384,47523.05236777219
2385,47618.24020076894
2386,47659.70672088642
2387,47659.70672088642
2388,47659.70672088642
2389,47659.70672088642
2390,47683.92143705141
2391,47683.92143705141
2392,47683.92143705141
2393,47683.92143705141
2394,47683.92143705141
2395,47683.92143705141
2396,47683.92143705141
2397,47683.92143705141
2398,47683.92143705141
2399,47684.38548724491
2400,47684.38548724491
2401,47684.95878520923
2402,47684.95878520923
2403,47684.95878520923
2404,47684.95878520923
2405,47684.95878520923
2406,47685.478511780144
2407,47685.478511780144
2408,47686.0714166499
2409,47686.0714166499
2410,47686.0714166499
2411,47686.58756658459
2412,47801.28006677725
2413,47801.28006677725
2414,47801.28006677725
2415,47892.59108505149
2416,48008.60312247456
2417,48100.97779205723
2418,48201.27687352818
2419,48259.18622141699
2420,48315.531182636914
2421,48371.27933019855
2422,48422.985414094524
2423,48469.753503393535
2424,48486.87864679195
2425,48486.87864679195
2426,48486.87864679195
2427,48486.87864679195
2428,48486.87864679195
2429,48486.87864679195
2430,48493.315784915336
2431,48493.315784915336
2432,48493.315784915336
2433,48493.315784915336
2434,48493.315784915336
2435,48493.315784915336
2436,48493.315784915336
2437,48493.315784915336
2438,48493.315784915336
2439,48493.315784915336
2440,48493.315784915336
2441,48493.315784915336
2442,48493.315784915336
2443,48493.315784915336
2444,48493.315784915336
2445,48493.315784915336
2446,48493.765034743716
2447,48493.765034743716
2448,48493.765034743716
2449,48493.765034743716
2450,48493.765034743716
2451,48596.58220118663
2452,48714.572725990736
2453,48714.572725990736
2454,48825.04297520208
2455,48923.62609449962
2456,48923.62609449962
2457,49014.29098216514
2458,49014.29098216514
2459,49108.95443499068
2460,49200.01470914537
2461,49264.13608063775
2462,49361.424681692246
2463,49439.20344887354
2464,49516.2922103941
2465,49563.50447534273
2466,49609.877878191786
2467,49658.748830901575
2468,49706.41403935795
2469,49731.419488145315
2470,49769.118985073306
2471,49769.118985073306
2472,49776.83472557218
2473,49776.83472557218
2474,49776.83472557218
2475,49776.83472557218
2476,49781.558635272086
2477,49781.558635272086
2478,49788.29094809463
2479,49788.29094809463
2480,49792.36955117818
2481,49795.53882217188
2482,49795.53882217188
2483,49795.53882217188
2484,49795.53882217188
2485,49795.53882217188
2486,49795.53882217188
2487,49796.16861390668
2488,49796.16861390668
2489,49796.16861390668
2490,49796.16861390668
2491,49796.16861390668
2492,49796.16861390668
2493,49881.2186323125
2494,49881.2186323125
2495,49975.267832041674
2496,50046.05862824746
2497,50094.074950275055
2498,50167.164782598076
2499,50240.84901496685
2500,50294.6165538717
2501,50345.47902765447
2502,50345.47902765447
2503,50388.91584026815
2504,50418.89562971323
2505,50436.427768769776
2506,50454.515551706994
2507,50462.449098786776
2508,50480.700669806516
2509,50496.068606969086
2510,50503.195430527114
2511,50503.195430527114
2512,50503.195430527114
2513,50503.195430527114
2514,50503.195430527114
2515,50505.4113411713
2516,50506.948479536426
2517,50506.948479536426
2518,50506.948479536426
2519,50506.948479536426
2520,50506.948479536426
2521,50506.948479536426
2522,50506.948479536426
2523,50506.948479536426
2524,50506.948479536426
2525,50506.948479536426
2526,50506.948479536426
2527,50506.948479536426
2528,50506.948479536426
2529,50506.948479536426
2530,50506.948479536426
2531,50506.948479536426
2532,50507.39503864924
2533,50507.39503864924
2534,50507.39503864924
2535,50615.49414346434
2536,50726.85312714835
2537,50832.76682132641
2538,50832.76682132641
2539,50939.18504199253
2540,51047.36281020697
2541,51153.85096482922
2542,51263.46906761994
2543,51368.42058425524
2544,51470.1226416442
2545,51567.48692561949
2546,51567.48692561949
2547,51647.21440934243
2548,51732.53463903486
2549,51732.53463903486
2550,51732.53463903486
2551,51732.53463903486
2552,51820.17020110242
2553,51820.17020110242
2554,51891.0113358907
2555,51916.67385819877
2556,51916.67385819877
2557,51952.11081211815
2558,51975.45984398231
2559,51975.45984398231
2560,52038.27722470965
2561,52038.27722470965
2562,52038.27722470965
2563,52038.27722470965
2564,52038.27722470965
2565,52038.27722470965
2566,52039.39036888618
2567,52039.39036888618
2568,52039.39036888618
2569,52039.39036888618
2570,52039.39036888618
2571,52040.141711061806
2572,52040.141711061806
2573,52133.171921855064
2574,52250.39480308332
2575,52341.87192855514
2576,52403.469116735825
2577,52462.57441629147
2578,52553.970654763005
2579,52595.52068024286
2580,52630.75714021402
2581,52630.75714021402
2582,52668.26871388393
2583,52691.90689988359
2584,52702.13445186369
2585,52726.187938327246
2586,52726.187938327246
2587,52733.23370860561
2588,52743.09903404653
2589,52743.09903404653
2590,52743.09903404653
2591,52743.09903404653
2592,52743.09903404653
2593,52743.09903404653
2594,52743.09903404653
2595,52743.09903404653
2596,52743.09903404653
2597,52743.09903404653
2598,52743.27975481753
2599,52743.27975481753
2600,52743.27975481753
2601,52743.75962722662
2602,52743.75962722662
2603,52743.75962722662
2604,52743.75962722662
2605,52743.75962722662
2606,52743.75962722662
2607,52743.75962722662
2608,52743.75962722662
2609,52744.21302297007
2610,52744.21302297007
2611,52744.21302297007
2612,52863.46355973856
2613,52863.46355973856
2614,52978.981523423216
2615,53064.23386195251
2616,53162.786281298686
2617,53274.13329862632
2618,53358.436758994736
2619,53444.94621770932
2620,53556.739392912816
2621,53556.739392912816
2622,53658.12349008865
2623,53754.08998572492
2624,53849.22781161505
2625,53849.22781161505
2626,53915.846604957136
2627,53988.028690258725
2628,54070.63199608598
2629,54101.43799448577
2630,54152.12542051693
2631,54203.83070482572
2632,54203.83070482572
2633,54275.94136922085
2634,54321.26567678563
2635,54373.56161076818
2636,54389.9468130979
2637,54434.391257461386
2638,54477.284197896784
2639,54477.284197896784
2640,54488.64342325885
2641,54488.64342325885
2642,54488.64342325885
2643,54497.82579055214
2644,54497.82579055214
2645,54498.25602924919
2646,54501.269939847916
2647,54501.269939847916
2648,54501.269939847916
2649,54504.30964517462
2650,54504.30964517462
2651,54622.55446589067
2652,54622.55446589067
2653,54729.991208573265
2654,54729.991208573265
2655,54729.991208573265
2656,54817.18451827293
2657,54817.18451827293
2658,54817.18451827293
2659,54873.46861450278
2660,54873.46861450278
2661,54873.46861450278
2662,54923.31790584884
2663,54961.2583938275
2664,54961.2583938275
2665,54995.31051456742
2666,54995.31051456742
2667,54996.19205330455
2668,54996.19205330455
2669,54996.19205330455
2670,54996.19205330455
2671,54996.19205330455
2672,54996.19205330455
2673,54996.19205330455
2674,54996.19205330455
2675,54996.19205330455
2676,54996.19205330455
2677,54996.19205330455
2678,54996.19205330455
2679,54996.19205330455
2680,54996.19205330455
2681,54996.19205330455
2682,54996.19205330455
2683,54996.19205330455
2684,54996.19205330455
2685,54996.70156806046
2686,54996.70156806046
2687,54996.70156806046
2688,54996.70156806046
2689,54996.70156806046
2690,54996.70156806046
2691,54996.70156806046
2692,54996.70156806046
2693,54996.70156806046
2694,55104.48615695501
2695,55222.5593541282
2696,55222.5593541282
2697,55329.07505896609
2698,55436.75605173347
2699,55516.53622628083
2700,55606.10317748526
2701,55674.456016736585
2702,55674.456016736585
2703,55768.77324741584
2704,55768.77324741584
2705,55834.52749300027
2706,55845.34293165503
2707,55936.21517316312
2708,56017.41407101309
2709,56071.38589108383
2710,56145.44906469362
2711,56199.36450987725
2712,56248.423320408445
2713,56248.423320408445
2714,56293.27756875461
2715,56293.27756875461
2716,56306.91166790888
2717,56310.58401475346
2718,56320.53444689881
2719,56324.896084821565
2720,56324.896084821565
2721,56328.86569657205
2722,56335.5216823756
2723,56335.5216823756
2724,56335.5216823756
2725,56335.5216823756
2726,56335.5216823756
2727,56337.22940662399
2728,56337.22940662399
2729,56337.22940662399
2730,56337.22940662399
2731,56337.79191634926
2732,56450.07160238631
2733,56450.07160238631
2734,56450.07160238631
2735,56535.87211257488
2736,56535.87211257488
2737,56592.032340663936
2738,56592.032340663936
2739,56651.404661517714
2740,56752.08077923634
2741,56800.761237455576
2742,56800.761237455576
2743,56804.54364321468
2744,56804.54364321468
2745,56804.54364321468
2746,56804.54364321468
2747,56804.54364321468
2748,56804.54364321468
2749,56804.54364321468
2750,56804.54364321468
2751,56804.54364321468
2752,56804.54364321468
2753,56804.54364321468
2754,56804.54364321468
2755,56804.54364321468
2756,56804.54364321468
2757,56804.54364321468
2758,56804.54364321468
2759,56804.54364321468
2760,56804.54364321468
2761,56804.54364321468
2762,56804.54364321468
2763,56804.54364321468
2764,56805.050626524
2765,56805.050626524
2766,56805.050626524
2767,56805.050626524
2768,56805.050626524
2769,56805.050626524
2770,56805.050626524
2771,56805.050626524
2772,56928.389619768815
2773,56928.389619768815
2774,57052.230284678575
2775,57141.02002176014
2776,57248.996151990956
2777,57322.77860191738
2778,57322.77860191738
2779,57419.35117571624
2780,57471.62840060392
2781,57531.46563162938
2782,57582.00728712656
2783,57655.41019981328
2784,57670.04665984008
2785,57670.04665984008
2786,57714.34701606161
2787,57762.592677788954
2788,57797.96409747141
2789,57827.51523363403
2790,57827.51523363403
2791,57827.51523363403
2792,57852.06882934845
2793,57868.77564028279
2794,57868.782857827864
2795,57891.28714415552
2796,57891.28714415552
2797,57891.28714415552
2798,57891.28714415552
2799,57891.28714415552
2800,57891.28714415552
2801,57891.37383422087
2802,57891.37383422087
2803,57892.046037655164
2804,57892.046037655164
2805,57893.15701474443
2806,57894.195313029384
2807,57894.86826733038
2808,57894.86826733038
2809,57894.86826733038
2810,57894.86826733038
2811,58013.630904357255
2812,58013.630904357255
2813,58013.630904357255
2814,58013.630904357255
2815,58117.508287040415
2816,58212.58806612526
2817,58212.58806612526
2818,58306.33484550321
2819,58390.11908996109
2820,58441.367336400384
2821,58483.15702863886
2822,58530.25262734119
2823,58562.955743652055
2824,58594.23993583342
2825,58619.66551458353
2826,58637.65588115608
2827,58637.65588115608
2828,58652.31548097119
2829,58661.77958843951
2830,58661.77958843951
2831,58661.77958843951
2832,58661.77958843951
2833,58665.12821709703
2834,58665.700940524126
2835,58665.700940524126
2836,58665.700940524126
2837,58665.700940524126
2838,58665.700940524126
2839,58665.700940524126
2840,58665.700940524126
2841,58666.23516000204
2842,58666.23516000204
2843,58666.23516000204
2844,58666.23516000204
2845,58666.23516000204
2846,58666.23516000204
2847,58666.23516000204
2848,58666.23516000204
2849,58666.23516000204
2850,58666.23516000204
2851,58666.23516000204
2852,58666.23516000204
2853,58666.23516000204
2854,58666.23516000204
2855,58767.31912916663
2856,58872.50342061113
2857,58976.676260151835
2858,59080.60656870812
2859,59184.551000497486
2860,59283.193875098994
2861,59377.70101963579
2862,59466.64631531122
2863,59466.64631531122
2864,59534.73650859726
2865,59598.282628959896
2866,59677.471192018485
2867,59742.11821794123
2868,59806.17132688346
2869,59806.17132688346
2870,59854.375713369496
2871,59872.924066353524
2872,59872.924066353524
2873,59881.27636997281
2874,59893.7322304191
2875,59894.83067482768
2876,59897.392218593624
2877,59897.392218593624
2878,59898.37949333463
2879,59898.37949333463
2880,59898.37949333463
2881,59898.92638441212
2882,59898.92638441212
2883,59898.92638441212
2884,59898.92638441212
2885,59899.3965951588
2886,59901.25926413205
2887,59901.25926413205
2888,59901.25926413205
2889,59901.25926413205
2890,59901.25926413205
2891,59901.31132019525
2892,60002.48629294858
2893,60002.48629294858
2894,60002.48629294858
2895,60108.4564365445
2896,60219.25969303468
2897,60219.25969303468
2898,60294.18081140801
2899,60357.29435087095
2900,60375.763277600476
2901,60420.64551629572
2902,60454.553636729615
2903,60508.223052941015
2904,60522.66280398143
2905,60522.66280398143
2906,60543.25706786983
2907,60552.155205234245
2908,60552.155205234245
2909,60552.155205234245
2910,60552.155205234245
2911,60552.155205234245
2912,60556.26961956021
2913,60556.26961956021
2914,60556.350857868994
2915,60556.350857868994
2916,60556.350857868994
2917,60556.350857868994
2918,60556.350857868994
2919,60557.08789285346
2920,60558.33622176989
2921,60558.33622176989
2922,60558.33622176989
2923,60558.33622176989
2924,60558.33622176989
2925,60558.33622176989
2926,60558.33622176989
2927,60558.33622176989
2928,60558.33622176989
2929,60558.33622176989
2930,60558.33622176989
2931,60558.33622176989
2932,60671.41395060817
2933,60771.73508099442
2934,60771.73508099442
2935,60846.5183072865
2936,60846.5183072865
2937,60907.306943231415
2938,60984.37793660616
2939,61047.91476096116
2940,61047.91476096116
2941,61122.72238070318
2942,61217.159915973876
2943,61217.159915973876
2944,61302.43987710115
2945,61355.769485961995
2946,61355.769485961995
2947,61427.2479437934
2948,61459.35263434476
2949,61459.35263434476
2950,61459.35263434476
2951,61480.045298859
2952,61500.42848985044
2953,61507.49763231344
2954,61507.89904314568
2955,61507.89904314568
2956,61519.156191527654
2957,61519.156191527654
2958,61519.156191527654
2959,61519.156191527654
2960,61519.156191527654
2961,61519.156191527654
2962,61519.156191527654
2963,61519.156191527654
2964,61519.156191527654
2965,61519.156191527654
2966,61519.71603905511
2967,61519.71603905511
2968,61519.71603905511
2969,61520.34903486038
2970,61520.34903486038
2971,61639.94604195757
2972,61639.94604195757
2973,61757.953372879514
2974,61757.953372879514
2975,61757.953372879514
2976,61848.52204048726
2977,61933.6962290252
2978,61993.22605701078
2979,62038.5515091337
2980,62073.749998807376
2981,62092.648653393146
2982,62110.312296731536
2983,62148.53505232541
2984,62157.38990733704
2985,62157.38990733704
2986,62161.25720102381
2987,62161.25720102381
2988,62161.25720102381
2989,62161.25720102381
2990,62163.395066282326
2991,62163.395066282326
2992,62163.395066282326
2993,62163.395066282326
2994,62163.395066282326
2995,62163.395066282326
2996,62163.395066282326
2997,62163.395066282326
2998,62163.395066282326
2999,62163.395066282326
3000,62163.395066282326
3001,62163.395066282326
3002,62163.395066282326
3003,62163.395066282326
3004,62163.395066282326
3005,62163.395066282326
3006,62163.395066282326
3007,62163.395066282326
3008,62163.395066282326
3009,62163.395066282326
3010,62163.395066282326
3011,62163.395066282326
3012,62163.395066282326
3013,62163.395066282326
3014,62163.395066282326
3015,62269.94165310178
3016,62375.82644515883
3017,62481.585850427866
3018,62579.97018068104
3019,62678.37124349942
3020,62781.1262682078
3021,62882.49591226474
3022,62985.90779960783
3023,63082.79610848365
3024,63082.79610848365
3025,63180.294121915555
3026,63269.97529547639
3027,63371.767861488464
3028,63473.14289418925
3029,63558.47824802829
3030,63648.96683862477
3031,63735.45671090309
3032,63789.69315783429
3033,63839.14273568654
3034,63839.14273568654
3035,63878.162153979334
3036,63878.162153979334
3037,63883.68171031679
3038,63883.68171031679
3039,63887.71061156287
3040,63887.71061156287
3041,63887.71061156287
3042,63887.71061156287
3043,63887.71061156287
3044,63887.743957105806
3045,63887.743957105806
3046,63887.743957105806
3047,63887.743957105806
3048,63887.743957105806
3049,63887.743957105806
3050,63887.743957105806
3051,63887.743957105806
3052,63887.743957105806
3053,63887.743957105806
3054,63887.743957105806
3055,63887.743957105806
3056,63967.20976081422
3057,63967.20976081422
3058,64011.2003043053
3059,64058.60467386072
3060,64058.60467386072
3061,64061.97169229404
3062,64061.97169229404
3063,64061.97169229404
3064,64061.97169229404
3065,64061.97169229404
3066,64061.97169229404
3067,64061.97169229404
3068,64061.994314045936
3069,64061.994314045936
3070,64061.994314045936
3071,64061.994314045936
3072,64061.994314045936
3073,64061.994314045936
3074,64061.994314045936
3075,64061.994314045936
3076,64061.994314045936
3077,64061.994314045936
3078,64061.994314045936
3079,64061.994314045936
3080,64061.994314045936
3081,64061.994314045936
3082,64061.994314045936
3083,64061.994314045936
3084,64061.994314045936
3085,64061.994314045936
3086,64061.994314045936
3087,64061.994314045936
3088,64061.994314045936
3089,64061.994314045936
3090,64061.994314045936
3091,64061.994314045936
3092,64162.36219690667
3093,64241.285699119675
3094,64241.285699119675
3095,64310.22198091612
3096,64370.11943661798
3097,64449.3645921715
3098,64499.608440980315
3099,64499.608440980315
3100,64558.08309122913
3101,64558.08309122913
3102,64585.23261982408
3103,64595.49962868618
3104,64612.981389351604
3105,64646.24062457812
3106,64646.24062457812
3107,64652.831491653546
3108,64652.831491653546
3109,64652.831491653546
3110,64652.831491653546
3111,64652.831491653546
3112,64652.831491653546
3113,64652.831491653546
3114,64652.831491653546
3115,64652.831491653546
3116,64652.831491653546
3117,64652.831491653546
3118,64652.831491653546
3119,64652.831491653546
3120,64652.831491653546
3121,64652.831491653546
3122,64652.831491653546
3123,64652.831491653546
3124,64652.831491653546
3125,64652.831491653546
3126,64653.25916493061
3127,64653.25916493061
3128,64653.25916493061
3129,64653.25916493061
3130,64653.7510627804
3131,64653.7510627804
3132,64653.7510627804
3133,64737.24141280037
3134,64842.3207303303
3135,64966.18187424589
3136,65062.78854921787
3137,65099.09587992377
3138,65180.45232774251
3139,65247.1370119014
3140,65283.97277404779
3141,65310.140241287445
3142,65345.77448623253
3143,65361.3719526133
3144,65378.55588769234
3145,65378.55588769234
3146,65378.55588769234
3147,65387.221440047244
3148,65387.221440047244
3149,65387.221440047244
3150,65391.33844495064
3151,65391.33844495064
3152,65391.33844495064
3153,65391.33844495064
3154,65391.33844495064
3155,65391.33844495064
3156,65391.33844495064
3157,65391.33844495064
3158,65391.33844495064
3159,65391.33844495064
3160,65391.33844495064
3161,65391.33844495064
3162,65391.33844495064
3163,65391.33844495064
3164,65391.60453976639
3165,65391.60453976639
3166,65392.076999378216
3167,65392.076999378216
3168,65392.076999378216
3169,65392.076999378216
3170,65392.076999378216
3171,65392.076999378216
3172,65392.076999378216
3173,65392.076999378216
3174,65392.076999378216
3175,65505.18127182694
3176,65617.33162621388
3177,65700.66098627787
3178,65780.43993556136
3179,65839.55853382518
3180,65923.67924806252
3181,65923.67924806252
3182,66009.18111696157
3183,66009.18111696157
3184,66093.67982264681
3185,66093.67982264681
3186,66169.47709315881
3187,66169.47709315881
3188,66169.47709315881
3189,66169.47709315881
3190,66169.47709315881
3191,66169.47709315881
3192,66169.93040338728
3193,66169.93040338728
3194,66169.93040338728
3195,66169.93040338728
3196,66170.36118668364
3197,66170.36118668364
3198,66170.36118668364
3199,66170.36118668364
3200,66170.36118668364
3201,66170.36118668364
3202,66170.36118668364
3203,66170.36118668364
3204,66170.36118668364
3205,66170.36118668364
3206,66170.36118668364
3207,66170.36118668364
3208,66170.36118668364
3209,66170.36118668364
3210,66170.36118668364
3211,66170.36118668364
3212,66170.36118668364
3213,66241.85273577567
3214,66241.85273577567
3215,66241.85273577567
3216,66342.46416049842
3217,66438.42424017336
3218,66504.1130875749
3219,66571.84630107331
3220,66642.30167253074
3221,66642.30167253074
3222,66642.30167253074
3223,66670.75728902717
3224,66670.75728902717
3225,66670.75728902717
3226,66670.75728902717
3227,66670.75728902717
3228,66670.75728902717
3229,66670.75728902717
3230,66671.73215728033
3231,66671.73215728033
3232,66671.73215728033
3233,66671.73215728033
3234,66671.73215728033
3235,66672.07751647546
3236,66672.07751647546
3237,66672.07751647546
3238,66672.07751647546
3239,66672.07751647546
3240,66672.07751647546
3241,66672.07751647546
3242,66672.7490997335
3243,66672.7490997335
3244,66672.7490997335
3245,66672.7490997335
3246,66672.7490997335
3247,66672.7490997335
3248,66672.7490997335
3249,66672.7490997335
3250,66672.7490997335
3251,66672.7490997335
3252,66797.44429948568
3253,66901.75158262819
3254,66996.6086952178
3255,66996.6086952178
3256,67051.73407479834
3257,67101.27710521013
3258,67171.14949808887
3259,67244.48828172912
3260,67292.4528255847
3261,67292.4528255847
3262,67341.48347495735
3263,67341.48347495735
3264,67341.48347495735
3265,67344.5582955714
3266,67381.35511988889
3267,67407.34713247976
3268,67407.34713247976
3269,67407.34713247976
3270,67407.34713247976
3271,67407.34713247976
3272,67407.34713247976
3273,67407.34713247976
3274,67407.34713247976
3275,67407.34713247976
3276,67407.34713247976
3277,67407.34713247976
3278,67407.34713247976
3279,67407.34713247976
3280,67407.34713247976
3281,67407.34713247976
3282,67407.34713247976
3283,67407.34713247976
3284,67407.34713247976
3285,67407.34713247976
3286,67407.34713247976
3287,67407.34713247976
3288,67407.34713247976
3289,67407.34713247976
3290,67407.34713247976
3291,67495.59090350659
3292,67495.59090350659
3293,67495.59090350659
3294,67532.32426917039
3295,67620.06779930028
3296,67620.06779930028
3297,67659.27346697747
3298,67659.27346697747
3299,67688.44402954228
3300,67696.28137822986
3301,67696.28137822986
3302,67696.28137822986
3303,67696.28137822986
3304,67696.28137822986
3305,67696.28137822986
3306,67696.28137822986
3307,67696.28137822986
3308,67696.28137822986
3309,67696.28137822986
3310,67696.28137822986
3311,67696.28137822986
3312,67696.28137822986
3313,67696.28137822986
3314,67696.7173428303
3315,67696.7173428303
3316,67696.7173428303
3317,67696.7173428303
3318,67696.7173428303
3319,67696.7173428303
3320,67696.7173428303
3321,67696.7173428303
3322,67696.7173428303
3323,67696.7173428303
3324,67696.7173428303
3325,67696.7173428303
3326,67696.7173428303
3327,67696.7173428303
3328,67696.7173428303
3329,67696.7173428303
3330,67696.7173428303
3331,67696.7173428303
3332,67696.7173428303
3333,67696.7173428303
3334,67798.98529623449
3335,67798.98529623449
3336,67903.42595674377
3337,68011.1308476891
3338,68111.74780329244
3339,68219.7663340129
3340,68295.77473851638
3341,68369.3261674935
3342,68439.87285259292
3343,68493.2114967678
3344,68536.60646606391
3345,68579.1350119119
3346,68579.1350119119
3347,68579.1350119119
3348,68579.1350119119
3349,68579.1350119119
3350,68579.1350119119
3351,68579.1350119119
3352,68579.1350119119
3353,68579.1350119119
3354,68579.1350119119
3355,68579.1350119119
3356,68579.1350119119
3357,68579.1350119119
3358,68579.1350119119
3359,68579.49551224211
3360,68579.49551224211
3361,68579.49551224211
3362,68579.49551224211
3363,68579.49551224211
3364,68579.49551224211
3365,68579.49551224211
3366,68579.49551224211
3367,68579.49551224211
3368,68579.49551224211
3369,68579.49551224211
3370,68579.49551224211
3371,68579.49551224211
3372,68579.92952964989
3373,68643.09212815354
3374,68643.09212815354
3375,68730.0312593512
3376,68799.12217146374
3377,68799.12217146374
3378,68848.03294299745
3379,68848.03294299745
3380,68848.03294299745
3381,68848.03294299745
3382,68851.31955630706
3383,68851.31955630706
3384,68856.10029191969
3385,68856.10029191969
3386,68861.36228041464
3387,68861.36228041464
3388,68861.36228041464
3389,68861.36228041464
3390,68861.36228041464
3391,68861.36228041464
3392,68861.36228041464
3393,68861.36228041464
3394,68861.36228041464
3395,68861.36228041464
3396,68861.36228041464
3397,68861.36228041464
3398,68861.36228041464
3399,68861.36228041464
3400,68861.36228041464
3401,68861.36228041464
3402,68861.36228041464
3403,68861.36228041464
3404,68861.36228041464
3405,68861.36228041464
3406,68861.36228041464
3407,68861.36228041464
3408,68861.36228041464
3409,68861.36228041464
3410,68861.36228041464
3411,68967.04186906233
3412,68967.04186906233
3413,68967.04186906233
3414,69046.53695393812
3415,69149.21655957197
3416,69249.4210565485
3417,69271.12169372641
3418,69297.9819796195
3419,69297.9819796195
3420,69327.91767673277
3421,69327.91767673277
3422,69332.44995838718
3423,69332.44995838718
3424,69332.44995838718
3425,69332.44995838718
3426,69332.44995838718
3427,69332.44995838718
3428,69332.44995838718
3429,69332.44995838718
3430,69332.44995838718
3431,69332.44995838718
3432,69333.08527532846
3433,69333.08527532846
3434,69333.08527532846
3435,69333.08527532846
3436,69333.08527532846
3437,69333.08527532846
3438,69333.08527532846
3439,69333.08527532846
3440,69333.08527532846
3441,69333.08527532846
3442,69333.08527532846
3443,69333.08527532846
3444,69333.08527532846
3445,69333.08527532846
3446,69333.08527532846
3447,69333.08527532846
3448,69333.08527532846
3449,69333.08527532846
3450,69333.08527532846
3451,69454.03847351167
3452,69454.03847351167
3453,69563.56770167554
3454,69563.56770167554
3455,69606.35316963194
3456,69711.46875602758
3457,69757.88124531003
3458,69783.33393861626
3459,69783.33393861626
3460,69783.33393861626
3461,69820.76487832618
3462,69851.166092969
3463,69851.166092969
3464,69882.15285043466
3465,69882.15285043466
3466,69882.15285043466
3467,69882.15285043466
3468,69882.15285043466
3469,69882.15285043466
3470,69882.15285043466
3471,69882.15285043466
3472,69882.15285043466
3473,69883.02606886416
3474,69883.02606886416
3475,69883.02606886416
3476,69883.02606886416
3477,69883.02606886416
3478,69883.02606886416
3479,69883.02606886416
3480,69883.02606886416
3481,69883.02606886416
3482,69883.48380174795
3483,69883.48380174795
3484,69883.48380174795
3485,69883.48380174795
3486,69883.48380174795
3487,69883.48380174795
3488,69883.48380174795
3489,69883.48380174795
3490,69883.48380174795
3491,69883.48380174795
3492,69883.48380174795
3493,69883.48380174795
3494,69959.496915662
3495,70053.97094451444
3496,70074.54798231937
3497,70194.61310064794
3498,70194.61310064794
3499,70194.61310064794
3500,70194.61310064794
3501,70194.61310064794
3502,70194.61310064794
3503,70194.61310064794
3504,70194.61310064794
3505,70194.61310064794
3506,70194.61310064794
3507,70194.61310064794
3508,70194.61310064794
3509,70194.61310064794
3510,70194.61310064794
3511,70194.61310064794
3512,70194.61310064794
3513,70194.61310064794
3514,70194.61310064794
3515,70194.61310064794
3516,70194.61310064794
3517,70194.61310064794
3518,70194.61310064794
3519,70194.61310064794
3520,70194.61310064794
3521,70194.61310064794
3522,70194.61310064794
3523,70194.61310064794
3524,70194.61310064794
3525,70194.61310064794
3526,70194.61310064794
3527,70194.61310064794
3528,70194.61310064794
3529,70194.61310064794
3530,70194.61310064794
3531,70194.61310064794
3532,70194.61310064794
3533,70271.90299031668
3534,70271.90299031668
3535,70271.90299031668
3536,70356.01406058205
3537,70439.05563227327
3538,70520.30743573871
3539,70596.72929656331
3540,70668.57148729856
3541,70734.71987247022
3542,70798.535509275
3543,70819.39061271797
3544,70836.27307658555
3545,70836.27307658555
3546,70839.44856473383
3547,70839.44856473383
3548,70839.44856473383
3549,70839.44856473383
3550,70839.44856473383
3551,70839.44856473383
3552,70839.44856473383
3553,70839.44856473383
3554,70839.44856473383
3555,70839.44856473383
3556,70839.44856473383
3557,70839.44856473383
3558,70839.44856473383
3559,70839.44856473383
3560,70839.44856473383
3561,70839.44856473383
3562,70839.44856473383
3563,70839.44856473383
3564,70839.44856473383
3565,70839.44856473383
3566,70839.44856473383
3567,70839.44856473383
3568,70839.44856473383
3569,70839.44856473383
3570,70839.44856473383
3571,70839.44856473383
3572,70944.20591724415
3573,70944.20591724415
3574,70944.20591724415
3575,70944.20591724415
3576,71023.12363372765
3577,71093.31180521329
3578,71104.316285853
3579,71124.87805007228
3580,71124.87805007228
3581,71124.87805007228
3582,71129.43752807977
3583,71129.43752807977
3584,71129.43752807977
3585,71129.43752807977
3586,71129.43752807977
3587,71129.43752807977
3588,71129.43752807977
3589,71129.43752807977
3590,71129.43752807977
3591,71129.43752807977
3592,71129.43752807977
3593,71129.43752807977
3594,71129.43752807977
3595,71129.43752807977
3596,71129.43752807977
3597,71129.43752807977
3598,71129.43752807977
