Time,Junction 4 stop delay
0,0.0
1,0.0
2,0.0
3,0.0
4,0.0
5,0.0
6,0.0
7,0.0
8,0.0
9,0.0
10,0.0
11,0.0
12,0.0
13,0.0
14,0.0
15,0.0
16,0.0
17,0.0
18,0.0
19,0.0
20,0.0
21,0.0
22,0.0
23,0.0
24,0.0
25,0.0
26,0.0
27,0.0
28,0.0
29,0.0
30,0.0
31,0.0
32,0.0
33,0.0
34,0.0
35,0.0
36,0.0
37,0.0
38,0.0
39,7.186776644017673
40,7.186776644017673
41,7.186776644017673
42,7.186776644017673
43,7.186776644017673
44,7.186776644017673
45,7.186776644017673
46,7.186776644017673
47,20.69649481910936
48,20.69649481910936
49,20.69649481910936
50,20.69649481910936
51,20.69649481910936
52,20.69649481910936
53,20.69649481910936
54,20.69649481910936
55,20.69649481910936
56,20.69649481910936
57,20.69649481910936
58,20.69649481910936
59,20.69649481910936
60,20.69649481910936
61,20.69649481910936
62,20.69649481910936
63,20.69649481910936
64,20.69649481910936
65,20.69649481910936
66,20.69649481910936
67,25.905688830231753
68,25.905688830231753
69,25.905688830231753
70,25.905688830231753
71,25.905688830231753
72,25.905688830231753
73,25.905688830231753
74,25.905688830231753
75,25.905688830231753
76,28.31217535338984
77,28.31217535338984
78,28.31217535338984
79,28.31217535338984
80,28.31217535338984
81,28.31217535338984
82,28.31217535338984
83,28.31217535338984
84,33.74883287013471
85,33.74883287013471
86,33.74883287013471
87,33.74883287013471
88,40.22806043304971
89,40.22806043304971
90,40.22806043304971
91,40.22806043304971
92,40.22806043304971
93,40.22806043304971
94,40.22806043304971
95,40.22806043304971
96,40.22806043304971
97,40.22806043304971
98,40.22806043304971
99,40.22806043304971
100,40.22806043304971
101,52.30826082112949
102,52.30826082112949
103,52.30826082112949
104,52.30826082112949
105,52.30826082112949
106,52.30826082112949
107,52.30826082112949
108,52.30826082112949
109,52.30826082112949
110,52.30826082112949
111,52.30826082112949
112,52.30826082112949
113,52.30826082112949
114,52.30826082112949
115,52.30826082112949
116,52.30826082112949
117,52.30826082112949
118,52.30826082112949
119,52.30826082112949
120,52.30826082112949
121,52.30826082112949
122,52.30826082112949
123,52.30826082112949
124,61.63018277632056
125,61.63018277632056
126,61.63018277632056
127,61.63018277632056
128,61.63018277632056
129,61.63018277632056
130,61.63018277632056
131,61.63018277632056
132,61.63018277632056
133,61.63018277632056
134,64.10198823476333
135,64.10198823476333
136,64.10198823476333
137,64.10198823476333
138,64.10198823476333
139,64.10198823476333
140,67.3877675234684
141,67.3877675234684
142,67.3877675234684
143,67.3877675234684
144,69.3109383619647
145,69.3109383619647
146,69.3109383619647
147,69.3109383619647
148,69.3109383619647
149,69.3109383619647
150,69.3109383619647
151,69.3109383619647
152,69.3109383619647
153,69.3109383619647
154,106.94285205277805
155,106.94285205277805
156,106.94285205277805
157,106.94285205277805
158,106.94285205277805
159,106.94285205277805
160,107.65006196744046
161,107.65006196744046
162,107.65006196744046
163,107.65006196744046
164,107.65006196744046
165,107.65006196744046
166,107.65006196744046
167,107.65006196744046
168,107.65006196744046
169,107.65006196744046
170,107.65006196744046
171,107.65006196744046
172,108.370459466518
173,108.370459466518
174,108.370459466518
175,128.36746356779716
176,128.36746356779716
177,129.62931349868745
178,129.62931349868745
179,129.62931349868745
180,129.62931349868745
181,129.62931349868745
182,129.62931349868745
183,129.62931349868745
184,144.67348087545705
185,155.77501492730013
186,155.77501492730013
187,155.77501492730013
188,155.77501492730013
189,155.77501492730013
190,155.77501492730013
191,155.77501492730013
192,155.77501492730013
193,180.39564026554055
194,192.63250045299768
195,195.706943580698
196,195.706943580698
197,195.706943580698
198,195.706943580698
199,195.706943580698
200,195.706943580698
201,198.38582669904537
202,198.38582669904537
203,198.38582669904537
204,198.38582669904537
205,198.38582669904537
206,198.38582669904537
207,198.38582669904537
208,198.38582669904537
209,198.38582669904537
210,198.38582669904537
211,198.38582669904537
212,198.38582669904537
213,217.81785116402236
214,240.1042582912135
215,243.11755349383338
216,243.11755349383338
217,243.11755349383338
218,243.11755349383338
219,254.69149614505676
220,254.69149614505676
221,254.69149614505676
222,254.69149614505676
223,255.73254741545
224,255.73254741545
225,255.73254741545
226,255.73254741545
227,255.73254741545
228,255.73254741545
229,255.73254741545
230,255.73254741545
231,263.5520309551108
232,263.5520309551108
233,263.5520309551108
234,263.5520309551108
235,263.5520309551108
236,274.19093514092384
237,274.19093514092384
238,274.19093514092384
239,274.19093514092384
240,274.19093514092384
241,274.19093514092384
242,274.19093514092384
243,298.2161524290228
244,324.04907696228975
245,324.04907696228975
246,324.04907696228975
247,324.04907696228975
248,324.04907696228975
249,324.04907696228975
250,324.04907696228975
251,324.04907696228975
252,324.04907696228975
253,324.04907696228975
254,324.04907696228975
255,326.2680161235391
256,326.2680161235391
257,326.2680161235391
258,326.2680161235391
259,326.2680161235391
260,326.2680161235391
261,326.2680161235391
262,326.2680161235391
263,329.1139573812278
264,329.1139573812278
265,329.1139573812278
266,329.1139573812278
267,329.1139573812278
268,329.1139573812278
269,329.1139573812278
270,329.1139573812278
271,329.1139573812278
272,329.1139573812278
273,329.1139573812278
274,329.1139573812278
275,329.1139573812278
276,329.1139573812278
277,329.1139573812278
278,329.1139573812278
279,329.1139573812278
280,329.1139573812278
281,329.1139573812278
282,329.1139573812278
283,329.1139573812278
284,329.1139573812278
285,329.1139573812278
286,329.1139573812278
287,329.1139573812278
288,329.1139573812278
289,329.1139573812278
290,329.1139573812278
291,336.0092581179489
292,336.0092581179489
293,336.0092581179489
294,336.0092581179489
295,336.0092581179489
296,336.0092581179489
297,336.0092581179489
298,336.0092581179489
299,336.0092581179489
300,336.0092581179489
301,336.0092581179489
302,336.0092581179489
303,336.0092581179489
304,336.0092581179489
305,336.0092581179489
306,336.0092581179489
307,336.0092581179489
308,344.54696539656703
309,344.54696539656703
310,344.54696539656703
311,344.54696539656703
312,344.54696539656703
313,344.54696539656703
314,358.42887680192683
315,361.2335298622187
316,361.2335298622187
317,361.2335298622187
318,361.2335298622187
319,366.34046690998497
320,366.34046690998497
321,366.34046690998497
322,366.34046690998497
323,366.34046690998497
324,366.34046690998497
325,366.34046690998497
326,366.34046690998497
327,366.34046690998497
328,366.34046690998497
329,384.79958986889415
330,384.79958986889415
331,384.79958986889415
332,391.27911285365604
333,391.27911285365604
334,391.27911285365604
335,405.798304225856
336,405.798304225856
337,405.798304225856
338,424.5593577448321
339,424.5593577448321
340,424.5593577448321
341,424.5593577448321
342,425.3633648851002
343,425.3633648851002
344,430.7783245383996
345,430.7783245383996
346,430.7783245383996
347,454.07839334949784
348,454.07839334949784
349,454.07839334949784
350,454.07839334949784
351,454.07839334949784
352,454.07839334949784
353,454.07839334949784
354,454.07839334949784
355,454.07839334949784
356,454.07839334949784
357,454.07839334949784
358,454.07839334949784
359,464.6647485791535
360,464.6647485791535
361,464.6647485791535
362,464.6647485791535
363,464.6647485791535
364,464.6647485791535
365,464.6647485791535
366,464.6647485791535
367,464.6647485791535
368,464.6647485791535
369,470.1609723274208
370,470.1609723274208
371,470.1609723274208
372,470.1609723274208
373,470.1609723274208
374,477.05747995299436
375,477.05747995299436
376,477.05747995299436
377,477.05747995299436
378,483.3586604467784
379,483.3586604467784
380,483.3586604467784
381,483.3586604467784
382,483.3586604467784
383,483.3586604467784
384,483.3586604467784
385,483.3586604467784
386,483.3586604467784
387,483.3586604467784
388,483.3586604467784
389,483.3586604467784
390,483.3586604467784
391,483.3586604467784
392,483.3586604467784
393,483.3586604467784
394,483.3586604467784
395,483.3586604467784
396,483.3586604467784
397,483.3586604467784
398,485.83231543938103
399,485.83231543938103
400,485.83231543938103
401,485.83231543938103
402,485.83231543938103
403,505.40587441723846
404,505.40587441723846
405,505.40587441723846
406,505.40587441723846
407,505.40587441723846
408,505.40587441723846
409,520.998097865614
410,524.7397855647971
411,524.7397855647971
412,524.7397855647971
413,524.7397855647971
414,524.7397855647971
415,524.7397855647971
416,524.7397855647971
417,524.7397855647971
418,524.7397855647971
419,524.7397855647971
420,539.7709752602041
421,539.7709752602041
422,539.7709752602041
423,539.7709752602041
424,539.7709752602041
425,560.9690034906491
426,560.9690034906491
427,560.9690034906491
428,560.9690034906491
429,560.9690034906491
430,560.9690034906491
431,560.9690034906491
432,560.9690034906491
433,560.9690034906491
434,560.9690034906491
435,573.2701000854181
436,594.3094656564112
437,595.6495739908257
438,595.6495739908257
439,595.6495739908257
440,602.1768609872545
441,602.1768609872545
442,602.1768609872545
443,602.1768609872545
444,602.1768609872545
445,612.2028347406949
446,612.2028347406949
447,612.2028347406949
448,621.1184562383136
449,621.1184562383136
450,621.1184562383136
451,621.1184562383136
452,621.1184562383136
453,621.1184562383136
454,621.1184562383136
455,628.8289038597155
456,630.0483272332815
457,630.0483272332815
458,630.0483272332815
459,630.0483272332815
460,630.0483272332815
461,630.0483272332815
462,644.94436542527
463,644.94436542527
464,644.94436542527
465,659.8631807211941
466,659.8631807211941
467,659.8631807211941
468,659.8631807211941
469,659.8631807211941
470,659.8631807211941
471,666.0806681728171
472,666.7806681728172
473,666.7806681728172
474,667.5693366277945
475,667.5693366277945
476,667.5693366277945
477,667.5693366277945
478,667.5693366277945
479,667.5693366277945
480,667.5693366277945
481,670.4060468565114
482,670.4060468565114
483,670.4060468565114
484,670.4060468565114
485,684.2415166722258
486,686.198936077111
487,686.198936077111
488,686.198936077111
489,689.4128702666605
490,689.4128702666605
491,689.4128702666605
492,689.4128702666605
493,689.4128702666605
494,689.4128702666605
495,689.4128702666605
496,689.4128702666605
497,689.4128702666605
498,689.4128702666605
499,689.4128702666605
500,689.4128702666605
501,782.3370796641631
502,782.3370796641631
503,864.1352852446323
504,864.8337736532523
505,864.8337736532523
506,867.4347028176815
507,869.2312775331748
508,869.2312775331748
509,869.2312775331748
510,869.2312775331748
511,869.2312775331748
512,869.2312775331748
513,869.2312775331748
514,869.2312775331748
515,876.1214381511862
516,876.1214381511862
517,876.1214381511862
518,876.1214381511862
519,876.1214381511862
520,876.1214381511862
521,876.1214381511862
522,876.1214381511862
523,876.1214381511862
524,877.6954640067282
525,877.6954640067282
526,877.6954640067282
527,877.6954640067282
528,877.6954640067282
529,877.6954640067282
530,879.9078244238772
531,879.9078244238772
532,879.9078244238772
533,879.9078244238772
534,879.9078244238772
535,879.9078244238772
536,927.1397647879102
537,927.1397647879102
538,930.4515672527955
539,977.5512279992955
540,977.5512279992955
541,977.5512279992955
542,977.5512279992955
543,977.5512279992955
544,977.5512279992955
545,977.5512279992955
546,977.5512279992955
547,977.5512279992955
548,977.5512279992955
549,981.2777499709041
550,985.9545054347919
551,985.9545054347919
552,985.9545054347919
553,985.9545054347919
554,985.9545054347919
555,987.1567870982888
556,987.1567870982888
557,987.1567870982888
558,987.1567870982888
559,987.1567870982888
560,987.1567870982888
561,987.1567870982888
562,987.1567870982888
563,987.1567870982888
564,987.1567870982888
565,987.1567870982888
566,987.1567870982888
567,987.1567870982888
568,987.1567870982888
569,987.1567870982888
570,1005.5452199318597
571,1032.673635131734
572,1032.973635131734
573,1032.973635131734
574,1032.973635131734
575,1032.973635131734
576,1032.973635131734
577,1036.7784274629064
578,1036.7784274629064
579,1036.7784274629064
580,1036.7784274629064
581,1036.7784274629064
582,1036.7784274629064
583,1036.7784274629064
584,1047.0766275288534
585,1047.0766275288534
586,1047.0766275288534
587,1047.0766275288534
588,1047.0766275288534
589,1047.0766275288534
590,1047.0766275288534
591,1047.0766275288534
592,1047.0766275288534
593,1047.0766275288534
594,1047.0766275288534
595,1047.0766275288534
596,1047.0766275288534
597,1051.4719421771733
598,1056.580263284887
599,1056.580263284887
600,1056.580263284887
601,1056.580263284887
602,1056.580263284887
603,1077.288418906047
604,1077.288418906047
605,1077.288418906047
606,1122.1774958518515
607,1122.1774958518515
608,1125.6906585272839
609,1125.6906585272839
610,1125.6906585272839
611,1128.0718673516953
612,1128.0718673516953
613,1130.568549132057
614,1130.568549132057
615,1130.568549132057
616,1130.568549132057
617,1130.568549132057
618,1130.568549132057
619,1158.5791067362284
620,1158.5791067362284
621,1158.5791067362284
622,1158.5791067362284
623,1158.5791067362284
624,1178.8221714913961
625,1178.8221714913961
626,1178.8221714913961
627,1178.8221714913961
628,1178.8221714913961
629,1178.8221714913961
630,1204.6006191088657
631,1204.6006191088657
632,1204.6006191088657
633,1204.6006191088657
634,1216.3081962660458
635,1216.3081962660458
636,1216.3081962660458
637,1216.3081962660458
638,1216.3081962660458
639,1216.3081962660458
640,1216.3081962660458
641,1216.3081962660458
642,1217.8327952984957
643,1217.8327952984957
644,1217.8327952984957
645,1217.8327952984957
646,1217.8327952984957
647,1217.8327952984957
648,1217.8327952984957
649,1217.8327952984957
650,1217.8327952984957
651,1217.8327952984957
652,1217.8327952984957
653,1249.329030470489
654,1249.329030470489
655,1254.0023633551712
656,1258.9334389157843
657,1258.9334389157843
658,1266.1920212976695
659,1266.1920212976695
660,1276.0996823724884
661,1276.0996823724884
662,1286.0062025419077
663,1286.0062025419077
664,1288.2965180640538
665,1288.2965180640538
666,1288.2965180640538
667,1288.2965180640538
668,1288.2965180640538
669,1288.2965180640538
670,1288.2965180640538
671,1288.2965180640538
672,1288.2965180640538
673,1303.0353742844757
674,1320.3169947958024
675,1320.3169947958024
676,1323.126363793011
677,1323.126363793011
678,1323.126363793011
679,1323.126363793011
680,1328.0223934712362
681,1328.0223934712362
682,1330.8212155308192
683,1330.8212155308192
684,1330.8212155308192
685,1330.8212155308192
686,1330.8212155308192
687,1330.8212155308192
688,1330.8212155308192
689,1330.8212155308192
690,1330.8212155308192
691,1330.8212155308192
692,1334.0408988195372
693,1334.0408988195372
694,1338.2359936628586
695,1340.6800917257874
696,1343.8067754288902
697,1343.8067754288902
698,1343.8067754288902
699,1343.8067754288902
700,1343.8067754288902
701,1343.8067754288902
702,1343.8067754288902
703,1378.798065392292
704,1403.53000262303
705,1403.53000262303
706,1403.53000262303
707,1408.2311013253102
708,1408.2311013253102
709,1408.2311013253102
710,1408.2311013253102
711,1408.2311013253102
712,1408.2311013253102
713,1413.11628938376
714,1413.11628938376
715,1416.4238629522035
716,1416.4238629522035
717,1416.4238629522035
718,1416.4238629522035
719,1416.4238629522035
720,1416.4238629522035
721,1416.4238629522035
722,1416.4238629522035
723,1451.6945837324133
724,1451.6945837324133
725,1451.6945837324133
726,1451.6945837324133
727,1451.6945837324133
728,1454.7908923614236
729,1454.7908923614236
730,1454.7908923614236
731,1454.7908923614236
732,1454.7908923614236
733,1454.7908923614236
734,1462.7190926325704
735,1462.7190926325704
736,1462.7190926325704
737,1462.7190926325704
738,1462.7190926325704
739,1462.7190926325704
740,1462.7190926325704
741,1462.7190926325704
742,1475.8283919263877
743,1475.8283919263877
744,1475.8283919263877
745,1475.8283919263877
746,1492.3068727373939
747,1492.3068727373939
748,1492.3068727373939
749,1492.3068727373939
750,1536.5422223140167
751,1536.5422223140167
752,1543.0467191095481
753,1566.3642905816178
754,1607.0482365050807
755,1610.7863032475389
756,1618.5897257444628
757,1618.5897257444628
758,1618.5897257444628
759,1618.5897257444628
760,1618.5897257444628
761,1622.773961301459
762,1622.773961301459
763,1623.3190599730456
764,1624.2925638944048
765,1624.2925638944048
766,1624.2925638944048
767,1624.2925638944048
768,1624.2925638944048
769,1624.2925638944048
770,1624.2925638944048
771,1624.2925638944048
772,1624.2925638944048
773,1624.2925638944048
774,1624.2925638944048
775,1644.0001399988823
776,1644.0001399988823
777,1644.0001399988823
778,1644.0001399988823
779,1644.0001399988823
780,1644.0001399988823
781,1659.748520303038
782,1659.748520303038
783,1673.497319446177
784,1673.497319446177
785,1673.497319446177
786,1673.497319446177
787,1673.497319446177
788,1673.497319446177
789,1673.497319446177
790,1701.563686340607
791,1743.6010986376612
792,1755.590520588283
793,1768.541056042887
794,1768.541056042887
795,1768.541056042887
796,1768.541056042887
797,1803.168504072378
798,1803.168504072378
799,1825.083531505093
800,1825.083531505093
801,1843.0793472710966
802,1872.0968876083932
803,1878.4267637319708
804,1884.2204150822029
805,1890.0452189431717
806,1890.0452189431717
807,1899.148292058973
808,1899.148292058973
809,1912.8326277111605
810,1912.8326277111605
811,1928.521266878062
812,1935.4246468958465
813,1951.6999235517012
814,1951.6999235517012
815,1951.6999235517012
816,1951.6999235517012
817,1969.8099064042265
818,1969.8099064042265
819,1969.8099064042265
820,1980.6246945507914
821,1992.351913014746
822,2011.8556756572116
823,2021.3355589040468
824,2021.3355589040468
825,2032.9489805221472
826,2034.0974229464077
827,2034.9974229464078
828,2034.9974229464078
829,2034.9974229464078
830,2034.9974229464078
831,2034.9974229464078
832,2034.9974229464078
833,2034.9974229464078
834,2043.7820814632798
835,2043.7820814632798
836,2043.7820814632798
837,2051.798536935573
838,2061.6111579752533
839,2061.6111579752533
840,2061.6111579752533
841,2061.6111579752533
842,2061.6111579752533
843,2061.6111579752533
844,2067.702025586324
845,2073.9235685629105
846,2089.8005610402133
847,2096.4354656186015
848,2114.0354084692926
849,2120.9354383741884
850,2136.8521192771814
851,2136.8521192771814
852,2145.36499601631
853,2153.7185051661677
854,2154.2185051661677
855,2158.7446267237656
856,2159.2446267237656
857,2159.2446267237656
858,2163.3220941380528
859,2163.3220941380528
860,2163.3220941380528
861,2163.3220941380528
862,2163.3220941380528
863,2163.3220941380528
864,2197.1562169888934
865,2197.1562169888934
866,2197.1562169888934
867,2234.7932329863747
868,2234.7932329863747
869,2278.910655993652
870,2305.6356124759895
871,2344.6614089688146
872,2344.6614089688146
873,2367.491716414268
874,2367.491716414268
875,2381.7203719511444
876,2381.7203719511444
877,2387.1945712763118
878,2387.1945712763118
879,2395.676207889721
880,2395.676207889721
881,2395.676207889721
882,2395.676207889721
883,2395.676207889721
884,2395.676207889721
885,2405.5831301810877
886,2405.5831301810877
887,2412.728862355792
888,2420.2325017208386
889,2424.9668230507054
890,2424.9668230507054
891,2424.9668230507054
892,2424.9668230507054
893,2424.9668230507054
894,2426.9982007255394
895,2426.9982007255394
896,2426.9982007255394
897,2426.9982007255394
898,2426.9982007255394
899,2426.9982007255394
900,2426.9982007255394
901,2426.9982007255394
902,2426.9982007255394
903,2426.9982007255394
904,2484.2439643423313
905,2532.556706127458
906,2576.431829748647
907,2616.440821070424
908,2616.440821070424
909,2637.8795014887473
910,2657.363615557661
911,2669.832381363731
912,2678.8469699008833
913,2678.8469699008833
914,2678.8469699008833
915,2678.8469699008833
916,2678.8469699008833
917,2698.945224443866
918,2698.945224443866
919,2698.945224443866
920,2701.9528407277694
921,2701.9528407277694
922,2731.659036073497
923,2757.651427965294
924,2784.3030722848775
925,2784.3030722848775
926,2802.79583056967
927,2802.79583056967
928,2825.373311295104
929,2825.373311295104
930,2830.8144488566227
931,2834.4433252564672
932,2838.1814448641176
933,2841.5059981630147
934,2841.5059981630147
935,2841.905998163015
936,2841.905998163015
937,2841.905998163015
938,2841.905998163015
939,2842.1059981630146
940,2842.1059981630146
941,2862.83719682814
942,2862.83719682814
943,2867.631409787004
944,2867.631409787004
945,2867.631409787004
946,2867.631409787004
947,2867.631409787004
948,2867.631409787004
949,2867.9301288081306
950,2867.9301288081306
951,2875.035957300078
952,2880.0339769067386
953,2880.0339769067386
954,2884.6748280524384
955,2884.6748280524384
956,2884.6748280524384
957,2884.6748280524384
958,2884.6748280524384
959,2884.6748280524384
960,2884.6748280524384
961,2884.6748280524384
962,2884.6748280524384
963,2884.6748280524384
964,2884.6748280524384
965,2884.6748280524384
966,2884.6748280524384
967,2884.6748280524384
968,2884.6748280524384
969,2884.6748280524384
970,2884.6748280524384
971,2884.6748280524384
972,2884.6748280524384
973,2884.6748280524384
974,2884.6748280524384
975,2942.86318507225
976,2942.86318507225
977,2985.9646029174423
978,2985.9646029174423
979,3018.6420288530294
980,3018.6420288530294
981,3048.8538748939054
982,3048.8538748939054
983,3048.8538748939054
984,3058.2804690129824
985,3060.886156789756
986,3060.886156789756
987,3060.886156789756
988,3060.886156789756
989,3060.886156789756
990,3060.886156789756
991,3060.886156789756
992,3060.886156789756
993,3060.886156789756
994,3060.886156789756
995,3060.886156789756
996,3096.403484954893
997,3096.403484954893
998,3096.403484954893
999,3105.1078941504097
1000,3105.1078941504097
1001,3167.2418109352852
1002,3198.0345915814964
1003,3198.0345915814964
1004,3227.4545843063693
1005,3227.4545843063693
1006,3283.165562595188
1007,3323.1778639147406
1008,3323.1778639147406
1009,3323.1778639147406
1010,3335.984704428698
1011,3335.984704428698
1012,3342.484126898705
1013,3350.8738419911374
1014,3410.168096737031
1015,3410.168096737031
1016,3410.168096737031
1017,3468.5839441817097
1018,3511.8021190967074
1019,3548.8916238532556
1020,3576.4136485599884
1021,3613.4917498568775
1022,3635.906347920879
1023,3666.1229509676264
1024,3666.1229509676264
1025,3666.1229509676264
1026,3681.823856168884
1027,3697.9743362450877
1028,3697.9743362450877
1029,3717.2992172319223
1030,3742.208053957393
1031,3742.208053957393
1032,3742.208053957393
1033,3742.208053957393
1034,3749.497839500572
1035,3749.497839500572
1036,3749.497839500572
1037,3749.497839500572
1038,3749.497839500572
1039,3749.497839500572
1040,3749.497839500572
1041,3749.497839500572
1042,3749.497839500572
1043,3799.139478957362
1044,3799.139478957362
1045,3799.139478957362
1046,3896.453569983494
1047,3954.2596232059527
1048,4039.662529854494
1049,4107.040363039344
1050,4147.353219894108
1051,4192.155509789649
1052,4192.155509789649
1053,4192.155509789649
1054,4192.155509789649
1055,4219.846326304306
1056,4219.846326304306
1057,4239.377777549772
1058,4239.377777549772
1059,4257.467950813495
1060,4257.467950813495
1061,4257.467950813495
1062,4278.603297330901
1063,4298.682754735467
1064,4298.682754735467
1065,4298.682754735467
1066,4316.389361751977
1067,4343.972094724777
1068,4354.038538451578
1069,4360.63663723287
1070,4371.359240359829
1071,4371.359240359829
1072,4372.345635781902
1073,4372.345635781902
1074,4372.345635781902
1075,4372.345635781902
1076,4372.345635781902
1077,4372.345635781902
1078,4372.345635781902
1079,4372.345635781902
1080,4404.884480291451
1081,4431.026288654623
1082,4449.708379053899
1083,4471.839491827406
1084,4483.926416722541
1085,4510.566594819182
1086,4510.566594819182
1087,4510.566594819182
1088,4510.566594819182
1089,4510.566594819182
1090,4510.566594819182
1091,4510.566594819182
1092,4510.566594819182
1093,4510.566594819182
1094,4510.566594819182
1095,4510.566594819182
1096,4510.566594819182
1097,4512.500036025582
1098,4512.500036025582
1099,4512.500036025582
1100,4548.477177806732
1101,4655.29769171471
1102,4697.717882012288
1103,4730.496568151108
1104,4730.496568151108
1105,4730.496568151108
1106,4730.496568151108
1107,4730.496568151108
1108,4730.496568151108
1109,4776.9965485188095
1110,4776.9965485188095
1111,4799.612477498285
1112,4800.112477498285
1113,4800.112477498285
1114,4811.853376406699
1115,4823.959629458119
1116,4834.836532663374
1117,4852.170123795613
1118,4852.170123795613
1119,4852.170123795613
1120,4873.706000107628
1121,4892.018138960895
1122,4902.3306028367915
1123,4910.679828180745
1124,4912.974387313297
1125,4912.974387313297
1126,4912.974387313297
1127,4912.974387313297
1128,4912.974387313297
1129,4912.974387313297
1130,4912.974387313297
1131,4912.974387313297
1132,4912.974387313297
1133,4941.676985619648
1134,4941.676985619648
1135,4943.86941564446
1136,4977.601540916627
1137,4980.215281568998
1138,4996.6039881563565
1139,4996.6039881563565
1140,5004.900436218088
1141,5026.561544910901
1142,5043.485917857886
1143,5052.601476520979
1144,5053.20147652098
1145,5060.315797940718
1146,5060.315797940718
1147,5060.315797940718
1148,5061.2157979407175
1149,5061.2157979407175
1150,5061.2157979407175
1151,5061.2157979407175
1152,5061.2157979407175
1153,5061.2157979407175
1154,5061.886741571247
1155,5078.686574487194
1156,5109.8858274350605
1157,5125.059657639277
1158,5129.292349983791
1159,5129.292349983791
1160,5129.292349983791
1161,5129.292349983791
1162,5129.292349983791
1163,5129.292349983791
1164,5171.938249209401
1165,5171.938249209401
1166,5171.938249209401
1167,5192.443956354606
1168,5226.639024335603
1169,5249.2493153907235
1170,5249.2493153907235
1171,5265.620772485316
1172,5265.620772485316
1173,5279.296658322967
1174,5279.296658322967
1175,5279.296658322967
1176,5279.296658322967
1177,5279.296658322967
1178,5279.296658322967
1179,5279.296658322967
1180,5279.296658322967
1181,5309.569961050827
1182,5335.04546467501
1183,5335.04546467501
1184,5335.04546467501
1185,5342.63866326284
1186,5342.63866326284
1187,5342.63866326284
1188,5359.154330010764
1189,5380.513123489143
1190,5411.297886888627
1191,5425.2942957834875
1192,5448.2913620614645
1193,5455.110054521376
1194,5463.566605660043
1195,5466.208641554715
1196,5466.208641554715
1197,5468.999317250738
1198,5468.999317250738
1199,5469.899317250738
1200,5469.899317250738
1201,5469.899317250738
1202,5470.249317250738
1203,5470.249317250738
1204,5470.249317250738
1205,5470.249317250738
1206,5470.249317250738
1207,5470.249317250738
1208,5494.456968057921
1209,5514.665194906827
1210,5534.6562284325355
1211,5534.6562284325355
1212,5534.6562284325355
1213,5545.984244534572
1214,5553.5915460836595
1215,5557.3990611636855
1216,5557.3990611636855
1217,5558.6941150944795
1218,5558.6941150944795
1219,5558.6941150944795
1220,5558.6941150944795
1221,5558.6941150944795
1222,5558.6941150944795
1223,5558.6941150944795
1224,5611.134993660544
1225,5611.134993660544
1226,5646.372854674927
1227,5692.440578300992
1228,5721.173305316654
1229,5721.173305316654
1230,5742.559100601618
1231,5742.559100601618
1232,5780.866103625676
1233,5782.695607713369
1234,5782.695607713369
1235,5806.307500889114
1236,5817.844319973403
1237,5826.287281002039
1238,5826.287281002039
1239,5826.287281002039
1240,5826.287281002039
1241,5826.287281002039
1242,5858.167767898763
1243,5858.167767898763
1244,5874.759541757733
1245,5899.180860675719
1246,5930.480470103536
1247,5942.146181708015
1248,5942.146181708015
1249,5946.756772390668
1250,5946.756772390668
1251,5969.127662754284
1252,5980.657095357506
1253,5980.657095357506
1254,5980.657095357506
1255,5980.657095357506
1256,5980.657095357506
1257,5980.657095357506
1258,5980.657095357506
1259,5980.657095357506
1260,5980.657095357506
1261,5980.657095357506
1262,6003.593573688581
1263,6003.593573688581
1264,6017.791882955937
1265,6041.1336088441
1266,6060.7891637654375
1267,6096.0475398221315
1268,6114.576476896474
1269,6133.063363353222
1270,6133.063363353222
1271,6133.063363353222
1272,6146.822233871668
1273,6146.822233871668
1274,6161.225357869371
1275,6163.242623239707
1276,6163.760283292269
1277,6163.760283292269
1278,6180.0837829615275
1279,6191.595786672202
1280,6191.595786672202
1281,6204.873524383764
1282,6215.40179326115
1283,6226.880350197445
1284,6236.455947363728
1285,6243.898416981426
1286,6243.898416981426
1287,6256.123350302147
1288,6257.240469711087
1289,6257.240469711087
1290,6267.2703228969285
1291,6267.2703228969285
1292,6267.9967310190605
1293,6267.9967310190605
1294,6267.9967310190605
1295,6267.9967310190605
1296,6267.9967310190605
1297,6267.9967310190605
1298,6267.9967310190605
1299,6275.9781937750095
1300,6284.8724665733735
1301,6284.8724665733735
1302,6284.8724665733735
1303,6284.8724665733735
1304,6284.8724665733735
1305,6284.8724665733735
1306,6284.8724665733735
1307,6284.8724665733735
1308,6284.8724665733735
1309,6284.8724665733735
1310,6284.8724665733735
1311,6284.8724665733735
1312,6284.8724665733735
1313,6284.8724665733735
1314,6284.8724665733735
1315,6284.8724665733735
1316,6284.8724665733735
1317,6284.8724665733735
1318,6284.8724665733735
1319,6299.450249803083
1320,6312.675648970635
1321,6312.675648970635
1322,6318.967823257142
1323,6336.378157346025
1324,6353.51277292482
1325,6353.51277292482
1326,6370.598777963589
1327,6370.598777963589
1328,6380.733385745073
1329,6380.733385745073
1330,6405.327335405663
1331,6405.327335405663
1332,6467.709901728371
1333,6467.709901728371
1334,6467.709901728371
1335,6492.807503453369
1336,6492.807503453369
1337,6492.807503453369
1338,6526.791058301412
1339,6526.791058301412
1340,6526.791058301412
1341,6526.791058301412
1342,6526.791058301412
1343,6526.791058301412
1344,6533.537807358136
1345,6533.537807358136
1346,6533.537807358136
1347,6533.537807358136
1348,6533.537807358136
1349,6547.645770284465
1350,6559.744253104723
1351,6559.744253104723
1352,6562.755726744944
1353,6562.755726744944
1354,6562.755726744944
1355,6570.623267721554
1356,6570.623267721554
1357,6570.623267721554
1358,6570.623267721554
1359,6580.381958652449
1360,6580.381958652449
1361,6595.688033922398
1362,6607.864078741281
1363,6607.864078741281
1364,6607.864078741281
1365,6615.0657814444285
1366,6622.840765454597
1367,6622.840765454597
1368,6622.840765454597
1369,6704.4430503103895
1370,6704.4430503103895
1371,6798.8087708384855
1372,6874.7237379419585
1373,6948.521245880016
1374,7024.274243009347
1375,7095.733657428959
1376,7095.733657428959
1377,7095.733657428959
1378,7158.181041998083
1379,7202.118282438003
1380,7237.606835364167
1381,7237.606835364167
1382,7261.806324408241
1383,7291.757647598382
1384,7313.838959459663
1385,7325.560802557005
1386,7342.478495969187
1387,7350.140115804785
1388,7350.140115804785
1389,7350.140115804785
1390,7350.140115804785
1391,7350.140115804785
1392,7350.140115804785
1393,7350.140115804785
1394,7377.098052491149
1395,7393.561057048443
1396,7428.182958900221
1397,7428.182958900221
1398,7458.771621214529
1399,7458.771621214529
1400,7488.568912416286
1401,7517.984831550921
1402,7541.387827524219
1403,7569.121522694719
1404,7582.172142258891
1405,7612.78092733026
1406,7624.5007200495675
1407,7624.5007200495675
1408,7645.433794373475
1409,7646.133794373475
1410,7649.0403375165
1411,7649.0403375165
1412,7649.0403375165
1413,7649.0403375165
1414,7649.0403375165
1415,7649.0403375165
1416,7650.6474209299795
1417,7650.6474209299795
1418,7650.6474209299795
1419,7650.6474209299795
1420,7650.6474209299795
1421,7659.136606049266
1422,7755.334126645571
1423,7755.334126645571
1424,7755.334126645571
1425,7800.9373221320875
1426,7800.9373221320875
1427,7810.432781245772
1428,7810.432781245772
1429,7811.745714323665
1430,7811.745714323665
1431,7811.745714323665
1432,7811.745714323665
1433,7811.745714323665
1434,7811.745714323665
1435,7922.174480931231
1436,7922.174480931231
1437,7973.176335745809
1438,7999.884202461521
1439,8055.273230804424
1440,8060.88509163345
1441,8081.645758077485
1442,8092.047747162962
1443,8092.047747162962
1444,8098.064594794088
1445,8098.064594794088
1446,8100.069649621264
1447,8100.069649621264
1448,8100.069649621264
1449,8100.069649621264
1450,8100.069649621264
1451,8100.069649621264
1452,8120.484715142521
1453,8120.484715142521
1454,8139.1790552544535
1455,8191.596416393813
1456,8205.93413281104
1457,8258.143257500102
1458,8310.027957465383
1459,8360.94636855789
1460,8384.423717443531
1461,8435.916080632873
1462,8449.16274282616
1463,8449.16274282616
1464,8461.040113758474
1465,8461.040113758474
1466,8461.040113758474
1467,8461.040113758474
1468,8461.040113758474
1469,8461.040113758474
1470,8461.040113758474
1471,8461.040113758474
1472,8461.040113758474
1473,8461.040113758474
1474,8461.040113758474
1475,8461.040113758474
1476,8461.040113758474
1477,8461.040113758474
1478,8461.040113758474
1479,8515.076101627152
1480,8515.076101627152
1481,8563.805445089885
1482,8563.805445089885
1483,8601.502741330123
1484,8601.502741330123
1485,8601.502741330123
1486,8601.502741330123
1487,8638.014550905065
1488,8647.093033740337
1489,8649.09114525207
1490,8649.09114525207
1491,8649.09114525207
1492,8649.09114525207
1493,8649.09114525207
1494,8649.09114525207
1495,8649.09114525207
1496,8696.994148025497
1497,8696.994148025497
1498,8736.20731199262
1499,8736.20731199262
1500,8736.20731199262
1501,8736.20731199262
1502,8766.142456963713
1503,8766.142456963713
1504,8819.682277053098
1505,8819.682277053098
1506,8836.939527693532
1507,8843.387092698978
1508,8912.508198228108
1509,8919.123365069532
1510,8919.123365069532
1511,8965.633829912309
1512,8965.633829912309
1513,9022.365044256514
1514,9066.916880887147
1515,9066.916880887147
1516,9066.916880887147
1517,9096.47574048257
1518,9096.47574048257
1519,9096.47574048257
1520,9096.47574048257
1521,9096.47574048257
1522,9103.736974486686
1523,9103.736974486686
1524,9127.377341518504
1525,9155.251881178492
1526,9159.883035032224
1527,9161.703052623952
1528,9161.703052623952
1529,9187.744190785645
1530,9215.77274292282
1531,9244.094865815976
1532,9267.970664602743
1533,9267.970664602743
1534,9289.7037566397
1535,9293.446629754046
1536,9303.863013046015
1537,9303.863013046015
1538,9318.240815930449
1539,9318.540815930448
1540,9318.540815930448
1541,9318.540815930448
1542,9318.540815930448
1543,9318.540815930448
1544,9318.540815930448
1545,9318.540815930448
1546,9318.540815930448
1547,9318.540815930448
1548,9318.540815930448
1549,9318.540815930448
1550,9351.2676045745
1551,9351.2676045745
1552,9384.64482490821
1553,9409.483554949049
1554,9438.122594438302
1555,9438.122594438302
1556,9447.13952898544
1557,9447.13952898544
1558,9455.696743322105
1559,9455.696743322105
1560,9463.836493738529
1561,9463.836493738529
1562,9463.836493738529
1563,9463.836493738529
1564,9477.373501593602
1565,9477.373501593602
1566,9492.907130561329
1567,9522.3938998846
1568,9535.2743567468
1569,9546.044024325482
1570,9546.644024325482
1571,9562.576903616355
1572,9562.576903616355
1573,9562.576903616355
1574,9562.576903616355
1575,9562.576903616355
1576,9562.576903616355
1577,9562.576903616355
1578,9562.576903616355
1579,9562.576903616355
1580,9584.287237191036
1581,9584.287237191036
1582,9600.717523884288
1583,9615.12822160984
1584,9615.12822160984
1585,9628.362436813588
1586,9628.362436813588
1587,9637.372932367696
1588,9637.372932367696
1589,9637.372932367696
1590,9637.372932367696
1591,9773.822925353963
1592,9773.822925353963
1593,9893.854304637101
1594,9942.14471073071
1595,10059.14768836522
1596,10089.036764711025
1597,10089.036764711025
1598,10123.645572253046
1599,10123.645572253046
1600,10162.061722212413
1601,10162.061722212413
1602,10162.061722212413
1603,10162.061722212413
1604,10162.061722212413
1605,10162.061722212413
1606,10162.061722212413
1607,10162.061722212413
1608,10171.404009329539
1609,10175.44390637382
1610,10175.44390637382
1611,10183.325494589368
1612,10187.220329743079
1613,10187.220329743079
1614,10187.220329743079
1615,10187.220329743079
1616,10189.425111664488
1617,10189.425111664488
1618,10190.125599668487
1619,10190.125599668487
1620,10190.125599668487
1621,10190.125599668487
1622,10190.125599668487
1623,10200.28293887363
1624,10200.28293887363
1625,10200.28293887363
1626,10200.28293887363
1627,10200.28293887363
1628,10200.28293887363
1629,10211.277684604865
1630,10215.060615889597
1631,10228.773859776706
1632,10228.773859776706
1633,10228.773859776706
1634,10228.773859776706
1635,10236.010944908981
1636,10242.521132272634
1637,10249.333871718543
1638,10249.333871718543
1639,10249.333871718543
1640,10249.333871718543
1641,10249.333871718543
1642,10249.333871718543
1643,10249.333871718543
1644,10249.333871718543
1645,10259.944050642549
1646,10259.944050642549
1647,10259.944050642549
1648,10259.944050642549
1649,10269.92092587382
1650,10269.92092587382
1651,10274.28831436962
1652,10274.28831436962
1653,10274.28831436962
1654,10275.381362690983
1655,10275.381362690983
1656,10275.381362690983
1657,10275.381362690983
1658,10275.381362690983
1659,10275.381362690983
1660,10275.381362690983
1661,10275.381362690983
1662,10335.485324680703
1663,10400.418860647562
1664,10436.305320260579
1665,10473.640752963423
1666,10508.723662109252
1667,10543.629781593374
1668,10552.705931832423
1669,10602.835211604255
1670,10602.835211604255
1671,10602.835211604255
1672,10633.541636165894
1673,10662.529350530194
1674,10700.942596974903
1675,10700.942596974903
1676,10700.942596974903
1677,10738.51683974947
1678,10750.835736944086
1679,10750.835736944086
1680,10750.835736944086
1681,10750.835736944086
1682,10750.835736944086
1683,10750.835736944086
1684,10750.835736944086
1685,10750.835736944086
1686,10750.835736944086
1687,10750.835736944086
1688,10805.350259048124
1689,10806.680234761321
1690,10827.425458034468
1691,10831.437245161098
1692,10831.437245161098
1693,10831.437245161098
1694,10844.802381716918
1695,10849.296491050047
1696,10855.81224115301
1697,10864.307196592232
1698,10864.307196592232
1699,10864.307196592232
1700,10873.039036022034
1701,10892.35416215566
1702,10892.35416215566
1703,10896.961037282068
1704,10896.961037282068
1705,10957.144940267774
1706,11016.646162284702
1707,11016.646162284702
1708,11047.426191756385
1709,11047.426191756385
1710,11047.426191756385
1711,11063.086548518237
1712,11075.335883568605
1713,11077.723142879195
1714,11077.723142879195
1715,11087.801216096534
1716,11087.801216096534
1717,11087.801216096534
1718,11087.801216096534
1719,11087.801216096534
1720,11087.801216096534
1721,11087.801216096534
1722,11087.801216096534
1723,11087.801216096534
1724,11104.417865834024
1725,11129.453287991228
1726,11136.2589341765
1727,11144.593959137475
1728,11193.132177552607
1729,11214.899487720048
1730,11214.899487720048
1731,11217.44915165992
1732,11220.736673850937
1733,11221.736673850937
1734,11221.736673850937
1735,11221.736673850937
1736,11221.736673850937
1737,11221.736673850937
1738,11221.736673850937
1739,11221.736673850937
1740,11221.736673850937
1741,11221.736673850937
1742,11221.736673850937
1743,11223.523998291437
1744,11234.664581316421
1745,11243.548091019402
1746,11243.548091019402
1747,11243.548091019402
1748,11243.548091019402
1749,11243.548091019402
1750,11243.548091019402
1751,11243.548091019402
1752,11243.548091019402
1753,11275.749362505321
1754,11275.749362505321
1755,11296.067915958949
1756,11330.848840372164
1757,11330.848840372164
1758,11330.848840372164
1759,11330.848840372164
1760,11330.848840372164
1761,11330.848840372164
1762,11330.848840372164
1763,11330.848840372164
1764,11336.729335445369
1765,11336.729335445369
1766,11338.188555095316
1767,11338.188555095316
1768,11338.188555095316
1769,11338.188555095316
1770,11338.188555095316
1771,11338.188555095316
1772,11338.188555095316
1773,11338.188555095316
1774,11338.188555095316
1775,11338.188555095316
1776,11338.188555095316
1777,11338.188555095316
1778,11338.188555095316
1779,11338.188555095316
1780,11374.133346962428
1781,11374.133346962428
1782,11379.290776253145
1783,11396.66020376665
1784,11430.53829292538
1785,11482.436605265524
1786,11496.945190353043
1787,11510.852386451124
1788,11510.852386451124
1789,11524.54237375704
1790,11532.62661205471
1791,11532.62661205471
1792,11532.62661205471
1793,11541.762577855743
1794,11541.762577855743
1795,11541.762577855743
1796,11551.580958985816
1797,11551.580958985816
1798,11560.120202862865
1799,11560.120202862865
1800,11560.120202862865
1801,11560.120202862865
1802,11569.999719289686
1803,11569.999719289686
1804,11584.88307066394
1805,11592.768969701066
1806,11592.768969701066
1807,11592.768969701066
1808,11592.768969701066
1809,11592.768969701066
1810,11594.230626645885
1811,11594.230626645885
1812,11595.227714610492
1813,11595.227714610492
1814,11595.227714610492
1815,11595.227714610492
1816,11595.227714610492
1817,11595.227714610492
1818,11595.227714610492
1819,11595.227714610492
1820,11595.227714610492
1821,11595.227714610492
1822,11595.227714610492
1823,11595.227714610492
1824,11595.227714610492
1825,11595.227714610492
1826,11595.227714610492
1827,11595.227714610492
1828,11595.227714610492
1829,11595.227714610492
1830,11595.227714610492
1831,11595.227714610492
1832,11595.227714610492
1833,11595.227714610492
1834,11595.227714610492
1835,11595.227714610492
1836,11728.926264457952
1837,11728.926264457952
1838,11728.926264457952
1839,11765.834411483655
1840,11765.834411483655
1841,11838.22708627806
1842,11838.22708627806
1843,11838.22708627806
1844,11866.316669496373
1845,11873.736138727761
1846,11873.736138727761
1847,11873.736138727761
1848,11874.336138727762
1849,11874.336138727762
1850,11874.336138727762
1851,11874.336138727762
1852,11874.336138727762
1853,11874.336138727762
1854,11874.336138727762
1855,11904.032211273543
1856,11904.032211273543
1857,11917.67097376158
1858,11963.678812558419
1859,11963.678812558419
1860,11977.547376178778
1861,11977.547376178778
1862,12052.159779836507
1863,12127.53925974263
1864,12146.28543223595
1865,12146.28543223595
1866,12170.508276673412
1867,12173.171971766107
1868,12173.171971766107
1869,12173.171971766107
1870,12173.171971766107
1871,12173.171971766107
1872,12173.171971766107
1873,12173.171971766107
1874,12186.45193965186
1875,12186.45193965186
1876,12189.564118773584
1877,12206.647714538118
1878,12248.65392860992
1879,12248.65392860992
1880,12248.65392860992
1881,12248.65392860992
1882,12248.65392860992
1883,12248.65392860992
1884,12248.65392860992
1885,12248.65392860992
1886,12248.65392860992
1887,12248.65392860992
1888,12248.65392860992
1889,12248.65392860992
1890,12248.65392860992
1891,12248.65392860992
1892,12267.470280848684
1893,12284.177323677688
1894,12311.69780854702
1895,12339.391205328919
1896,12339.491205328919
1897,12347.225865744726
1898,12347.225865744726
1899,12347.225865744726
1900,12347.225865744726
1901,12347.225865744726
1902,12347.225865744726
1903,12347.225865744726
1904,12347.225865744726
1905,12347.225865744726
1906,12347.225865744726
1907,12356.31853606001
1908,12374.025868809822
1909,12374.025868809822
1910,12374.025868809822
1911,12426.4877209115
1912,12426.4877209115
1913,12426.4877209115
1914,12426.4877209115
1915,12530.192261522481
1916,12594.097495791144
1917,12594.097495791144
1918,12607.52002885946
1919,12607.52002885946
1920,12607.52002885946
1921,12607.52002885946
1922,12615.48713722543
1923,12615.48713722543
1924,12629.048930827203
1925,12629.048930827203
1926,12629.048930827203
1927,12629.048930827203
1928,12634.428404099152
1929,12634.428404099152
1930,12641.418295513318
1931,12641.418295513318
1932,12644.296656586605
1933,12644.296656586605
1934,12644.296656586605
1935,12644.296656586605
1936,12644.296656586605
1937,12680.830171505799
1938,12680.830171505799
1939,12705.438593864135
1940,12750.466561767722
1941,12776.124354727444
1942,12776.124354727444
1943,12776.124354727444
1944,12776.124354727444
1945,12776.139031288154
1946,12776.139031288154
1947,12776.139031288154
1948,12794.116696410596
1949,12794.116696410596
1950,12794.116696410596
1951,12794.116696410596
1952,12794.116696410596
1953,12794.116696410596
1954,12794.116696410596
1955,12794.116696410596
1956,12813.512553196779
1957,12813.512553196779
1958,12813.512553196779
1959,12822.631745899029
1960,12822.631745899029
1961,12822.631745899029
1962,12822.631745899029
1963,12822.631745899029
1964,12824.678700030117
1965,12824.678700030117
1966,12824.678700030117
1967,12824.678700030117
1968,12824.678700030117
1969,12828.457925713186
1970,12828.457925713186
1971,12828.457925713186
1972,12828.457925713186
1973,12828.457925713186
1974,12828.457925713186
1975,12828.457925713186
1976,12828.457925713186
1977,12828.457925713186
1978,12829.750642793571
1979,12831.42320440824
1980,12831.42320440824
1981,12831.42320440824
1982,12831.42320440824
1983,12831.42320440824
1984,12831.42320440824
1985,12832.81956251639
1986,12832.81956251639
1987,12832.81956251639
1988,12832.81956251639
1989,12835.811039435042
1990,12835.811039435042
1991,12835.811039435042
1992,12835.811039435042
1993,12835.811039435042
1994,12844.132243094553
1995,12844.132243094553
1996,12844.132243094553
1997,12844.132243094553
1998,12844.132243094553
1999,12844.732243094553
2000,12844.732243094553
2001,12844.732243094553
2002,12844.732243094553
2003,12844.732243094553
2004,12844.732243094553
2005,12844.732243094553
2006,12844.732243094553
2007,12844.732243094553
2008,12866.695982272005
2009,12866.695982272005
2010,12866.695982272005
2011,12866.695982272005
2012,12905.704207933177
2013,12915.998463586677
2014,12926.484103060386
2015,12926.484103060386
2016,12930.181949431619
2017,12930.181949431619
2018,12939.428124104814
2019,12939.428124104814
2020,12941.071140831751
2021,12941.071140831751
2022,12941.071140831751
2023,12941.071140831751
2024,12941.071140831751
2025,12956.310870176008
2026,12964.952314754262
2027,12965.352314754262
2028,12965.352314754262
2029,12980.876494868253
2030,12980.876494868253
2031,12987.138027206596
2032,12987.138027206596
2033,12987.138027206596
2034,12992.91680608614
2035,13009.931156686305
2036,13009.931156686305
2037,13009.931156686305
2038,13047.699605674768
2039,13054.351016875213
2040,13062.37074161078
2041,13067.876344495455
2042,13067.876344495455
2043,13067.876344495455
2044,13067.876344495455
2045,13067.876344495455
2046,13067.876344495455
2047,13067.876344495455
2048,13067.876344495455
2049,13067.876344495455
2050,13067.876344495455
2051,13067.876344495455
2052,13067.876344495455
2053,13067.876344495455
2054,13067.876344495455
2055,13079.889148062819
2056,13090.352142337235
2057,13090.352142337235
2058,13090.352142337235
2059,13090.352142337235
2060,13121.147237444213
2061,13121.147237444213
2062,13121.147237444213
2063,13121.147237444213
2064,13123.024101090288
2065,13123.024101090288
2066,13136.101014450036
2067,13159.629472792827
2068,13163.383082952783
2069,13163.383082952783
2070,13163.383082952783
2071,13163.383082952783
2072,13178.78724253804
2073,13178.78724253804
2074,13199.652345305905
2075,13208.757646960094
2076,13238.541309207545
2077,13245.96149780325
2078,13245.96149780325
2079,13245.96149780325
2080,13245.96149780325
2081,13245.96149780325
2082,13245.96149780325
2083,13245.96149780325
2084,13245.96149780325
2085,13253.222923882224
2086,13253.222923882224
2087,13258.943651724652
2088,13258.943651724652
2089,13258.943651724652
2090,13258.943651724652
2091,13258.943651724652
2092,13295.031934450359
2093,13295.031934450359
2094,13307.198264482488
2095,13327.29996667842
2096,13327.29996667842
2097,13327.29996667842
2098,13327.29996667842
2099,13327.29996667842
2100,13327.29996667842
2101,13327.29996667842
2102,13327.29996667842
2103,13329.591997418436
2104,13329.591997418436
2105,13329.591997418436
2106,13354.867375778702
2107,13354.867375778702
2108,13354.867375778702
2109,13354.867375778702
2110,13354.867375778702
2111,13365.826265142252
2112,13365.826265142252
2113,13375.614181599356
2114,13386.305013959407
2115,13387.895133361177
2116,13387.895133361177
2117,13397.599665941336
2118,13397.599665941336
2119,13397.599665941336
2120,13397.599665941336
2121,13397.599665941336
2122,13397.599665941336
2123,13397.599665941336
2124,13397.599665941336
2125,13406.563904534212
2126,13406.563904534212
2127,13406.563904534212
2128,13406.563904534212
2129,13406.563904534212
2130,13406.563904534212
2131,13407.871700489803
2132,13407.871700489803
2133,13407.871700489803
2134,13407.871700489803
2135,13407.871700489803
2136,13407.871700489803
2137,13407.871700489803
2138,13407.871700489803
2139,13407.871700489803
2140,13407.871700489803
2141,13407.871700489803
2142,13407.871700489803
2143,13407.871700489803
2144,13407.871700489803
2145,13407.871700489803
2146,13407.871700489803
2147,13433.68114409827
2148,13443.211490605237
2149,13448.150255912651
2150,13448.150255912651
2151,13458.076179580732
2152,13458.076179580732
2153,13472.91454267373
2154,13472.91454267373
2155,13472.91454267373
2156,13486.610793739013
2157,13486.610793739013
2158,13490.813803866666
2159,13490.813803866666
2160,13490.813803866666
2161,13490.813803866666
2162,13501.20293689437
2163,13501.20293689437
2164,13509.785643764391
2165,13521.648475948088
2166,13531.565614735095
2167,13531.565614735095
2168,13531.565614735095
2169,13531.565614735095
2170,13536.204629917112
2171,13536.204629917112
2172,13536.204629917112
2173,13536.204629917112
2174,13537.113674274933
2175,13537.113674274933
2176,13585.915804268112
2177,13585.915804268112
2178,13585.915804268112
2179,13585.915804268112
2180,13623.63142047929
2181,13623.63142047929
2182,13680.761406113646
2183,13680.761406113646
2184,13722.556151897088
2185,13722.556151897088
2186,13731.794610566458
2187,13731.794610566458
2188,13731.794610566458
2189,13731.794610566458
2190,13731.794610566458
2191,13747.03727573079
2192,13747.03727573079
2193,13747.03727573079
2194,13763.878966085978
2195,13763.878966085978
2196,13763.878966085978
2197,13773.585617398709
2198,13773.585617398709
2199,13775.49756735335
2200,13775.49756735335
2201,13775.49756735335
2202,13775.49756735335
2203,13775.49756735335
2204,13786.512642032709
2205,13800.952905612436
2206,13811.911317847193
2207,13811.911317847193
2208,13811.911317847193
2209,13811.911317847193
2210,13811.911317847193
2211,13811.911317847193
2212,13815.798617779625
2213,13822.220493667504
2214,13826.334203413815
2215,13827.99430195541
2216,13827.99430195541
2217,13827.99430195541
2218,13831.80819998308
2219,13831.80819998308
2220,13831.80819998308
2221,13831.80819998308
2222,13831.80819998308
2223,13831.80819998308
2224,13896.422992141503
2225,13896.422992141503
2226,13951.338841442956
2227,13977.27177534091
2228,14013.549251580243
2229,14013.549251580243
2230,14015.791334570265
2231,14015.791334570265
2232,14028.580573951469
2233,14028.580573951469
2234,14040.775940350646
2235,14050.282914583719
2236,14050.282914583719
2237,14053.483529344514
2238,14053.483529344514
2239,14059.01857043456
2240,14059.01857043456
2241,14059.01857043456
2242,14059.01857043456
2243,14059.01857043456
2244,14059.01857043456
2245,14059.01857043456
2246,14059.01857043456
2247,14059.01857043456
2248,14059.01857043456
2249,14059.01857043456
2250,14071.845300857298
2251,14071.845300857298
2252,14124.528598548208
2253,14155.181171118667
2254,14155.181171118667
2255,14177.121340451746
2256,14177.121340451746
2257,14201.997927052318
2258,14203.230071594367
2259,14203.230071594367
2260,14203.230071594367
2261,14203.230071594367
2262,14203.230071594367
2263,14203.230071594367
2264,14203.230071594367
2265,14215.56421924683
2266,14215.56421924683
2267,14215.56421924683
2268,14215.56421924683
2269,14215.56421924683
2270,14215.56421924683
2271,14237.880208099237
2272,14237.880208099237
2273,14244.890793586757
2274,14251.268017447193
2275,14253.66093950218
2276,14253.66093950218
2277,14257.454647431387
2278,14257.454647431387
2279,14257.454647431387
2280,14257.454647431387
2281,14257.454647431387
2282,14257.454647431387
2283,14257.454647431387
2284,14257.454647431387
2285,14257.454647431387
2286,14308.936338800364
2287,14340.79406768112
2288,14386.588810820771
2289,14394.80038187019
2290,14460.526588044635
2291,14468.653481329693
2292,14493.655758354464
2293,14517.983543953684
2294,14524.357411009993
2295,14568.284332459127
2296,14574.082096690361
2297,14578.91354248353
2298,14578.91354248353
2299,14578.91354248353
2300,14578.91354248353
2301,14606.84634501132
2302,14606.84634501132
2303,14635.77049047076
2304,14669.47643247087
2305,14701.1725182516
2306,14701.1725182516
2307,14701.1725182516
2308,14708.0844953662
2309,14729.800942045184
2310,14729.800942045184
2311,14740.887171724322
2312,14740.887171724322
2313,14751.233084928224
2314,14751.633084928224
2315,14763.243549003355
2316,14772.454752833462
2317,14772.454752833462
2318,14772.454752833462
2319,14781.937304852254
2320,14789.574975529971
2321,14789.574975529971
2322,14789.574975529971
2323,14789.574975529971
2324,14789.574975529971
2325,14789.574975529971
2326,14789.574975529971
2327,14794.348562664458
2328,14794.348562664458
2329,14798.33579519187
2330,14798.33579519187
2331,14807.051493914063
2332,14818.725412156853
2333,14824.415647396338
2334,14824.415647396338
2335,14824.415647396338
2336,14832.394896134707
2337,14832.394896134707
2338,14832.394896134707
2339,14832.394896134707
2340,14832.394896134707
2341,14832.394896134707
2342,14832.394896134707
2343,14832.394896134707
2344,14832.394896134707
2345,14832.394896134707
2346,14832.394896134707
2347,14832.394896134707
2348,14857.669027740632
2349,14882.099954229396
2350,14911.799336767475
2351,14911.799336767475
2352,14927.590735493439
2353,14943.733906393809
2354,14953.638694239862
2355,14961.462269902606
2356,14961.462269902606
2357,14972.45655545632
2358,14972.45655545632
2359,14982.46183607209
2360,14982.46183607209
2361,14982.46183607209
2362,14982.46183607209
2363,14982.46183607209
2364,15056.278671737684
2365,15056.278671737684
2366,15148.77432300819
2367,15202.68883249596
2368,15227.11683283737
2369,15291.838867013026
2370,15320.122534042319
2371,15320.122534042319
2372,15361.900000929263
2373,15390.11376746516
2374,15390.11376746516
2375,15398.544758628432
2376,15405.732529812622
2377,15405.732529812622
2378,15405.732529812622
2379,15405.732529812622
2380,15405.732529812622
2381,15419.547017051584
2382,15421.554419536076
2383,15432.022402107594
2384,15445.902893416185
2385,15445.902893416185
2386,15445.902893416185
2387,15487.613538367805
2388,15517.18568979139
2389,15517.18568979139
2390,15517.18568979139
2391,15536.092996453352
2392,15536.092996453352
2393,15555.403325060635
2394,15575.111907854918
2395,15586.713031381836
2396,15603.177453940636
2397,15611.625823328372
2398,15611.625823328372
2399,15611.625823328372
2400,15611.625823328372
2401,15621.600433643018
2402,15621.600433643018
2403,15621.600433643018
2404,15621.600433643018
2405,15621.600433643018
2406,15621.600433643018
2407,15621.600433643018
2408,15622.80244709512
2409,15626.438926338267
2410,15626.438926338267
2411,15641.32200785174
2412,15641.32200785174
2413,15659.988550193026
2414,15669.786750417406
2415,15669.786750417406
2416,15669.786750417406
2417,15700.31187236037
2418,15700.31187236037
2419,15700.31187236037
2420,15714.201491094349
2421,15721.364899177404
2422,15721.364899177404
2423,15721.364899177404
2424,15725.251439688162
2425,15725.251439688162
2426,15725.251439688162
2427,15725.251439688162
2428,15725.251439688162
2429,15725.251439688162
2430,15725.251439688162
2431,15725.251439688162
2432,15784.791516174708
2433,15784.791516174708
2434,15823.687528081226
2435,15852.565331472102
2436,15858.828034341861
2437,15858.828034341861
2438,15858.828034341861
2439,15861.14120226078
2440,15866.647302488458
2441,15875.529972146962
2442,15875.529972146962
2443,15876.663120111276
2444,15876.663120111276
2445,15876.663120111276
2446,15876.663120111276
2447,15892.46513197672
2448,15892.46513197672
2449,15892.46513197672
2450,15900.64248502203
2451,15907.723666269676
2452,15925.276865858295
2453,15925.276865858295
2454,15936.480227381635
2455,15945.351159015785
2456,15945.351159015785
2457,15949.303836891888
2458,15949.303836891888
2459,15954.632056993716
2460,15954.632056993716
2461,15954.632056993716
2462,15954.632056993716
2463,15954.632056993716
2464,15954.632056993716
2465,15954.632056993716
2466,15954.632056993716
2467,15954.632056993716
2468,15971.148677725709
2469,15992.056589274813
2470,16002.984970850432
2471,16015.613687856448
2472,16031.687192660132
2473,16031.687192660132
2474,16045.249807547427
2475,16052.34558248967
2476,16052.34558248967
2477,16052.34558248967
2478,16052.34558248967
2479,16052.34558248967
2480,16052.34558248967
2481,16052.34558248967
2482,16075.077291581589
2483,16075.077291581589
2484,16075.077291581589
2485,16120.552360369515
2486,16150.523866627196
2487,16150.523866627196
2488,16166.97592791258
2489,16166.97592791258
2490,16166.97592791258
2491,16166.97592791258
2492,16189.233751404518
2493,16189.233751404518
2494,16189.233751404518
2495,16226.223056234167
2496,16233.661204527187
2497,16233.661204527187
2498,16239.584182266794
2499,16239.584182266794
2500,16240.845499503639
2501,16240.845499503639
2502,16240.845499503639
2503,16240.845499503639
2504,16240.845499503639
2505,16240.845499503639
2506,16240.845499503639
2507,16240.845499503639
2508,16240.845499503639
2509,16279.428629724362
2510,16302.627203090333
2511,16316.840554999291
2512,16339.743308628125
2513,16361.127505873394
2514,16361.127505873394
2515,16370.797980345107
2516,16370.797980345107
2517,16381.436702461055
2518,16381.436702461055
2519,16381.436702461055
2520,16388.036188310605
2521,16388.036188310605
2522,16391.219448998014
2523,16391.219448998014
2524,16391.219448998014
2525,16391.219448998014
2526,16391.219448998014
2527,16391.219448998014
2528,16429.101741700884
2529,16468.730649911995
2530,16497.242245117755
2531,16535.447247986624
2532,16562.58059867875
2533,16588.895128058313
2534,16595.722170589117
2535,16599.804403632075
2536,16599.804403632075
2537,16604.820887121998
2538,16604.820887121998
2539,16604.820887121998
2540,16604.820887121998
2541,16604.820887121998
2542,16604.820887121998
2543,16623.105302896216
2544,16623.105302896216
2545,16623.105302896216
2546,16655.888471094164
2547,16655.888471094164
2548,16659.573584404992
2549,16664.992365886348
2550,16664.992365886348
2551,16664.992365886348
2552,16664.992365886348
2553,16664.992365886348
2554,16674.491940673077
2555,16674.491940673077
2556,16696.5030943549
2557,16701.390289956784
2558,16701.390289956784
2559,16701.390289956784
2560,16701.390289956784
2561,16701.390289956784
2562,16701.390289956784
2563,16731.731909314574
2564,16744.352158173064
2565,16744.352158173064
2566,16744.352158173064
2567,16752.12135437423
2568,16752.12135437423
2569,16752.12135437423
2570,16752.12135437423
2571,16752.12135437423
2572,16752.12135437423
2573,16752.12135437423
2574,16752.12135437423
2575,16752.12135437423
2576,16752.12135437423
2577,16752.12135437423
2578,16752.12135437423
2579,16752.12135437423
2580,16752.12135437423
2581,16752.12135437423
2582,16752.12135437423
2583,16752.12135437423
2584,16752.12135437423
2585,16752.12135437423
2586,16752.12135437423
2587,16752.12135437423
2588,16752.12135437423
2589,16752.12135437423
2590,16752.12135437423
2591,16772.118911440568
2592,16772.118911440568
2593,16772.118911440568
2594,16791.009718363795
2595,16791.009718363795
2596,16798.41020959741
2597,16798.41020959741
2598,16798.41020959741
2599,16798.41020959741
2600,16798.41020959741
2601,16798.41020959741
2602,16849.307890779262
2603,16849.307890779262
2604,16894.031479194986
2605,16935.02451117351
2606,16935.02451117351
2607,16942.522860467754
2608,16951.540811837716
2609,16951.540811837716
2610,16951.540811837716
2611,16976.136857784208
2612,16993.16447865296
2613,16993.16447865296
2614,16993.16447865296
2615,17003.826150475856
2616,17011.865707784782
2617,17011.865707784782
2618,17011.865707784782
2619,17011.865707784782
2620,17011.865707784782
2621,17011.865707784782
2622,17011.865707784782
2623,17011.865707784782
2624,17021.174903790714
2625,17021.174903790714
2626,17021.174903790714
2627,17024.957915181112
2628,17035.233643548367
2629,17035.233643548367
2630,17035.233643548367
2631,17041.014270936612
2632,17041.014270936612
2633,17045.015630809557
2634,17085.171183755618
2635,17085.171183755618
2636,17085.171183755618
2637,17147.399459557095
2638,17199.501885847083
2639,17227.16968411667
2640,17267.404724942928
2641,17296.436377182636
2642,17302.20865928751
2643,17302.20865928751
2644,17302.20865928751
2645,17308.03381487503
2646,17308.03381487503
2647,17313.638612256967
2648,17313.638612256967
2649,17313.638612256967
2650,17313.638612256967
2651,17313.638612256967
2652,17313.638612256967
2653,17313.638612256967
2654,17330.354279059808
2655,17330.354279059808
2656,17363.133620882127
2657,17374.043431873757
2658,17413.332081478973
2659,17413.332081478973
2660,17452.645365363795
2661,17475.261005940643
2662,17475.261005940643
2663,17481.74990566766
2664,17493.64692037376
2665,17497.201165946775
2666,17501.991627882733
2667,17501.991627882733
2668,17501.991627882733
2669,17501.991627882733
2670,17501.991627882733
2671,17524.11826204723
2672,17524.11826204723
2673,17524.11826204723
2674,17541.216186231228
2675,17576.342090765815
2676,17596.834297445555
2677,17596.834297445555
2678,17616.53120517368
2679,17616.53120517368
2680,17618.895141731788
2681,17618.895141731788
2682,17618.895141731788
2683,17618.895141731788
2684,17618.895141731788
2685,17677.92248803769
2686,17677.92248803769
2687,17684.29611129247
2688,17684.29611129247
2689,17684.29611129247
2690,17684.29611129247
2691,17684.29611129247
2692,17710.39863781661
2693,17735.174247346044
2694,17751.750779895232
2695,17752.150779895233
2696,17765.743789488115
2697,17765.743789488115
2698,17771.77460365989
2699,17771.77460365989
2700,17771.77460365989
2701,17771.77460365989
2702,17771.77460365989
2703,17771.77460365989
2704,17771.77460365989
2705,17771.77460365989
2706,17771.77460365989
2707,17795.975184506686
2708,17795.975184506686
2709,17810.572235583008
2710,17810.572235583008
2711,17810.572235583008
2712,17831.54981688484
2713,17831.54981688484
2714,17831.54981688484
2715,17831.54981688484
2716,17831.54981688484
2717,17831.54981688484
2718,17847.24975651563
2719,17856.883214055233
2720,17867.596042191224
2721,17878.328852705647
2722,17886.141633992007
2723,17890.15974041036
2724,17890.15974041036
2725,17901.7614455522
2726,17901.7614455522
2727,17906.49834813257
2728,17914.980985151306
2729,17917.99719530416
2730,17918.99719530416
2731,17918.99719530416
2732,17918.99719530416
2733,17918.99719530416
2734,17918.99719530416
2735,17918.99719530416
2736,17918.99719530416
2737,17918.99719530416
2738,17941.99313590811
2739,17987.60664318175
2740,18070.41963465652
2741,18088.346273294916
2742,18123.216974219304
2743,18152.699863921243
2744,18152.699863921243
2745,18179.631238413782
2746,18179.631238413782
2747,18179.631238413782
2748,18191.96842477395
2749,18191.96842477395
2750,18191.96842477395
2751,18191.96842477395
2752,18222.297608582154
2753,18222.297608582154
2754,18232.396346648886
2755,18253.12878108201
2756,18255.425569096922
2757,18271.016334687345
2758,18282.99433409541
2759,18282.99433409541
2760,18282.99433409541
2761,18291.079215951046
2762,18312.17743382543
2763,18312.17743382543
2764,18331.194795188334
2765,18346.046737529057
2766,18354.577142303424
2767,18354.577142303424
2768,18354.577142303424
2769,18374.553237073465
2770,18381.453237073467
2771,18385.712700564945
2772,18386.712700564945
2773,18387.812700564944
2774,18390.811691335
2775,18390.811691335
2776,18390.811691335
2777,18390.811691335
2778,18390.811691335
2779,18390.811691335
2780,18390.811691335
2781,18410.11071719452
2782,18410.11071719452
2783,18420.080015489202
2784,18423.20427841381
2785,18423.20427841381
2786,18437.623937350814
2787,18451.70750447332
2788,18451.70750447332
2789,18461.607617680933
2790,18461.607617680933
2791,18461.607617680933
2792,18499.127401163485
2793,18517.281324580632
2794,18574.207972274813
2795,18600.500302973927
2796,18607.9111914813
2797,18607.9111914813
2798,18625.824323509743
2799,18625.824323509743
2800,18632.09855638773
2801,18645.460589483486
2802,18645.460589483486
2803,18658.989506313406
2804,18658.989506313406
2805,18662.420312834427
2806,18675.701156422972
2807,18687.72124539316
2808,18687.72124539316
2809,18687.72124539316
2810,18696.83554960978
2811,18701.425833463432
2812,18706.590420784672
2813,18706.590420784672
2814,18706.590420784672
2815,18706.590420784672
2816,18708.451849269106
2817,18708.451849269106
2818,18708.451849269106
2819,18718.332774823048
2820,18718.332774823048
2821,18727.359171939886
2822,18727.359171939886
2823,18727.359171939886
2824,18727.359171939886
2825,18727.359171939886
2826,18727.359171939886
2827,18727.359171939886
2828,18727.359171939886
2829,18727.359171939886
2830,18761.74209646955
2831,18772.46366653475
2832,18776.91036452042
2833,18776.91036452042
2834,18776.91036452042
2835,18790.98370183435
2836,18790.98370183435
2837,18790.98370183435
2838,18790.98370183435
2839,18805.589465445126
2840,18811.751012629986
2841,18826.994330950845
2842,18842.09163534695
2843,18842.09163534695
2844,18853.27878999479
2845,18853.27878999479
2846,18865.061543703356
2847,18865.061543703356
2848,18874.753962985957
2849,18874.753962985957
2850,18882.96803033755
2851,18882.96803033755
2852,18961.64884496614
2853,18961.64884496614
2854,18961.64884496614
2855,18976.065041076672
2856,18995.446614807304
2857,19066.024643013938
2858,19066.024643013938
2859,19066.024643013938
2860,19092.43465663844
2861,19092.43465663844
2862,19117.9723454825
2863,19117.9723454825
2864,19117.9723454825
2865,19117.9723454825
2866,19117.9723454825
2867,19117.9723454825
2868,19117.9723454825
2869,19117.9723454825
2870,19117.9723454825
2871,19117.9723454825
2872,19117.9723454825
2873,19117.9723454825
2874,19186.29899976417
2875,19240.838191834817
2876,19289.175238668693
2877,19331.435940850184
2878,19331.435940850184
2879,19349.965131518024
2880,19349.965131518024
2881,19366.785358372526
2882,19375.075611144122
2883,19375.075611144122
2884,19375.075611144122
2885,19375.075611144122
2886,19375.075611144122
2887,19375.075611144122
2888,19375.075611144122
2889,19375.075611144122
2890,19404.73509788586
2891,19404.73509788586
2892,19426.91851516079
2893,19453.325036552775
2894,19453.325036552775
2895,19453.325036552775
2896,19453.325036552775
2897,19493.668562963267
2898,19493.668562963267
2899,19493.668562963267
2900,19493.668562963267
2901,19493.668562963267
2902,19493.668562963267
2903,19493.668562963267
2904,19501.765010014067
2905,19501.765010014067
2906,19522.31341198322
2907,19522.31341198322
2908,19527.1905486027
2909,19563.87622876184
2910,19563.87622876184
2911,19598.984333252527
2912,19598.984333252527
2913,19625.08384570828
2914,19625.08384570828
2915,19635.22117896938
2916,19635.22117896938
2917,19635.22117896938
2918,19635.22117896938
2919,19635.22117896938
2920,19635.22117896938
2921,19676.71681637543
2922,19676.71681637543
2923,19709.32213988726
2924,19737.165243876017
2925,19749.436168080687
2926,19749.436168080687
2927,19749.436168080687
2928,19749.436168080687
2929,19749.436168080687
2930,19749.436168080687
2931,19749.436168080687
2932,19786.974509363215
2933,19786.974509363215
2934,19786.974509363215
2935,19801.120147565827
2936,19806.23181754477
2937,19806.23181754477
2938,19821.525550955706
2939,19821.525550955706
2940,19821.525550955706
2941,19821.525550955706
2942,19821.525550955706
2943,19821.525550955706
2944,19826.192641922797
2945,19826.192641922797
2946,19826.192641922797
2947,19826.192641922797
2948,19826.192641922797
2949,19845.281567622325
2950,19845.281567622325
2951,19845.281567622325
2952,19845.281567622325
2953,19845.281567622325
2954,19883.789714788705
2955,19894.67637190412
2956,19894.67637190412
2957,19910.171419806215
2958,19910.171419806215
2959,19910.171419806215
2960,19917.5866576916
2961,19917.5866576916
2962,19917.5866576916
2963,19917.5866576916
2964,19917.5866576916
2965,19927.673654391267
2966,19938.39197598866
2967,19949.229366354088
2968,19958.238283170285
2969,19958.238283170285
2970,19958.238283170285
2971,19958.238283170285
2972,19965.699559779358
2973,19965.699559779358
2974,19965.699559779358
2975,19965.699559779358
2976,19965.699559779358
2977,19965.699559779358
2978,19965.699559779358
2979,20007.774977547397
2980,20007.774977547397
2981,20020.47590447603
2982,20020.47590447603
2983,20020.47590447603
2984,20031.698055141256
2985,20031.698055141256
2986,20031.698055141256
2987,20031.698055141256
2988,20031.698055141256
2989,20031.698055141256
2990,20031.698055141256
2991,20031.698055141256
2992,20077.99669873292
2993,20077.99669873292
2994,20077.99669873292
2995,20109.629369871636
2996,20140.043079408624
2997,20140.043079408624
2998,20140.043079408624
2999,20163.95185991669
3000,20163.95185991669
3001,20163.95185991669
3002,20163.95185991669
3003,20163.95185991669
3004,20163.95185991669
3005,20163.95185991669
3006,20163.95185991669
3007,20163.95185991669
3008,20198.8368495155
3009,20198.8368495155
3010,20232.105091672307
3011,20232.105091672307
3012,20232.105091672307
3013,20232.105091672307
3014,20232.105091672307
3015,20233.044591144302
3016,20233.044591144302
3017,20264.20762120034
3018,20264.20762120034
3019,20280.71211722725
3020,20280.71211722725
3021,20285.616179445235
3022,20285.616179445235
3023,20285.616179445235
3024,20285.616179445235
3025,20285.616179445235
3026,20285.616179445235
3027,20303.267816522613
3028,20318.288126518117
3029,20353.41563315705
3030,20374.78780908937
3031,20374.78780908937
3032,20378.890806685853
3033,20378.890806685853
3034,20382.03218485588
3035,20382.03218485588
3036,20382.03218485588
3037,20382.03218485588
3038,20385.81198030249
3039,20385.81198030249
3040,20388.100030469555
3041,20388.100030469555
3042,20388.100030469555
3043,20394.317707592276
3044,20394.317707592276
3045,20394.317707592276
3046,20406.039109125417
3047,20415.11789258645
3048,20424.095657742862
3049,20424.095657742862
3050,20432.30938903511
3051,20434.084592020045
3052,20434.084592020045
3053,20434.084592020045
3054,20434.084592020045
3055,20439.084316556393
3056,20439.084316556393
3057,20439.084316556393
3058,20439.084316556393
3059,20439.084316556393
3060,20439.084316556393
3061,20439.084316556393
3062,20455.0065665033
3063,20455.0065665033
3064,20469.039553701543
3065,20502.324410599558
3066,20502.324410599558
3067,20514.455206603394
3068,20514.455206603394
3069,20514.455206603394
3070,20518.151765254017
3071,20518.151765254017
3072,20518.151765254017
3073,20521.26266194495
3074,20521.26266194495
3075,20521.26266194495
3076,20521.26266194495
3077,20521.26266194495
3078,20527.373655504805
3079,20527.373655504805
3080,20527.373655504805
3081,20527.373655504805
3082,20527.373655504805
3083,20527.373655504805
3084,20527.373655504805
3085,20529.600205078237
3086,20529.600205078237
3087,20529.600205078237
3088,20529.600205078237
3089,20529.600205078237
3090,20529.600205078237
3091,20529.600205078237
3092,20529.600205078237
3093,20529.600205078237
3094,20529.600205078237
3095,20529.600205078237
3096,20581.49173091103
3097,20581.49173091103
3098,20586.22939797618
3099,20586.22939797618
3100,20586.22939797618
3101,20586.22939797618
3102,20606.534192123854
3103,20606.534192123854
3104,20606.534192123854
3105,20612.038287842715
3106,20612.038287842715
3107,20613.540557144755
3108,20613.540557144755
3109,20613.540557144755
3110,20613.540557144755
3111,20613.540557144755
3112,20613.540557144755
3113,20613.540557144755
3114,20674.07895147209
3115,20674.07895147209
3116,20674.07895147209
3117,20674.07895147209
3118,20674.07895147209
3119,20674.07895147209
3120,20674.07895147209
3121,20674.07895147209
3122,20674.07895147209
3123,20674.07895147209
3124,20675.6928455832
3125,20675.6928455832
3126,20675.6928455832
3127,20675.6928455832
3128,20675.6928455832
3129,20675.6928455832
3130,20675.6928455832
3131,20675.6928455832
3132,20681.182681734525
3133,20681.182681734525
3134,20681.182681734525
3135,20681.182681734525
3136,20681.182681734525
3137,20681.182681734525
3138,20681.182681734525
3139,20681.182681734525
3140,20681.182681734525
3141,20681.182681734525
3142,20681.182681734525
3143,20681.182681734525
3144,20681.182681734525
3145,20681.182681734525
3146,20681.182681734525
3147,20681.182681734525
3148,20690.625443196674
3149,20690.625443196674
3150,20690.625443196674
3151,20695.60402772263
3152,20696.38065204773
3153,20696.38065204773
3154,20696.38065204773
3155,20696.38065204773
3156,20697.86588997047
3157,20697.86588997047
3158,20697.86588997047
3159,20697.86588997047
3160,20697.86588997047
3161,20697.86588997047
3162,20697.86588997047
3163,20697.86588997047
3164,20697.86588997047
3165,20711.13828103897
3166,20711.13828103897
3167,20712.837563634304
3168,20712.837563634304
3169,20712.837563634304
3170,20712.837563634304
3171,20722.251115077164
3172,20722.251115077164
3173,20728.556450146338
3174,20728.556450146338
3175,20728.556450146338
3176,20728.556450146338
3177,20728.556450146338
3178,20728.556450146338
3179,20728.556450146338
3180,20728.556450146338
3181,20728.556450146338
3182,20728.556450146338
3183,20728.556450146338
3184,20728.556450146338
3185,20728.556450146338
3186,20771.011195514766
3187,20805.681802899493
3188,20805.681802899493
3189,20808.68271588203
3190,20808.68271588203
3191,20808.68271588203
3192,20810.72091671285
3193,20810.72091671285
3194,20810.72091671285
3195,20824.32186694304
3196,20838.72345548974
3197,20846.17383050171
3198,20850.071541295885
3199,20850.071541295885
3200,20856.67729607295
3201,20856.67729607295
3202,20856.67729607295
3203,20856.67729607295
3204,20856.67729607295
3205,20856.67729607295
3206,20856.67729607295
3207,20856.67729607295
3208,20885.799370245186
3209,20885.799370245186
3210,20889.106834413848
3211,20930.41643445995
3212,20930.41643445995
3213,20941.17643608832
3214,20941.17643608832
3215,20941.17643608832
3216,20941.17643608832
3217,20941.17643608832
3218,20941.17643608832
3219,20941.17643608832
3220,20941.17643608832
3221,20948.18526013837
3222,20948.18526013837
3223,20980.27997208095
3224,20980.27997208095
3225,20980.27997208095
3226,20993.6709492126
3227,20993.6709492126
3228,21003.677965394534
3229,21003.677965394534
3230,21004.96504989996
3231,21004.96504989996
3232,21004.96504989996
3233,21004.96504989996
3234,21004.96504989996
3235,21004.96504989996
3236,21014.471377410126
3237,21018.74077293289
3238,21024.115904539252
3239,21024.115904539252
3240,21030.348828117985
3241,21030.348828117985
3242,21030.348828117985
3243,21030.348828117985
3244,21030.348828117985
3245,21030.348828117985
3246,21059.757774490296
3247,21059.757774490296
3248,21094.389021003117
3249,21094.389021003117
3250,21103.650053485595
3251,21118.44729885466
3252,21118.44729885466
3253,21118.44729885466
3254,21118.44729885466
3255,21122.882729326433
3256,21122.882729326433
3257,21122.882729326433
3258,21122.882729326433
3259,21122.882729326433
3260,21132.39707379485
3261,21157.48860785784
3262,21157.48860785784
3263,21157.48860785784
3264,21157.48860785784
3265,21157.48860785784
3266,21157.48860785784
3267,21157.48860785784
3268,21157.48860785784
3269,21204.96997639211
3270,21204.96997639211
3271,21204.96997639211
3272,21204.96997639211
3273,21224.109200725226
3274,21224.109200725226
3275,21261.58645522188
3276,21261.58645522188
3277,21261.58645522188
3278,21282.688723138326
3279,21282.688723138326
3280,21282.688723138326
3281,21282.688723138326
3282,21282.688723138326
3283,21285.838342178155
3284,21285.838342178155
3285,21316.37622963825
3286,21316.37622963825
3287,21316.37622963825
3288,21334.082856969348
3289,21334.082856969348
3290,21334.082856969348
3291,21334.082856969348
3292,21334.082856969348
3293,21334.082856969348
3294,21334.082856969348
3295,21354.766751451374
3296,21354.766751451374
3297,21369.75097281191
3298,21369.75097281191
3299,21369.75097281191
3300,21369.75097281191
3301,21369.75097281191
3302,21374.761757034365
3303,21398.6991652538
3304,21398.6991652538
3305,21442.67776172154
3306,21442.67776172154
3307,21446.87804785913
3308,21446.87804785913
3309,21446.87804785913
3310,21446.87804785913
3311,21446.87804785913
3312,21446.87804785913
3313,21446.87804785913
3314,21446.87804785913
3315,21446.87804785913
3316,21446.87804785913
3317,21446.87804785913
3318,21446.87804785913
3319,21446.87804785913
3320,21446.87804785913
3321,21446.87804785913
3322,21447.96843774107
3323,21459.188497760544
3324,21459.188497760544
3325,21459.188497760544
3326,21459.188497760544
3327,21459.188497760544
3328,21459.188497760544
3329,21459.188497760544
3330,21459.188497760544
3331,21459.188497760544
3332,21459.188497760544
3333,21472.117502199282
3334,21475.668266662607
3335,21475.668266662607
3336,21475.668266662607
3337,21475.668266662607
3338,21485.287534542393
3339,21485.287534542393
3340,21485.287534542393
3341,21485.287534542393
3342,21485.287534542393
3343,21485.287534542393
3344,21490.703211228563
3345,21490.703211228563
3346,21490.703211228563
3347,21491.403211228564
3348,21491.403211228564
3349,21491.403211228564
3350,21491.403211228564
3351,21491.403211228564
3352,21491.403211228564
3353,21533.398522566877
3354,21573.70554465646
3355,21573.70554465646
3356,21575.80931174818
3357,21575.80931174818
3358,21590.70263588559
3359,21590.70263588559
3360,21592.416956579127
3361,21592.416956579127
3362,21592.416956579127
3363,21592.416956579127
3364,21592.416956579127
3365,21592.416956579127
3366,21592.416956579127
3367,21592.416956579127
3368,21592.416956579127
3369,21592.416956579127
3370,21622.855151518033
3371,21622.855151518033
3372,21622.855151518033
3373,21622.855151518033
3374,21622.855151518033
3375,21622.855151518033
3376,21622.855151518033
3377,21622.855151518033
3378,21626.486041155615
3379,21626.486041155615
3380,21626.486041155615
3381,21626.486041155615
3382,21626.486041155615
3383,21626.486041155615
3384,21626.486041155615
3385,21626.486041155615
3386,21626.486041155615
3387,21626.486041155615
3388,21626.486041155615
3389,21632.995652814632
3390,21632.995652814632
3391,21632.995652814632
3392,21632.995652814632
3393,21632.995652814632
3394,21632.995652814632
3395,21632.995652814632
3396,21632.995652814632
3397,21632.995652814632
3398,21632.995652814632
3399,21632.995652814632
3400,21632.995652814632
3401,21632.995652814632
3402,21632.995652814632
3403,21645.649992304414
3404,21645.649992304414
3405,21645.649992304414
3406,21645.649992304414
3407,21645.649992304414
3408,21645.649992304414
3409,21645.649992304414
3410,21645.649992304414
3411,21645.649992304414
3412,21645.649992304414
3413,21645.649992304414
3414,21645.649992304414
3415,21645.649992304414
3416,21645.649992304414
3417,21645.649992304414
3418,21645.649992304414
3419,21645.649992304414
3420,21645.649992304414
3421,21645.649992304414
3422,21645.649992304414
3423,21645.649992304414
3424,21645.649992304414
3425,21645.649992304414
3426,21645.649992304414
3427,21645.649992304414
3428,21645.649992304414
3429,21645.649992304414
3430,21649.638719288207
3431,21656.218816544057
3432,21656.218816544057
3433,21656.218816544057
3434,21656.218816544057
3435,21656.218816544057
3436,21656.218816544057
3437,21656.218816544057
3438,21656.218816544057
3439,21656.218816544057
3440,21656.218816544057
3441,21673.09980990967
3442,21673.09980990967
3443,21673.09980990967
3444,21673.09980990967
3445,21673.09980990967
3446,21673.09980990967
3447,21677.49431973343
3448,21677.49431973343
3449,21677.49431973343
3450,21677.49431973343
3451,21677.49431973343
3452,21677.49431973343
3453,21677.49431973343
3454,21677.49431973343
3455,21677.49431973343
3456,21677.49431973343
3457,21677.49431973343
3458,21677.49431973343
3459,21677.49431973343
3460,21706.183735392693
3461,21706.183735392693
3462,21706.183735392693
3463,21706.183735392693
3464,21706.183735392693
3465,21706.183735392693
3466,21712.366563306165
3467,21712.366563306165
3468,21712.366563306165
3469,21712.366563306165
3470,21712.366563306165
3471,21712.366563306165
3472,21712.366563306165
3473,21717.444191294057
3474,21717.444191294057
3475,21717.444191294057
3476,21717.444191294057
3477,21717.444191294057
3478,21717.444191294057
3479,21717.444191294057
3480,21722.4859757071
3481,21726.49927232904
3482,21726.49927232904
3483,21727.99142450702
3484,21727.99142450702
3485,21727.99142450702
3486,21727.99142450702
3487,21727.99142450702
3488,21727.99142450702
3489,21727.99142450702
3490,21732.58345777856
3491,21732.58345777856
3492,21732.58345777856
3493,21732.58345777856
3494,21732.58345777856
3495,21732.58345777856
3496,21732.58345777856
3497,21732.58345777856
3498,21732.58345777856
3499,21732.58345777856
3500,21736.871540124306
3501,21742.901747583273
3502,21746.4247331965
3503,21746.4247331965
3504,21746.4247331965
3505,21746.4247331965
3506,21746.4247331965
3507,21746.4247331965
3508,21746.4247331965
3509,21771.355240119057
3510,21771.355240119057
3511,21771.355240119057
3512,21776.003553537055
3513,21776.003553537055
3514,21776.003553537055
3515,21776.003553537055
3516,21796.511986810874
3517,21796.511986810874
3518,21796.511986810874
3519,21796.511986810874
3520,21824.109245616008
3521,21824.109245616008
3522,21824.109245616008
3523,21824.109245616008
3524,21835.41523430266
3525,21835.41523430266
3526,21835.41523430266
3527,21835.41523430266
3528,21835.41523430266
3529,21835.41523430266
3530,21835.41523430266
3531,21835.41523430266
3532,21835.41523430266
3533,21835.41523430266
3534,21835.41523430266
3535,21835.41523430266
3536,21835.41523430266
3537,21835.41523430266
3538,21835.41523430266
3539,21835.41523430266
3540,21835.41523430266
3541,21835.41523430266
3542,21835.41523430266
3543,21835.41523430266
3544,21835.41523430266
3545,21835.41523430266
3546,21835.41523430266
3547,21835.41523430266
3548,21835.41523430266
3549,21841.408496582455
3550,21841.408496582455
3551,21841.408496582455
3552,21841.408496582455
3553,21841.408496582455
3554,21841.408496582455
3555,21846.685040376255
3556,21846.685040376255
3557,21846.685040376255
3558,21850.570839140073
3559,21850.570839140073
3560,21856.474638612508
3561,21858.160000649314
3562,21858.160000649314
3563,21867.54905902336
3564,21867.54905902336
3565,21867.54905902336
3566,21867.54905902336
3567,21867.54905902336
3568,21884.99937417434
3569,21892.376847790085
3570,21892.376847790085
3571,21892.376847790085
3572,21892.376847790085
3573,21892.376847790085
3574,21892.376847790085
3575,21892.376847790085
3576,21921.89127832212
3577,21922.798919143148
3578,21922.798919143148
3579,21922.798919143148
3580,21922.798919143148
3581,21922.798919143148
3582,21922.798919143148
3583,21922.798919143148
3584,21945.498243210768
3585,21946.8094833009
3586,21956.349672627734
3587,21956.349672627734
3588,21956.349672627734
3589,21956.349672627734
3590,21956.349672627734
3591,21956.349672627734
3592,21956.349672627734
3593,21956.349672627734
3594,21956.349672627734
3595,21956.349672627734
3596,21956.349672627734
3597,21956.349672627734
3598,21959.984243502364
