Time,Junction 2 delay
0,0.0
1,0.0
2,0.0
3,0.0
4,0.0
5,0.0
6,0.0
7,0.0
8,0.0
9,0.0
10,0.0
11,0.0
12,0.0
13,0.0
14,0.0
15,0.0
16,0.0
17,0.0
18,0.0
19,0.0
20,0.565941887349017
21,0.565941887349017
22,0.565941887349017
23,0.565941887349017
24,0.565941887349017
25,0.565941887349017
26,0.565941887349017
27,0.565941887349017
28,0.565941887349017
29,0.565941887349017
30,0.565941887349017
31,0.565941887349017
32,0.565941887349017
33,0.565941887349017
34,0.565941887349017
35,0.565941887349017
36,12.088247383006244
37,12.088247383006244
38,21.722405581290154
39,21.722405581290154
40,21.722405581290154
41,21.722405581290154
42,21.722405581290154
43,21.722405581290154
44,21.722405581290154
45,21.722405581290154
46,21.722405581290154
47,21.722405581290154
48,21.722405581290154
49,21.722405581290154
50,21.722405581290154
51,21.722405581290154
52,21.722405581290154
53,21.722405581290154
54,21.722405581290154
55,21.722405581290154
56,21.722405581290154
57,33.66767268607505
58,33.66767268607505
59,33.66767268607505
60,33.66767268607505
61,33.66767268607505
62,33.66767268607505
63,33.66767268607505
64,33.66767268607505
65,41.03461049997495
66,41.03461049997495
67,59.176984459140975
68,59.176984459140975
69,59.176984459140975
70,59.176984459140975
71,59.176984459140975
72,59.176984459140975
73,59.176984459140975
74,59.176984459140975
75,60.06014209945271
76,60.06014209945271
77,60.06014209945271
78,60.06014209945271
79,60.06014209945271
80,60.06014209945271
81,60.06014209945271
82,75.06575949735705
83,75.06575949735705
84,75.06575949735705
85,75.06575949735705
86,89.71426219227163
87,89.71426219227163
88,89.71426219227163
89,89.71426219227163
90,89.71426219227163
91,89.71426219227163
92,89.71426219227163
93,89.71426219227163
94,103.26620395866127
95,103.26620395866127
96,103.26620395866127
97,118.09161309673148
98,128.4547832454244
99,128.4547832454244
100,128.4547832454244
101,128.4547832454244
102,129.56775016806276
103,129.56775016806276
104,129.56775016806276
105,129.56775016806276
106,129.56775016806276
107,152.22845045502325
108,173.45917075518847
109,173.45917075518847
110,173.45917075518847
111,173.45917075518847
112,173.45917075518847
113,188.97922743457164
114,193.20296588834077
115,198.14604340273974
116,198.14604340273974
117,200.33420684077868
118,213.59738465388588
119,213.59738465388588
120,213.59738465388588
121,213.59738465388588
122,213.59738465388588
123,213.59738465388588
124,213.59738465388588
125,213.59738465388588
126,213.59738465388588
127,213.59738465388588
128,227.49047291708467
129,227.49047291708467
130,227.49047291708467
131,227.49047291708467
132,227.49047291708467
133,227.49047291708467
134,227.49047291708467
135,227.49047291708467
136,227.49047291708467
137,227.49047291708467
138,227.49047291708467
139,245.7047104235305
140,245.7047104235305
141,245.7047104235305
142,245.7047104235305
143,251.51441276042365
144,251.51441276042365
145,251.51441276042365
146,262.49920039837406
147,262.49920039837406
148,262.49920039837406
149,262.49920039837406
150,262.49920039837406
151,262.49920039837406
152,262.49920039837406
153,262.49920039837406
154,262.49920039837406
155,262.49920039837406
156,262.49920039837406
157,262.49920039837406
158,276.7039024745264
159,276.7039024745264
160,276.7039024745264
161,276.7039024745264
162,276.7039024745264
163,276.7039024745264
164,276.7039024745264
165,276.7039024745264
166,299.6367941467303
167,299.6367941467303
168,299.6367941467303
169,299.6367941467303
170,299.6367941467303
171,299.6367941467303
172,299.6367941467303
173,299.6367941467303
174,299.6367941467303
175,299.6367941467303
176,299.6367941467303
177,374.73166097186197
178,374.73166097186197
179,374.73166097186197
180,379.74784663475856
181,379.74784663475856
182,379.74784663475856
183,379.74784663475856
184,379.74784663475856
185,379.74784663475856
186,379.74784663475856
187,379.74784663475856
188,410.93477703733686
189,410.93477703733686
190,413.1170658437521
191,413.1170658437521
192,413.1170658437521
193,414.85048139762705
194,414.85048139762705
195,414.85048139762705
196,414.85048139762705
197,414.85048139762705
198,430.15688138683845
199,430.15688138683845
200,430.15688138683845
201,430.15688138683845
202,430.15688138683845
203,430.15688138683845
204,430.15688138683845
205,430.15688138683845
206,442.60646501530954
207,442.60646501530954
208,442.60646501530954
209,442.60646501530954
210,442.60646501530954
211,442.60646501530954
212,442.60646501530954
213,442.60646501530954
214,443.56179693292756
215,443.56179693292756
216,443.56179693292756
217,443.56179693292756
218,443.56179693292756
219,443.56179693292756
220,444.85416438623133
221,444.85416438623133
222,444.85416438623133
223,444.85416438623133
224,444.85416438623133
225,444.85416438623133
226,444.85416438623133
227,444.85416438623133
228,446.3374559184863
229,446.3374559184863
230,446.3374559184863
231,446.3374559184863
232,446.3374559184863
233,446.3374559184863
234,446.3374559184863
235,446.3374559184863
236,457.7170097485453
237,457.7170097485453
238,457.7170097485453
239,457.7170097485453
240,457.7170097485453
241,466.9369300619716
242,466.9369300619716
243,476.843475459155
244,476.843475459155
245,476.843475459155
246,484.0674882028676
247,484.0674882028676
248,485.4822462207509
249,485.4822462207509
250,505.78898508272704
251,529.5194879555056
252,529.5194879555056
253,529.5194879555056
254,545.576471260439
255,545.576471260439
256,545.576471260439
257,545.576471260439
258,545.576471260439
259,545.576471260439
260,545.576471260439
261,545.576471260439
262,545.576471260439
263,554.530197605043
264,554.530197605043
265,564.7694171178082
266,564.7694171178082
267,564.7694171178082
268,564.7694171178082
269,579.7791097382659
270,579.7791097382659
271,594.3056969373733
272,594.3056969373733
273,594.3056969373733
274,594.3056969373733
275,594.3056969373733
276,594.3056969373733
277,594.3056969373733
278,594.3056969373733
279,594.3056969373733
280,594.3056969373733
281,594.3056969373733
282,608.5367324998178
283,608.5367324998178
284,608.5367324998178
285,608.5367324998178
286,642.3476471989791
287,642.3476471989791
288,642.3476471989791
289,642.3476471989791
290,649.2711812085968
291,649.2711812085968
292,658.9471347788445
293,658.9471347788445
294,658.9471347788445
295,658.9471347788445
296,658.9471347788445
297,658.9471347788445
298,658.9471347788445
299,658.9471347788445
300,658.9471347788445
301,674.4357460190162
302,689.3801117885356
303,689.3801117885356
304,689.3801117885356
305,689.3801117885356
306,689.3801117885356
307,728.1511551466238
308,754.9158675799844
309,754.9158675799844
310,754.9158675799844
311,786.4877821221817
312,786.4877821221817
313,786.4877821221817
314,786.4877821221817
315,788.2197449490153
316,788.2197449490153
317,803.2561828141381
318,803.2561828141381
319,803.2561828141381
320,803.2561828141381
321,803.2561828141381
322,803.2561828141381
323,803.2561828141381
324,803.2561828141381
325,803.2561828141381
326,803.2561828141381
327,803.2561828141381
328,812.6223120090676
329,814.6953581975771
330,814.6953581975771
331,821.6753854285043
332,821.6753854285043
333,831.5958797253091
334,831.5958797253091
335,831.5958797253091
336,831.5958797253091
337,848.1593597747008
338,848.1593597747008
339,848.1593597747008
340,848.1593597747008
341,848.1593597747008
342,848.1593597747008
343,848.1593597747008
344,848.1593597747008
345,848.1593597747008
346,848.1593597747008
347,848.1593597747008
348,848.1593597747008
349,848.1593597747008
350,848.1593597747008
351,848.1593597747008
352,857.628940300773
353,858.5485718988896
354,858.5485718988896
355,858.5485718988896
356,874.2960440473506
357,874.2960440473506
358,874.2960440473506
359,874.2960440473506
360,874.2960440473506
361,896.5772034833378
362,896.5772034833378
363,896.5772034833378
364,896.5772034833378
365,896.5772034833378
366,896.5772034833378
367,896.5772034833378
368,896.5772034833378
369,896.5772034833378
370,896.5772034833378
371,896.5772034833378
372,896.5772034833378
373,896.5772034833378
374,896.5772034833378
375,896.5772034833378
376,896.5772034833378
377,896.5772034833378
378,896.5772034833378
379,896.5772034833378
380,896.5772034833378
381,898.2084263726151
382,910.0269835056505
383,910.0269835056505
384,910.0269835056505
385,910.0269835056505
386,923.873561255215
387,923.873561255215
388,923.873561255215
389,923.873561255215
390,923.873561255215
391,945.3479800601017
392,945.3479800601017
393,948.6487825794107
394,948.6487825794107
395,948.6487825794107
396,948.6487825794107
397,948.6487825794107
398,948.6487825794107
399,956.3997810446956
400,956.3997810446956
401,960.2401610040049
402,960.2401610040049
403,960.2401610040049
404,960.2401610040049
405,960.2401610040049
406,961.5018504658019
407,970.2139560468353
408,971.4105050458503
409,971.4105050458503
410,971.4105050458503
411,983.7796258727651
412,991.9547064822032
413,991.9547064822032
414,991.9547064822032
415,991.9547064822032
416,991.9547064822032
417,991.9547064822032
418,991.9547064822032
419,1005.1993576683444
420,1005.1993576683444
421,1005.1993576683444
422,1005.1993576683444
423,1005.1993576683444
424,1005.1993576683444
425,1005.1993576683444
426,1005.1993576683444
427,1005.1993576683444
428,1005.1993576683444
429,1005.1993576683444
430,1020.5084752795027
431,1047.7068461358008
432,1047.7068461358008
433,1066.2894330102185
434,1066.2894330102185
435,1066.2894330102185
436,1066.2894330102185
437,1073.2668764667533
438,1089.598975727206
439,1102.0579148184922
440,1111.3519439023808
441,1115.2060766608613
442,1115.2060766608613
443,1123.6683949593098
444,1123.6683949593098
445,1123.6683949593098
446,1123.6683949593098
447,1123.6683949593098
448,1123.6683949593098
449,1123.6683949593098
450,1123.6683949593098
451,1135.3666828039497
452,1135.3666828039497
453,1135.3666828039497
454,1135.3666828039497
455,1135.3666828039497
456,1135.3666828039497
457,1158.385832908729
458,1158.385832908729
459,1178.3350512188167
460,1192.4661014795504
461,1208.8904603522915
462,1208.8904603522915
463,1208.8904603522915
464,1208.8904603522915
465,1208.8904603522915
466,1208.8904603522915
467,1208.8904603522915
468,1208.8904603522915
469,1235.2700701128074
470,1235.2700701128074
471,1249.3248153561935
472,1249.3248153561935
473,1249.3248153561935
474,1258.9588785397225
475,1268.6795680524788
476,1268.6795680524788
477,1268.6795680524788
478,1292.9217873498562
479,1316.6450781666204
480,1331.708034746242
481,1331.708034746242
482,1331.708034746242
483,1331.708034746242
484,1335.0271803561839
485,1335.0271803561839
486,1335.0271803561839
487,1335.0271803561839
488,1356.0580624735487
489,1356.0580624735487
490,1356.0580624735487
491,1356.0580624735487
492,1365.1868110717926
493,1381.5839635849006
494,1381.5839635849006
495,1393.893523968466
496,1399.0897232734096
497,1399.0897232734096
498,1399.0897232734096
499,1399.0897232734096
500,1399.9652032139184
501,1399.9652032139184
502,1399.9652032139184
503,1399.9652032139184
504,1399.9652032139184
505,1399.9652032139184
506,1404.413669556492
507,1428.7236952414848
508,1428.7236952414848
509,1428.7236952414848
510,1443.8278105381244
511,1443.8278105381244
512,1443.95460709533
513,1478.460738771171
514,1478.460738771171
515,1491.6650038760106
516,1491.6650038760106
517,1491.6650038760106
518,1531.0704793512666
519,1531.0704793512666
520,1535.9649825377826
521,1535.9649825377826
522,1535.9649825377826
523,1535.9649825377826
524,1552.0802265844638
525,1574.2087704826147
526,1574.2087704826147
527,1583.8979192084278
528,1583.8979192084278
529,1601.93320556953
530,1614.2930209839017
531,1634.4072655770944
532,1651.9428262504164
533,1651.9428262504164
534,1651.9428262504164
535,1654.6642434167154
536,1654.6642434167154
537,1654.6642434167154
538,1654.6642434167154
539,1654.6642434167154
540,1654.6642434167154
541,1654.6642434167154
542,1673.812878143212
543,1673.812878143212
544,1713.7693344769352
545,1719.6665887513598
546,1742.7637063376424
547,1746.1032500663343
548,1763.7287021558886
549,1766.8881905180285
550,1790.7751981295492
551,1790.7751981295492
552,1790.7751981295492
553,1790.7751981295492
554,1790.7751981295492
555,1804.4178518133663
556,1804.4178518133663
557,1815.216707611629
558,1815.216707611629
559,1815.216707611629
560,1815.216707611629
561,1815.8103489587568
562,1815.8103489587568
563,1848.8369678171132
564,1848.8369678171132
565,1869.1307409886444
566,1882.550686262664
567,1894.039771228384
568,1894.039771228384
569,1894.039771228384
570,1894.039771228384
571,1894.039771228384
572,1930.7285096895905
573,1930.7285096895905
574,1934.32228547491
575,1960.7123796269793
576,1988.4558630388901
577,1988.4558630388901
578,1988.4558630388901
579,1988.4558630388901
580,1988.4558630388901
581,1988.4558630388901
582,1988.4558630388901
583,1988.4558630388901
584,1988.4558630388901
585,2003.7345849071
586,2003.7345849071
587,2018.8714975402577
588,2018.8714975402577
589,2018.8714975402577
590,2018.8714975402577
591,2018.8714975402577
592,2040.3107473054783
593,2040.3107473054783
594,2056.741852660637
595,2083.68846817536
596,2096.4379672532045
597,2117.613646047576
598,2117.613646047576
599,2117.613646047576
600,2117.613646047576
601,2117.613646047576
602,2117.613646047576
603,2117.792020434034
604,2117.792020434034
605,2117.792020434034
606,2117.792020434034
607,2117.792020434034
608,2117.792020434034
609,2117.792020434034
610,2117.792020434034
611,2135.039023551272
612,2135.039023551272
613,2147.305008266504
614,2147.305008266504
615,2153.9338821303973
616,2171.9458249550585
617,2171.9458249550585
618,2192.275241518552
619,2214.0790382900277
620,2218.7635378935697
621,2218.7635378935697
622,2218.7635378935697
623,2241.3718132212994
624,2245.624204531149
625,2245.624204531149
626,2245.624204531149
627,2249.1846774915407
628,2267.4011449664004
629,2267.4011449664004
630,2306.246211745396
631,2332.6835165698026
632,2348.5075570138674
633,2361.9390842372254
634,2361.9390842372254
635,2361.9390842372254
636,2361.9390842372254
637,2361.9390842372254
638,2371.863622064599
639,2371.863622064599
640,2380.784389667378
641,2390.6311385281792
642,2391.761131064948
643,2404.285913412854
644,2411.892233237057
645,2411.892233237057
646,2437.089477991411
647,2456.539318874902
648,2515.8929945156824
649,2567.2835783054475
650,2605.224044452201
651,2605.224044452201
652,2605.224044452201
653,2605.224044452201
654,2605.224044452201
655,2605.224044452201
656,2616.748762768249
657,2616.748762768249
658,2616.748762768249
659,2639.7695158270785
660,2639.7695158270785
661,2648.5270252015625
662,2654.4650100323697
663,2654.4650100323697
664,2654.4650100323697
665,2654.4650100323697
666,2662.953500714635
667,2662.953500714635
668,2666.0586093181405
669,2674.0900297861053
670,2674.0900297861053
671,2674.0900297861053
672,2676.1912678056033
673,2676.1912678056033
674,2676.1912678056033
675,2676.1912678056033
676,2686.6919920098508
677,2686.6919920098508
678,2698.0061453971994
679,2745.6786451422113
680,2751.9074978785097
681,2762.26608950113
682,2762.26608950113
683,2762.26608950113
684,2762.26608950113
685,2762.26608950113
686,2762.26608950113
687,2762.26608950113
688,2774.9359460252026
689,2774.9359460252026
690,2799.9276392749566
691,2799.9276392749566
692,2799.9276392749566
693,2801.9523374332066
694,2801.9523374332066
695,2803.1989802855737
696,2803.1989802855737
697,2803.1989802855737
698,2803.1989802855737
699,2803.1989802855737
700,2820.221648466008
701,2820.221648466008
702,2820.221648466008
703,2820.221648466008
704,2820.221648466008
705,2820.221648466008
706,2837.5790838553676
707,2846.7252170310608
708,2846.7252170310608
709,2864.8215453302037
710,2905.4967222411638
711,2905.4967222411638
712,2905.4967222411638
713,2905.4967222411638
714,2905.4967222411638
715,2905.4967222411638
716,2905.4967222411638
717,2905.4967222411638
718,2923.38579158495
719,2941.788839899255
720,2959.2305774023757
721,2961.912061743202
722,2961.912061743202
723,2961.912061743202
724,2961.912061743202
725,2973.7425481681926
726,2973.7425481681926
727,2973.7425481681926
728,2973.7425481681926
729,2973.7425481681926
730,2973.7425481681926
731,2973.7425481681926
732,2973.7425481681926
733,2973.7425481681926
734,2973.7425481681926
735,2988.113202372089
736,2990.386935651838
737,2990.386935651838
738,2993.0361586316158
739,2997.3998810970843
740,2997.3998810970843
741,2997.3998810970843
742,2997.3998810970843
743,2997.3998810970843
744,2997.3998810970843
745,2997.3998810970843
746,2997.3998810970843
747,2997.3998810970843
748,3025.5450968395085
749,3025.5450968395085
750,3025.5450968395085
751,3026.008908653924
752,3026.008908653924
753,3027.8333550230723
754,3050.055073854121
755,3050.055073854121
756,3050.055073854121
757,3050.055073854121
758,3050.055073854121
759,3058.807376706159
760,3070.500200290758
761,3074.7924572024885
762,3074.7924572024885
763,3074.7924572024885
764,3074.7924572024885
765,3093.367366343425
766,3093.367366343425
767,3106.341382823338
768,3127.2260712354127
769,3127.2260712354127
770,3136.333620918444
771,3153.0832323036784
772,3157.735116412628
773,3172.8877875069547
774,3172.8877875069547
775,3172.8877875069547
776,3172.8877875069547
777,3197.145674475845
778,3201.4594597964865
779,3203.234354771817
780,3215.27056764912
781,3232.670708335894
782,3234.376104837779
783,3234.376104837779
784,3234.376104837779
785,3234.376104837779
786,3246.1590828858666
787,3269.708838796185
788,3269.708838796185
789,3286.6195559962
790,3286.6195559962
791,3286.65613223998
792,3286.65613223998
793,3286.65613223998
794,3286.65613223998
795,3307.2158689329885
796,3326.5018042131455
797,3341.9920231733126
798,3366.1614649413896
799,3397.75935345087
800,3406.843423316847
801,3406.843423316847
802,3410.1561788265362
803,3411.456538202525
804,3414.3368976050097
805,3414.3368976050097
806,3414.3368976050097
807,3414.3368976050097
808,3414.3368976050097
809,3426.579468119704
810,3428.0590118579285
811,3435.023846518423
812,3435.023846518423
813,3435.023846518423
814,3460.1370227080547
815,3460.1370227080547
816,3460.1370227080547
817,3468.9978029680824
818,3483.7872509022345
819,3483.7872509022345
820,3483.7872509022345
821,3483.7872509022345
822,3483.7872509022345
823,3483.7872509022345
824,3483.7872509022345
825,3526.5520237866494
826,3526.5520237866494
827,3526.5520237866494
828,3548.150487553849
829,3578.7178643251614
830,3578.7178643251614
831,3597.4143832050345
832,3599.231287402667
833,3599.231287402667
834,3599.231287402667
835,3599.231287402667
836,3599.231287402667
837,3599.231287402667
838,3599.231287402667
839,3609.7810003620734
840,3619.9845679451128
841,3626.8556760001006
842,3626.8556760001006
843,3626.8556760001006
844,3626.8556760001006
845,3661.781056535451
846,3661.781056535451
847,3693.0897776249426
848,3722.497276432565
849,3737.006418034245
850,3754.099110306483
851,3766.0572596216057
852,3771.55790423394
853,3782.69220219629
854,3782.69220219629
855,3784.6616711544257
856,3784.6616711544257
857,3784.6616711544257
858,3784.6616711544257
859,3828.8181015945875
860,3828.8181015945875
861,3868.8676242846664
862,3868.8676242846664
863,3868.8676242846664
864,3868.8676242846664
865,3888.4829190575474
866,3888.4829190575474
867,3888.4829190575474
868,3902.788848526468
869,3903.2762093655224
870,3903.2762093655224
871,3906.042431391717
872,3906.042431391717
873,3906.042431391717
874,3945.9342652396854
875,3945.9342652396854
876,3979.973183989411
877,4013.470154824465
878,4036.7681701639362
879,4051.196307406867
880,4051.196307406867
881,4051.196307406867
882,4054.0976762179826
883,4054.0976762179826
884,4054.0976762179826
885,4063.7373064673047
886,4073.7589746267004
887,4197.343265365278
888,4227.321232099429
889,4227.321232099429
890,4227.321232099429
891,4227.321232099429
892,4248.845045228755
893,4248.845045228755
894,4248.845045228755
895,4248.845045228755
896,4265.948155633508
897,4265.948155633508
898,4265.948155633508
899,4265.948155633508
900,4283.397063041121
901,4283.397063041121
902,4327.4934524547825
903,4384.700012305977
904,4406.289075989671
905,4406.289075989671
906,4406.289075989671
907,4406.289075989671
908,4412.398670516602
909,4412.398670516602
910,4412.398670516602
911,4412.398670516602
912,4423.522825642135
913,4433.869032908939
914,4433.869032908939
915,4444.898113045367
916,4451.902153233972
917,4463.062895170869
918,4470.245626082429
919,4513.811955390482
920,4548.82483366556
921,4578.86273367032
922,4583.386121684797
923,4583.386121684797
924,4597.550599856168
925,4597.550599856168
926,4621.298281321187
927,4621.298281321187
928,4623.888157223761
929,4623.888157223761
930,4638.674024237051
931,4651.349968085633
932,4651.349968085633
933,4677.592157637487
934,4677.592157637487
935,4679.658522461157
936,4679.658522461157
937,4679.658522461157
938,4709.676514978919
939,4709.676514978919
940,4709.676514978919
941,4733.655264320855
942,4749.202223212698
943,4772.202015714208
944,4778.584598794245
945,4789.786764291061
946,4795.397521998588
947,4795.397521998588
948,4795.397521998588
949,4795.397521998588
950,4795.397521998588
951,4795.397521998588
952,4795.397521998588
953,4795.397521998588
954,4795.397521998588
955,4795.397521998588
956,4817.639201356143
957,4829.033290080793
958,4849.917548276698
959,4855.289721473002
960,4877.631137672947
961,4892.744670750303
962,4910.416857092306
963,4915.432311134146
964,4924.728524502626
965,4937.3765176493325
966,4945.825678661474
967,4945.825678661474
968,4945.825678661474
969,4945.825678661474
970,4952.477940795676
971,4989.239004402791
972,4989.239004402791
973,5023.60725343892
974,5023.60725343892
975,5023.60725343892
976,5045.5699542656275
977,5101.415000689004
978,5101.415000689004
979,5176.512219038077
980,5199.829946752845
981,5199.829946752845
982,5237.044269632207
983,5237.044269632207
984,5237.044269632207
985,5253.221503832898
986,5253.221503832898
987,5253.221503832898
988,5253.221503832898
989,5253.940827178276
990,5253.940827178276
991,5253.940827178276
992,5282.712490944458
993,5282.712490944458
994,5282.712490944458
995,5282.712490944458
996,5322.458184367328
997,5388.466424578403
998,5395.92735005319
999,5416.627694819825
1000,5484.087501647118
1001,5510.368103902813
1002,5510.368103902813
1003,5553.954826884053
1004,5567.08352857593
1005,5567.08352857593
1006,5585.31674285549
1007,5585.31674285549
1008,5617.699452221937
1009,5617.699452221937
1010,5637.870034985351
1011,5652.89230781405
1012,5652.89230781405
1013,5652.89230781405
1014,5660.41751702581
1015,5660.41751702581
1016,5673.0880584424285
1017,5673.0880584424285
1018,5673.0880584424285
1019,5673.0880584424285
1020,5674.205498158777
1021,5674.205498158777
1022,5674.205498158777
1023,5674.205498158777
1024,5674.205498158777
1025,5674.205498158777
1026,5703.719003063513
1027,5750.099084342833
1028,5779.471425834742
1029,5796.1767000523305
1030,5796.1767000523305
1031,5798.919397002567
1032,5798.919397002567
1033,5814.738695800271
1034,5814.738695800271
1035,5814.738695800271
1036,5814.738695800271
1037,5814.738695800271
1038,5831.07350386639
1039,5856.259317942002
1040,5873.907370460937
1041,5882.428656371064
1042,5882.428656371064
1043,5899.846843723923
1044,5899.846843723923
1045,5907.467642564349
1046,5907.467642564349
1047,5931.153529843198
1048,5931.153529843198
1049,5934.089716052057
1050,5954.5308252985515
1051,5954.5308252985515
1052,5965.7380612888755
1053,5965.7380612888755
1054,5983.714078600329
1055,6008.390961375595
1056,6008.390961375595
1057,6017.320264974038
1058,6017.320264974038
1059,6030.6909901648
1060,6030.6909901648
1061,6030.6909901648
1062,6030.6909901648
1063,6030.6909901648
1064,6030.6909901648
1065,6069.580858202145
1066,6069.580858202145
1067,6069.580858202145
1068,6093.15654277727
1069,6116.882980309348
1070,6132.808380611792
1071,6132.808380611792
1072,6132.808380611792
1073,6132.808380611792
1074,6158.155194625761
1075,6158.155194625761
1076,6182.490500556434
1077,6214.778822376283
1078,6231.923186091036
1079,6231.923186091036
1080,6231.923186091036
1081,6231.923186091036
1082,6231.923186091036
1083,6231.923186091036
1084,6231.923186091036
1085,6231.923186091036
1086,6231.923186091036
1087,6248.047483763672
1088,6260.856078574766
1089,6270.610762454114
1090,6292.403727555938
1091,6292.403727555938
1092,6296.423961159827
1093,6322.98058317154
1094,6322.98058317154
1095,6337.922556443334
1096,6353.82551221197
1097,6353.82551221197
1098,6353.82551221197
1099,6353.82551221197
1100,6353.82551221197
1101,6366.229113209078
1102,6366.229113209078
1103,6373.7593859406
1104,6404.257524107248
1105,6421.453872782599
1106,6445.520603067525
1107,6445.520603067525
1108,6451.087674293982
1109,6451.087674293982
1110,6451.087674293982
1111,6490.966368360048
1112,6490.966368360048
1113,6490.966368360048
1114,6519.341472681506
1115,6552.732249883201
1116,6552.732249883201
1117,6594.314521265658
1118,6594.314521265658
1119,6603.056498724823
1120,6625.84638586871
1121,6625.84638586871
1122,6646.078960069149
1123,6658.616052118312
1124,6659.335556499358
1125,6659.335556499358
1126,6659.335556499358
1127,6659.335556499358
1128,6659.335556499358
1129,6659.335556499358
1130,6659.335556499358
1131,6659.335556499358
1132,6677.295353679329
1133,6677.295353679329
1134,6693.939719171477
1135,6699.983319670776
1136,6717.764807201806
1137,6726.530354663574
1138,6745.826519596861
1139,6745.826519596861
1140,6762.513059157546
1141,6762.513059157546
1142,6762.513059157546
1143,6767.633916929527
1144,6778.4177690139995
1145,6839.277510279364
1146,6839.277510279364
1147,6839.277510279364
1148,6888.038384095957
1149,6888.038384095957
1150,6888.038384095957
1151,6888.038384095957
1152,6888.389384356247
1153,6888.389384356247
1154,6900.434753639355
1155,6914.368353064166
1156,6919.550880309793
1157,6932.4419873525485
1158,6932.4419873525485
1159,6932.4419873525485
1160,6935.457919912931
1161,6935.457919912931
1162,6935.457919912931
1163,6948.757946529659
1164,6948.757946529659
1165,6962.299414904784
1166,6962.299414904784
1167,6962.299414904784
1168,6962.299414904784
1169,7018.957452644348
1170,7066.309908500456
1171,7066.309908500456
1172,7104.7405269724595
1173,7104.7405269724595
1174,7144.321445701485
1175,7184.413751457722
1176,7184.413751457722
1177,7217.499896773045
1178,7217.499896773045
1179,7217.499896773045
1180,7217.499896773045
1181,7217.499896773045
1182,7225.242805643086
1183,7225.242805643086
1184,7236.359033334956
1185,7236.359033334956
1186,7247.846142781631
1187,7247.846142781631
1188,7247.846142781631
1189,7247.846142781631
1190,7247.846142781631
1191,7271.814266760294
1192,7271.814266760294
1193,7271.814266760294
1194,7271.814266760294
1195,7286.856681373333
1196,7301.37863588603
1197,7314.422853156379
1198,7332.813843590706
1199,7356.577023608289
1200,7376.109555117318
1201,7376.109555117318
1202,7415.025315219007
1203,7416.671195125081
1204,7435.093387288394
1205,7458.502441767288
1206,7458.502441767288
1207,7458.502441767288
1208,7468.483837605796
1209,7468.483837605796
1210,7468.483837605796
1211,7468.483837605796
1212,7503.335819612749
1213,7551.5431219315715
1214,7605.9617848337375
1215,7630.061712140702
1216,7630.061712140702
1217,7657.2186364228755
1218,7673.437794156674
1219,7673.437794156674
1220,7673.437794156674
1221,7673.437794156674
1222,7673.437794156674
1223,7674.132645308552
1224,7674.132645308552
1225,7674.132645308552
1226,7674.132645308552
1227,7704.97178084719
1228,7704.97178084719
1229,7704.97178084719
1230,7723.766991195056
1231,7739.143133622684
1232,7741.287732074738
1233,7759.491673180244
1234,7769.172704947824
1235,7769.172704947824
1236,7769.172704947824
1237,7769.172704947824
1238,7769.172704947824
1239,7769.172704947824
1240,7769.172704947824
1241,7769.172704947824
1242,7769.172704947824
1243,7769.172704947824
1244,7801.960051121533
1245,7801.960051121533
1246,7801.960051121533
1247,7833.512370797971
1248,7864.298659456875
1249,7864.298659456875
1250,7894.469077162271
1251,7925.004418723237
1252,7935.733797547876
1253,7935.733797547876
1254,7935.733797547876
1255,7968.529068412358
1256,7981.361587817874
1257,7981.361587817874
1258,7991.138228214136
1259,8084.350572907709
1260,8095.902575939703
1261,8103.892387422757
1262,8136.479903299459
1263,8136.479903299459
1264,8160.267693111261
1265,8160.267693111261
1266,8172.604056547294
1267,8192.47222594527
1268,8192.47222594527
1269,8260.98264485779
1270,8260.98264485779
1271,8264.61494191137
1272,8313.485887051997
1273,8314.57320056484
1274,8342.040495237628
1275,8342.040495237628
1276,8353.92396104046
1277,8353.92396104046
1278,8364.843092153696
1279,8378.016170033363
1280,8378.016170033363
1281,8378.016170033363
1282,8379.393750287642
1283,8379.393750287642
1284,8379.393750287642
1285,8379.393750287642
1286,8379.393750287642
1287,8420.877787303134
1288,8448.054426599689
1289,8448.054426599689
1290,8473.090370956315
1291,8498.497649521565
1292,8498.497649521565
1293,8507.542847168776
1294,8507.542847168776
1295,8534.561205828526
1296,8549.03662905498
1297,8582.349001766313
1298,8612.679286028819
1299,8631.182333524077
1300,8631.182333524077
1301,8649.78717540249
1302,8655.081743160665
1303,8655.081743160665
1304,8655.081743160665
1305,8655.081743160665
1306,8655.081743160665
1307,8655.081743160665
1308,8655.081743160665
1309,8655.475994578092
1310,8655.475994578092
1311,8663.796621741063
1312,8663.796621741063
1313,8663.796621741063
1314,8671.58836622556
1315,8693.904544700868
1316,8693.904544700868
1317,8714.300929200359
1318,8716.1911548036
1319,8718.340881797145
1320,8718.340881797145
1321,8759.999908316991
1322,8762.901921085924
1323,8771.553641413984
1324,8771.553641413984
1325,8771.553641413984
1326,8801.848547512735
1327,8801.848547512735
1328,8801.848547512735
1329,8817.779908396054
1330,8834.260713388441
1331,8834.260713388441
1332,8834.260713388441
1333,8851.712128099785
1334,8871.12260930488
1335,8871.908373474636
1336,8885.01232753447
1337,8909.300658158281
1338,8909.300658158281
1339,8929.818124559946
1340,8929.818124559946
1341,8930.586618886808
1342,8930.586618886808
1343,8936.95450542354
1344,8945.87337111738
1345,8954.58589362883
1346,8959.940393609797
1347,9040.814988468226
1348,9051.29462684543
1349,9084.76261395832
1350,9111.134332868724
1351,9138.604655306026
1352,9150.00745235159
1353,9185.943820095814
1354,9185.943820095814
1355,9218.887428886139
1356,9218.887428886139
1357,9267.991260856925
1358,9267.991260856925
1359,9267.991260856925
1360,9304.156739514194
1361,9304.156739514194
1362,9335.275503486468
1363,9335.275503486468
1364,9335.275503486468
1365,9360.075188977915
1366,9387.561827963165
1367,9403.370191206372
1368,9412.779795289116
1369,9417.909872373026
1370,9428.816590803423
1371,9428.816590803423
1372,9428.816590803423
1373,9428.816590803423
1374,9428.816590803423
1375,9428.816590803423
1376,9468.654455228967
1377,9468.654455228967
1378,9468.654455228967
1379,9488.96314106195
1380,9537.248242743855
1381,9556.153027907723
1382,9563.338030295099
1383,9563.338030295099
1384,9563.338030295099
1385,9573.89968541681
1386,9576.14936953431
1387,9591.020258783965
1388,9591.020258783965
1389,9661.25758382279
1390,9661.25758382279
1391,9661.25758382279
1392,9732.77946126171
1393,9734.55897043528
1394,9734.55897043528
1395,9775.464747377344
1396,9783.341793263975
1397,9783.341793263975
1398,9785.323087176726
1399,9805.00499045898
1400,9823.032261889826
1401,9823.032261889826
1402,9823.032261889826
1403,9823.504176760804
1404,9824.255687015604
1405,9824.255687015604
1406,9824.255687015604
1407,9824.255687015604
1408,9824.255687015604
1409,9824.255687015604
1410,9824.255687015604
1411,9871.429406958858
1412,9878.571285074087
1413,9878.571285074087
1414,9891.49589487178
1415,9891.49589487178
1416,9891.49589487178
1417,9891.49589487178
1418,9904.013549848483
1419,9904.013549848483
1420,9904.013549848483
1421,9904.013549848483
1422,9904.013549848483
1423,9942.216746349508
1424,9978.86141079243
1425,9978.86141079243
1426,10008.530550203996
1427,10011.69397679855
1428,10011.69397679855
1429,10028.319265165781
1430,10028.319265165781
1431,10028.319265165781
1432,10028.319265165781
1433,10028.319265165781
1434,10053.734743671475
1435,10053.734743671475
1436,10068.179496821542
1437,10116.852280943329
1438,10116.852280943329
1439,10121.31469899536
1440,10169.820560484304
1441,10173.569871210751
1442,10199.987348440587
1443,10234.485808549716
1444,10234.485808549716
1445,10260.972354534344
1446,10294.975736846945
1447,10315.697651158469
1448,10341.430116562118
1449,10353.14073040188
1450,10353.14073040188
1451,10366.431181144428
1452,10378.33634471062
1453,10389.46538197569
1454,10396.433852535567
1455,10403.992267092932
1456,10411.040333956034
1457,10411.040333956034
1458,10411.040333956034
1459,10411.040333956034
1460,10411.040333956034
1461,10411.040333956034
1462,10436.521493278007
1463,10436.521493278007
1464,10453.710202396374
1465,10453.710202396374
1466,10468.879909765687
1467,10468.879909765687
1468,10468.879909765687
1469,10485.074885983111
1470,10485.476771650166
1471,10494.108802600349
1472,10518.472518231523
1473,10530.875291080962
1474,10530.875291080962
1475,10536.565571279716
1476,10536.565571279716
1477,10536.565571279716
1478,10536.565571279716
1479,10536.565571279716
1480,10539.224990508777
1481,10539.224990508777
1482,10575.42927950415
1483,10575.42927950415
1484,10575.42927950415
1485,10605.53752968113
1486,10605.53752968113
1487,10605.53752968113
1488,10605.53752968113
1489,10621.853616518814
1490,10621.853616518814
1491,10621.853616518814
1492,10621.853616518814
1493,10621.853616518814
1494,10621.853616518814
1495,10621.853616518814
1496,10660.379730297298
1497,10660.379730297298
1498,10694.512399943213
1499,10706.83957775502
1500,10706.83957775502
1501,10729.116707112016
1502,10730.498985696675
1503,10735.464520718015
1504,10757.8680679336
1505,10774.854116137161
1506,10774.854116137161
1507,10774.854116137161
1508,10783.638671420467
1509,10784.879814016187
1510,10792.907246464874
1511,10802.74551456037
1512,10802.74551456037
1513,10802.74551456037
1514,10802.74551456037
1515,10802.74551456037
1516,10834.742531726366
1517,10877.977429746774
1518,10909.838524308885
1519,10952.290916230986
1520,10975.862704725265
1521,10975.862704725265
1522,10991.54035262953
1523,11005.317393891726
1524,11005.317393891726
1525,11021.710026365854
1526,11035.79438102867
1527,11035.79438102867
1528,11035.79438102867
1529,11035.79438102867
1530,11035.79438102867
1531,11104.505064646304
1532,11169.299542775014
1533,11169.299542775014
1534,11197.90849961569
1535,11220.567785931114
1536,11225.91084736382
1537,11240.16220298384
1538,11246.483215684942
1539,11246.483215684942
1540,11254.02149875963
1541,11254.02149875963
1542,11254.02149875963
1543,11254.02149875963
1544,11254.66508439345
1545,11254.66508439345
1546,11284.10487485848
1547,11284.10487485848
1548,11314.76470431005
1549,11341.068868155646
1550,11341.068868155646
1551,11357.848331955927
1552,11375.12549025803
1553,11375.12549025803
1554,11375.12549025803
1555,11376.585742360014
1556,11376.585742360014
1557,11376.585742360014
1558,11376.585742360014
1559,11406.069009323683
1560,11419.247881606287
1561,11419.247881606287
1562,11443.516536021185
1563,11443.516536021185
1564,11470.04531590799
1565,11470.04531590799
1566,11485.065792869143
1567,11485.065792869143
1568,11485.065792869143
1569,11485.065792869143
1570,11493.16007080971
1571,11566.590505062637
1572,11566.590505062637
1573,11619.161163862625
1574,11619.161163862625
1575,11619.161163862625
1576,11644.30747806345
1577,11660.182470648195
1578,11660.182470648195
1579,11673.819901664232
1580,11673.819901664232
1581,11673.819901664232
1582,11673.819901664232
1583,11673.819901664232
1584,11673.819901664232
1585,11716.45214646354
1586,11753.690747009845
1587,11830.860713333986
1588,11851.009095727291
1589,11893.203150446563
1590,11906.598958473885
1591,11954.302304992621
1592,12013.029572415722
1593,12063.385057027406
1594,12063.385057027406
1595,12088.102327300967
1596,12112.11216983879
1597,12128.69179987474
1598,12146.382818871522
1599,12146.382818871522
1600,12161.512734555296
1601,12161.512734555296
1602,12164.345588534588
1603,12164.345588534588
1604,12179.681149456981
1605,12183.231393521673
1606,12183.231393521673
1607,12193.961506649142
1608,12193.961506649142
1609,12217.671879072726
1610,12217.671879072726
1611,12217.671879072726
1612,12242.017520504978
1613,12242.017520504978
1614,12258.73782708057
1615,12312.0818686799
1616,12365.552389818493
1617,12410.95948588775
1618,12427.067786591488
1619,12427.067786591488
1620,12440.333293751528
1621,12472.925002309115
1622,12504.976010999977
1623,12527.864078470953
1624,12549.201430915082
1625,12569.20002196262
1626,12600.320559839693
1627,12606.396739719625
1628,12638.717045209429
1629,12655.476719055965
1630,12688.884145839706
1631,12688.884145839706
1632,12688.884145839706
1633,12703.698564451868
1634,12724.425149312874
1635,12724.425149312874
1636,12724.425149312874
1637,12724.425149312874
1638,12724.425149312874
1639,12724.425149312874
1640,12744.354518346403
1641,12744.354518346403
1642,12752.268405705037
1643,12755.975999670572
1644,12766.169031447647
1645,12766.169031447647
1646,12766.169031447647
1647,12766.169031447647
1648,12772.901972455544
1649,12778.241047400108
1650,12778.241047400108
1651,12783.572882074257
1652,12783.572882074257
1653,12783.572882074257
1654,12856.772640592713
1655,12856.772640592713
1656,12925.362803394424
1657,12925.362803394424
1658,12990.3608925811
1659,12990.3608925811
1660,13030.260558882888
1661,13096.11201021537
1662,13125.313814047695
1663,13148.93631966468
1664,13176.358082355473
1665,13189.496864423978
1666,13202.599056792413
1667,13202.599056792413
1668,13202.599056792413
1669,13206.8454856353
1670,13206.8454856353
1671,13206.8454856353
1672,13206.8454856353
1673,13206.8454856353
1674,13211.52726862689
1675,13211.52726862689
1676,13269.202533647549
1677,13303.338010231008
1678,13322.951270423277
1679,13355.704606590054
1680,13368.18983364527
1681,13368.18983364527
1682,13384.679372752518
1683,13416.25618341592
1684,13449.455934667669
1685,13449.455934667669
1686,13449.455934667669
1687,13469.784712147804
1688,13488.663752785696
1689,13515.02351310112
1690,13515.02351310112
1691,13552.355189742531
1692,13591.456286500475
1693,13629.37021979848
1694,13660.108397970655
1695,13660.108397970655
1696,13662.232158471677
1697,13662.232158471677
1698,13662.232158471677
1699,13676.678880181333
1700,13702.283505584608
1701,13702.283505584608
1702,13710.72576406569
1703,13710.72576406569
1704,13710.72576406569
1705,13710.72576406569
1706,13710.72576406569
1707,13711.434858988263
1708,13711.434858988263
1709,13735.941502352887
1710,13773.997356673037
1711,13773.997356673037
1712,13792.599732689907
1713,13816.637588629246
1714,13816.637588629246
1715,13835.810562649329
1716,13852.067856061922
1717,13852.067856061922
1718,13852.067856061922
1719,13855.787795677252
1720,13855.787795677252
1721,13855.787795677252
1722,13855.787795677252
1723,13855.787795677252
1724,13885.392501476072
1725,13885.392501476072
1726,13931.52018009812
1727,13959.759350653769
1728,13965.616515070253
1729,13969.802554976455
1730,13969.802554976455
1731,13969.802554976455
1732,13969.802554976455
1733,13969.802554976455
1734,13969.802554976455
1735,14011.330163835162
1736,14011.330163835162
1737,14035.912410572733
1738,14066.024750710312
1739,14077.836226697958
1740,14077.836226697958
1741,14077.836226697958
1742,14097.246661986652
1743,14097.246661986652
1744,14097.246661986652
1745,14108.2536493998
1746,14111.691364908165
1747,14111.691364908165
1748,14129.622791694226
1749,14129.622791694226
1750,14129.622791694226
1751,14129.622791694226
1752,14129.622791694226
1753,14129.622791694226
1754,14148.999578788202
1755,14148.999578788202
1756,14148.999578788202
1757,14162.735592569152
1758,14162.735592569152
1759,14177.362509108572
1760,14177.362509108572
1761,14177.362509108572
1762,14177.362509108572
1763,14177.362509108572
1764,14177.362509108572
1765,14177.362509108572
1766,14188.15205212723
1767,14188.15205212723
1768,14188.15205212723
1769,14209.406252041068
1770,14209.406252041068
1771,14229.845944596627
1772,14230.046745387108
1773,14247.377344845163
1774,14256.65606797814
1775,14256.65606797814
1776,14256.65606797814
1777,14256.65606797814
1778,14263.974880065316
1779,14263.974880065316
1780,14280.16199352146
1781,14291.720928866314
1782,14291.720928866314
1783,14294.316977539578
1784,14370.466576604007
1785,14421.423244493102
1786,14497.479390466568
1787,14544.66132404997
1788,14569.523112661504
1789,14621.248744264569
1790,14652.125681881495
1791,14652.125681881495
1792,14670.2797874628
1793,14689.898152015056
1794,14689.898152015056
1795,14706.342995565763
1796,14706.342995565763
1797,14706.342995565763
1798,14706.342995565763
1799,14706.342995565763
1800,14706.342995565763
1801,14706.342995565763
1802,14739.242058322692
1803,14780.7965822735
1804,14798.4730376427
1805,14832.38226576583
1806,14862.59310373707
1807,14862.59310373707
1808,14881.800528740481
1809,14888.914909213145
1810,14897.219586671914
1811,14903.20883435801
1812,14909.835409503736
1813,14909.835409503736
1814,14909.835409503736
1815,14909.835409503736
1816,14909.835409503736
1817,14909.835409503736
1818,14909.835409503736
1819,14909.835409503736
1820,14934.340935129032
1821,14970.180172263497
1822,14970.180172263497
1823,14999.15418295514
1824,15015.010864940388
1825,15047.148592443677
1826,15047.148592443677
1827,15064.683892867064
1828,15089.467011528413
1829,15090.081847863064
1830,15123.010981998677
1831,15124.135840056004
1832,15158.245187117705
1833,15158.245187117705
1834,15196.313850139419
1835,15196.313850139419
1836,15196.313850139419
1837,15212.534793119697
1838,15212.534793119697
1839,15212.534793119697
1840,15226.842586529201
1841,15226.842586529201
1842,15267.593836567677
1843,15272.780585820481
1844,15272.780585820481
1845,15313.343329193407
1846,15313.343329193407
1847,15347.534908065247
1848,15347.534908065247
1849,15347.534908065247
1850,15373.947191409277
1851,15394.173414929912
1852,15394.173414929912
1853,15412.907940428966
1854,15412.907940428966
1855,15412.907940428966
1856,15412.907940428966
1857,15412.907940428966
1858,15440.225491012945
1859,15516.600649721773
1860,15559.8960450335
1861,15559.8960450335
1862,15573.07893548802
1863,15653.324502679601
1864,15712.584740782848
1865,15763.40299475887
1866,15773.677905464154
1867,15773.677905464154
1868,15773.677905464154
1869,15773.677905464154
1870,15773.677905464154
1871,15773.677905464154
1872,15773.677905464154
1873,15774.97021691497
1874,15799.391679326738
1875,15799.391679326738
1876,15822.385471419202
1877,15841.577999100802
1878,15880.234830115238
1879,15898.92925553761
1880,15918.62552972351
1881,15931.945260784498
1882,15945.717405157446
1883,15945.717405157446
1884,15949.085702307984
1885,15949.84827310821
1886,15949.84827310821
1887,15949.84827310821
1888,15971.866254947805
1889,15971.866254947805
1890,15977.638895406368
1891,15980.59655043989
1892,15980.59655043989
1893,16018.28742930543
1894,16018.28742930543
1895,16018.28742930543
1896,16018.28742930543
1897,16023.84553975835
1898,16050.672941532757
1899,16068.843838989522
1900,16068.843838989522
1901,16072.626787833597
1902,16072.626787833597
1903,16072.626787833597
1904,16072.626787833597
1905,16072.626787833597
1906,16095.799995289206
1907,16102.729153865588
1908,16102.729153865588
1909,16177.106189500499
1910,16177.37794161355
1911,16192.584487161039
1912,16192.584487161039
1913,16208.148041313641
1914,16208.148041313641
1915,16210.045867710125
1916,16228.554033380058
1917,16228.554033380058
1918,16239.893967044265
1919,16239.893967044265
1920,16255.166143211636
1921,16255.166143211636
1922,16264.35371943078
1923,16264.35371943078
1924,16264.35371943078
1925,16264.35371943078
1926,16264.35371943078
1927,16264.35371943078
1928,16274.639445906545
1929,16282.69522770066
1930,16292.64478190448
1931,16302.19685064494
1932,16308.165162617077
1933,16308.165162617077
1934,16351.38358094958
1935,16353.29050590973
1936,16374.06746791478
1937,16374.06746791478
1938,16400.407448853308
1939,16425.66084762691
1940,16459.61807186132
1941,16475.521698516197
1942,16475.521698516197
1943,16489.321594126206
1944,16489.321594126206
1945,16504.190415204997
1946,16504.190415204997
1947,16504.190415204997
1948,16508.884674447483
1949,16508.884674447483
1950,16537.713719805244
1951,16537.713719805244
1952,16553.394772452615
1953,16553.394772452615
1954,16553.394772452615
1955,16595.632048531974
1956,16637.467915178517
1957,16661.787456430255
1958,16683.018556091738
1959,16688.34451740458
1960,16707.178815277974
1961,16707.178815277974
1962,16707.178815277974
1963,16730.788662210398
1964,16753.114769650576
1965,16770.506168759846
1966,16770.506168759846
1967,16770.506168759846
1968,16791.55393198631
1969,16812.799842678018
1970,16812.799842678018
1971,16812.799842678018
1972,16812.799842678018
1973,16812.799842678018
1974,16812.799842678018
1975,16812.799842678018
1976,16812.799842678018
1977,16812.799842678018
1978,16845.89946622171
1979,16871.58832692823
1980,16871.58832692823
1981,16896.35218700616
1982,16899.295558653062
1983,16921.41365024174
1984,16921.41365024174
1985,16921.41365024174
1986,16943.610525753207
1987,16943.610525753207
1988,16943.610525753207
1989,16949.476681712018
1990,16949.476681712018
1991,16949.476681712018
1992,16949.476681712018
1993,16949.476681712018
1994,16949.476681712018
1995,16949.476681712018
1996,17018.31669830513
1997,17018.31669830513
1998,17018.31669830513
1999,17060.346403153693
2000,17077.11541248761
2001,17095.372011662876
2002,17095.372011662876
2003,17102.196740393578
2004,17102.196740393578
2005,17117.7001842313
2006,17117.7001842313
2007,17122.12322482168
2008,17125.362360018735
2009,17125.362360018735
2010,17130.81067680483
2011,17130.81067680483
2012,17130.81067680483
2013,17180.44839946979
2014,17180.44839946979
2015,17180.44839946979
2016,17233.94409589086
2017,17289.816501144214
2018,17337.105556578997
2019,17353.193324733125
2020,17373.873924601456
2021,17409.68396774938
2022,17409.68396774938
2023,17409.68396774938
2024,17446.536222869938
2025,17477.10226949031
2026,17477.10226949031
2027,17503.78272770479
2028,17541.048780594447
2029,17541.048780594447
2030,17541.048780594447
2031,17564.619459349713
2032,17579.970756578125
2033,17579.970756578125
2034,17579.970756578125
2035,17601.30959849299
2036,17601.30959849299
2037,17624.507386928995
2038,17625.701480832304
2039,17642.559413754036
2040,17642.559413754036
2041,17657.096681954965
2042,17657.096681954965
2043,17657.096681954965
2044,17670.23055772493
2045,17670.23055772493
2046,17693.27044697218
2047,17693.27044697218
2048,17693.27044697218
2049,17693.27044697218
2050,17693.27044697218
2051,17719.802261779165
2052,17719.802261779165
2053,17719.802261779165
2054,17719.802261779165
2055,17744.44667290398
2056,17779.8463300573
2057,17779.8463300573
2058,17798.121015915374
2059,17798.121015915374
2060,17818.431850682508
2061,17818.431850682508
2062,17864.767559887907
2063,17864.767559887907
2064,17894.839038754453
2065,17902.787529118268
2066,17925.904379859203
2067,17925.904379859203
2068,17937.77161994815
2069,17937.77161994815
2070,17937.77161994815
2071,17939.896731708996
2072,17939.896731708996
2073,17939.896731708996
2074,17968.433256059532
2075,17968.433256059532
2076,17968.433256059532
2077,17991.451856423977
2078,17991.451856423977
2079,17991.451856423977
2080,17991.451856423977
2081,17993.67124471093
2082,17995.740655568836
2083,18011.190074757378
2084,18011.190074757378
2085,18011.190074757378
2086,18032.805543218088
2087,18032.805543218088
2088,18032.805543218088
2089,18032.805543218088
2090,18032.805543218088
2091,18032.805543218088
2092,18055.797675365928
2093,18055.797675365928
2094,18055.797675365928
2095,18055.797675365928
2096,18055.797675365928
2097,18060.53816937677
2098,18079.769386978205
2099,18079.769386978205
2100,18097.864480405624
2101,18097.864480405624
2102,18106.11114243116
2103,18106.11114243116
2104,18106.11114243116
2105,18106.11114243116
2106,18106.11114243116
2107,18106.11114243116
2108,18106.11114243116
2109,18106.11114243116
2110,18130.732795963628
2111,18130.732795963628
2112,18130.732795963628
2113,18130.732795963628
2114,18156.70214328855
2115,18163.50424522189
2116,18163.50424522189
2117,18163.50424522189
2118,18174.395253429706
2119,18178.98998474282
2120,18179.51683024882
2121,18194.31773369728
2122,18221.81533219434
2123,18226.610075968027
2124,18234.510331425703
2125,18238.346552883126
2126,18250.61433859012
2127,18250.61433859012
2128,18250.61433859012
2129,18250.61433859012
2130,18250.61433859012
2131,18252.895506515568
2132,18252.895506515568
2133,18252.895506515568
2134,18252.895506515568
2135,18252.895506515568
2136,18252.895506515568
2137,18252.895506515568
2138,18252.895506515568
2139,18299.10095621386
2140,18346.348048451688
2141,18385.772365779976
2142,18385.772365779976
2143,18409.598574796757
2144,18420.496427738868
2145,18433.55219117458
2146,18433.55219117458
2147,18433.55219117458
2148,18445.410145653503
2149,18445.410145653503
2150,18445.410145653503
2151,18445.410145653503
2152,18445.410145653503
2153,18491.79420269316
2154,18491.79420269316
2155,18533.2746958972
2156,18565.143276044822
2157,18612.46208279611
2158,18641.510637006242
2159,18674.921138008664
2160,18694.2869991098
2161,18694.2869991098
2162,18702.601864258766
2163,18702.601864258766
2164,18702.601864258766
2165,18702.601864258766
2166,18702.601864258766
2167,18702.601864258766
2168,18702.601864258766
2169,18702.601864258766
2170,18702.601864258766
2171,18702.601864258766
2172,18702.601864258766
2173,18705.478959116
2174,18714.17191884813
2175,18714.17191884813
2176,18714.17191884813
2177,18714.17191884813
2178,18719.078041973542
2179,18719.078041973542
2180,18719.078041973542
2181,18778.92711804138
2182,18815.733909677634
2183,18845.009367045743
2184,18845.009367045743
2185,18870.145206236826
2186,18898.258264847962
2187,18921.531715431058
2188,18940.174574290693
2189,18940.174574290693
2190,18957.67552858665
2191,18957.67552858665
2192,18957.67552858665
2193,18957.67552858665
2194,18957.67552858665
2195,18957.67552858665
2196,18957.67552858665
2197,18992.888223854236
2198,18992.888223854236
2199,18992.888223854236
2200,19004.245475810232
2201,19044.45278008531
2202,19091.30128221242
2203,19116.319664530136
2204,19120.626092373892
2205,19120.626092373892
2206,19124.040992739545
2207,19124.040992739545
2208,19124.040992739545
2209,19124.040992739545
2210,19124.040992739545
2211,19154.213064574895
2212,19172.071819077653
2213,19172.071819077653
2214,19172.071819077653
2215,19172.071819077653
2216,19172.071819077653
2217,19210.107882701424
2218,19210.107882701424
2219,19236.43365835999
2220,19274.262649491262
2221,19293.36262681909
2222,19309.51414216521
2223,19315.460298796777
2224,19315.460298796777
2225,19315.460298796777
2226,19315.460298796777
2227,19318.373490737682
2228,19334.083777705175
2229,19343.195888923387
2230,19343.195888923387
2231,19350.82985971112
2232,19358.602736945333
2233,19358.602736945333
2234,19367.645588986565
2235,19368.186249631708
2236,19368.186249631708
2237,19370.798689127492
2238,19372.093220740826
2239,19372.093220740826
2240,19372.093220740826
2241,19418.050723861194
2242,19418.050723861194
2243,19418.050723861194
2244,19442.015559387026
2245,19442.015559387026
2246,19467.3621159197
2247,19484.280801551376
2248,19484.280801551376
2249,19500.809215278106
2250,19510.251200667102
2251,19510.251200667102
2252,19510.251200667102
2253,19510.251200667102
2254,19521.872670781613
2255,19521.872670781613
2256,19534.42244880335
2257,19542.95154456942
2258,19554.339859361517
2259,19554.339859361517
2260,19602.666640435586
2261,19602.666640435586
2262,19602.666640435586
2263,19650.65497808687
2264,19653.384007099234
2265,19667.46209454379
2266,19698.118997141548
2267,19747.934421056754
2268,19771.386301343686
2269,19775.899952791686
2270,19793.120123932746
2271,19793.120123932746
2272,19793.120123932746
2273,19793.120123932746
2274,19793.120123932746
2275,19793.120123932746
2276,19796.237215938858
2277,19796.237215938858
2278,19826.304999289543
2279,19826.304999289543
2280,19861.272933302032
2281,19884.542277309378
2282,19899.275536602276
2283,19915.410417170686
2284,19915.410417170686
2285,19915.410417170686
2286,19931.26422431168
2287,19947.77710737542
2288,19947.77710737542
2289,19951.051837188694
2290,19960.615879879708
2291,19964.51986078819
2292,19964.51986078819
2293,19975.22175909763
2294,19975.22175909763
2295,19980.92946574463
2296,20007.72634013855
2297,20028.756927942057
2298,20031.815208151893
2299,20042.964222618823
2300,20042.964222618823
2301,20042.964222618823
2302,20042.964222618823
2303,20042.964222618823
2304,20042.964222618823
2305,20044.266597164355
2306,20044.266597164355
2307,20088.140001476073
2308,20088.140001476073
2309,20102.01799044543
2310,20102.01799044543
2311,20113.075823180203
2312,20117.704527168582
2313,20117.704527168582
2314,20117.704527168582
2315,20117.704527168582
2316,20117.704527168582
2317,20142.164853241153
2318,20164.292333715053
2319,20164.292333715053
2320,20182.56434704208
2321,20200.175847514685
2322,20217.794098727958
2323,20226.399921339183
2324,20229.568442815696
2325,20229.568442815696
2326,20229.568442815696
2327,20238.327601187204
2328,20238.327601187204
2329,20241.301500123736
2330,20241.301500123736
2331,20241.301500123736
2332,20241.301500123736
2333,20241.301500123736
2334,20241.301500123736
2335,20261.256790565676
2336,20261.256790565676
2337,20274.962788180594
2338,20274.962788180594
2339,20274.962788180594
2340,20275.91511136394
2341,20275.91511136394
2342,20278.755369133498
2343,20318.381888413573
2344,20318.381888413573
2345,20318.381888413573
2346,20348.777046250565
2347,20368.415922462562
2348,20368.415922462562
2349,20368.415922462562
2350,20386.240722838327
2351,20386.240722838327
2352,20386.240722838327
2353,20386.240722838327
2354,20386.240722838327
2355,20386.240722838327
2356,20386.240722838327
2357,20386.240722838327
2358,20386.240722838327
2359,20386.240722838327
2360,20434.837021458483
2361,20434.837021458483
2362,20468.457730654332
2363,20472.545722532774
2364,20472.545722532774
2365,20472.545722532774
2366,20472.545722532774
2367,20472.545722532774
2368,20472.545722532774
2369,20511.683035988724
2370,20540.724607859087
2371,20553.62785999256
2372,20553.62785999256
2373,20575.852729321938
2374,20597.251187839087
2375,20605.74374746356
2376,20644.136038507844
2377,20644.136038507844
2378,20655.12987043993
2379,20655.12987043993
2380,20655.12987043993
2381,20659.102543086545
2382,20659.102543086545
2383,20659.102543086545
2384,20670.69681352859
2385,20670.69681352859
2386,20708.935379677987
2387,20725.220338506148
2388,20725.220338506148
2389,20725.220338506148
2390,20737.258050041357
2391,20739.19148971045
2392,20739.19148971045
2393,20745.31144934099
2394,20762.09166140797
2395,20762.09166140797
2396,20762.09166140797
2397,20762.678571998713
2398,20762.678571998713
2399,20788.412043014374
2400,20788.412043014374
2401,20811.410643129664
2402,20828.66516576453
2403,20841.255387671215
2404,20867.028869203048
2405,20873.958332615708
2406,20883.09534027762
2407,20883.09534027762
2408,20889.08228199273
2409,20889.08228199273
2410,20889.08228199273
2411,20889.08228199273
2412,20890.020512180974
2413,20890.020512180974
2414,20898.00239191482
2415,20898.00239191482
2416,20898.00239191482
2417,20898.00239191482
2418,20899.573623560336
2419,20899.573623560336
2420,20899.573623560336
2421,20899.573623560336
2422,20899.573623560336
2423,20932.30437143961
2424,20932.30437143961
2425,20947.735054924004
2426,20947.735054924004
2427,20947.735054924004
2428,20947.735054924004
2429,20947.735054924004
2430,20947.735054924004
2431,20947.735054924004
2432,20947.735054924004
2433,20981.871163580705
2434,20981.871163580705
2435,20985.262778655746
2436,20985.262778655746
2437,21007.412739327247
2438,21008.838464963785
2439,21008.838464963785
2440,21008.838464963785
2441,21008.838464963785
2442,21008.838464963785
2443,21008.838464963785
2444,21034.080929658823
2445,21034.080929658823
2446,21059.802580620257
2447,21059.802580620257
2448,21059.802580620257
2449,21081.78526466715
2450,21081.78526466715
2451,21104.95342405216
2452,21104.95342405216
2453,21104.95342405216
2454,21104.95342405216
2455,21104.95342405216
2456,21104.95342405216
2457,21124.567507272473
2458,21124.567507272473
2459,21160.58156255297
2460,21168.238847796052
2461,21182.452553922612
2462,21196.07532271832
2463,21213.433699890666
2464,21213.433699890666
2465,21214.94010573553
2466,21232.81159984464
2467,21232.81159984464
2468,21245.56091230632
2469,21253.176918256664
2470,21253.176918256664
2471,21253.176918256664
2472,21261.696809909885
2473,21261.696809909885
2474,21261.696809909885
2475,21297.0244176441
2476,21297.0244176441
2477,21297.0244176441
2478,21316.58283804391
2479,21348.480222481427
2480,21370.13662800975
2481,21370.13662800975
2482,21370.13662800975
2483,21370.13662800975
2484,21370.13662800975
2485,21370.13662800975
2486,21399.360216311343
2487,21423.63154198733
2488,21444.909610008388
2489,21444.909610008388
2490,21456.95585142844
2491,21473.319581763993
2492,21483.861074595083
2493,21487.977546245904
2494,21487.977546245904
2495,21487.977546245904
2496,21487.977546245904
2497,21500.82426627579
2498,21550.087033539312
2499,21574.181341253054
2500,21574.181341253054
2501,21590.733276648167
2502,21624.61977955086
2503,21624.61977955086
2504,21655.281729443483
2505,21680.192812879977
2506,21692.183152916044
2507,21720.169527206588
2508,21720.169527206588
2509,21720.169527206588
2510,21720.169527206588
2511,21743.482031459018
2512,21743.482031459018
2513,21743.482031459018
2514,21743.482031459018
2515,21743.482031459018
2516,21743.482031459018
2517,21758.76207984337
2518,21773.404349271364
2519,21783.830235482532
2520,21783.830235482532
2521,21791.937909585402
2522,21791.937909585402
2523,21791.937909585402
2524,21801.367833497025
2525,21823.31625968396
2526,21838.53676352485
2527,21845.245835754864
2528,21845.245835754864
2529,21861.947123770864
2530,21861.947123770864
2531,21874.718116406493
2532,21909.004005461895
2533,21912.90090863423
2534,21912.90090863423
2535,21912.90090863423
2536,21912.90090863423
2537,21939.583236902607
2538,21939.583236902607
2539,21956.247170267798
2540,21959.50724156009
2541,21959.50724156009
2542,21959.50724156009
2543,21973.181642998516
2544,21973.181642998516
2545,21973.181642998516
2546,21973.181642998516
2547,21986.548482558825
2548,21999.21490441464
2549,21999.21490441464
2550,22010.608257141335
2551,22010.608257141335
2552,22010.608257141335
2553,22010.608257141335
2554,22020.61882982827
2555,22020.61882982827
2556,22020.61882982827
2557,22020.61882982827
2558,22020.61882982827
2559,22020.61882982827
2560,22065.962431840868
2561,22065.962431840868
2562,22086.80382705552
2563,22086.80382705552
2564,22127.25080997635
2565,22139.922822174227
2566,22174.081026105472
2567,22174.081026105472
2568,22205.761615442712
2569,22225.744007342666
2570,22245.114976660683
2571,22245.114976660683
2572,22265.67966439195
2573,22267.044775203696
2574,22267.044775203696
2575,22290.99853340034
2576,22290.99853340034
2577,22306.146180434727
2578,22306.146180434727
2579,22348.39575440737
2580,22348.39575440737
2581,22385.14343742706
2582,22415.567840064035
2583,22415.567840064035
2584,22437.220445568048
2585,22455.483823048155
2586,22473.028783612233
2587,22490.30518175701
2588,22490.30518175701
2589,22498.28908334719
2590,22498.28908334719
2591,22498.28908334719
2592,22498.28908334719
2593,22498.28908334719
2594,22515.987284797084
2595,22515.987284797084
2596,22545.734775584464
2597,22568.371248724714
2598,22568.371248724714
2599,22585.15164275875
2600,22585.15164275875
2601,22585.15164275875
2602,22595.52217319211
2603,22595.52217319211
2604,22595.52217319211
2605,22595.52217319211
2606,22627.70078737791
2607,22649.159433153036
2608,22663.969112263163
2609,22680.321198160866
2610,22680.321198160866
2611,22683.21737042839
2612,22694.962755542125
2613,22694.962755542125
2614,22700.718890173404
2615,22700.718890173404
2616,22700.718890173404
2617,22723.696005216385
2618,22737.53976162596
2619,22743.5527627953
2620,22761.422594269872
2621,22775.144088456964
2622,22775.144088456964
2623,22815.254303182377
2624,22833.249170151783
2625,22833.249170151783
2626,22833.249170151783
2627,22833.249170151783
2628,22833.249170151783
2629,22849.59410980286
2630,22876.038951106595
2631,22893.73139251729
2632,22893.73139251729
2633,22914.555190200408
2634,22914.555190200408
2635,22914.555190200408
2636,22914.555190200408
2637,22934.508932038665
2638,22955.086221674384
2639,22969.980098250966
2640,22992.779265191406
2641,22992.779265191406
2642,22992.779265191406
2643,22995.430074140204
2644,22995.430074140204
2645,23025.944076710046
2646,23025.944076710046
2647,23025.944076710046
2648,23046.046432190342
2649,23046.046432190342
2650,23046.046432190342
2651,23059.857960526017
2652,23059.857960526017
2653,23059.857960526017
2654,23059.857960526017
2655,23059.857960526017
2656,23059.857960526017
2657,23068.293916128492
2658,23092.297657709118
2659,23114.061459835157
2660,23121.00551097488
2661,23125.34952733599
2662,23132.159197834397
2663,23132.159197834397
2664,23132.159197834397
2665,23132.159197834397
2666,23145.072655272972
2667,23145.072655272972
2668,23156.9703416095
2669,23160.06227814528
2670,23160.06227814528
2671,23175.949914379966
2672,23175.949914379966
2673,23175.949914379966
2674,23217.694612853662
2675,23217.694612853662
2676,23261.137155521457
2677,23299.269943531162
2678,23320.310950354313
2679,23320.310950354313
2680,23320.310950354313
2681,23344.16853656221
2682,23344.16853656221
2683,23344.16853656221
2684,23360.522915228314
2685,23360.522915228314
2686,23382.677188550508
2687,23395.517892408257
2688,23408.51665430516
2689,23422.3544721059
2690,23422.3544721059
2691,23427.118458351782
2692,23427.118458351782
2693,23427.118458351782
2694,23449.61033561797
2695,23463.941873756048
2696,23463.941873756048
2697,23477.789141204878
2698,23481.203462659225
2699,23482.783606594538
2700,23482.783606594538
2701,23482.783606594538
2702,23491.801298379007
2703,23491.801298379007
2704,23525.40705234854
2705,23525.40705234854
2706,23575.319434856367
2707,23595.543730569432
2708,23603.899797880007
2709,23622.31410315816
2710,23622.31410315816
2711,23622.31410315816
2712,23622.31410315816
2713,23622.31410315816
2714,23622.31410315816
2715,23622.31410315816
2716,23622.31410315816
2717,23622.31410315816
2718,23637.00118845123
2719,23637.514941994137
2720,23637.514941994137
2721,23650.13562222882
2722,23650.13562222882
2723,23650.13562222882
2724,23658.74076180222
2725,23664.392213033592
2726,23665.515741137453
2727,23668.563922625828
2728,23671.734461456468
2729,23671.734461456468
2730,23671.734461456468
2731,23678.798160449078
2732,23727.803014126024
2733,23733.936198163632
2734,23753.45755217619
2735,23753.45755217619
2736,23753.45755217619
2737,23770.61122942941
2738,23770.61122942941
2739,23778.517304440735
2740,23786.939489704768
2741,23786.939489704768
2742,23803.824604932615
2743,23803.824604932615
2744,23814.647295646264
2745,23814.647295646264
2746,23827.465456192083
2747,23827.465456192083
2748,23827.465456192083
2749,23827.465456192083
2750,23827.465456192083
2751,23827.465456192083
2752,23827.465456192083
2753,23827.974891739897
2754,23827.974891739897
2755,23827.974891739897
2756,23856.77173308453
2757,23886.98973779524
2758,23886.98973779524
2759,23935.453702669533
2760,23935.453702669533
2761,23958.014890415434
2762,24019.62508064086
2763,24034.981423779165
2764,24069.42805627981
2765,24069.42805627981
2766,24101.67459232331
2767,24101.67459232331
2768,24105.203525893347
2769,24105.203525893347
2770,24125.763392704685
2771,24125.763392704685
2772,24136.294919300035
2773,24136.294919300035
2774,24136.294919300035
2775,24162.073985412906
2776,24167.943987618048
2777,24189.715144445152
2778,24197.963411156063
2779,24197.963411156063
2780,24197.963411156063
2781,24197.963411156063
2782,24197.963411156063
2783,24197.963411156063
2784,24197.963411156063
2785,24207.090420280507
2786,24230.937063654772
2787,24244.722420810485
2788,24244.722420810485
2789,24244.722420810485
2790,24244.722420810485
2791,24246.146007556927
2792,24246.146007556927
2793,24246.146007556927
2794,24246.146007556927
2795,24246.146007556927
2796,24260.384610580855
2797,24311.337411676144
2798,24322.908752050706
2799,24351.304005859452
2800,24367.575084522425
2801,24388.378323512996
2802,24388.378323512996
2803,24405.72709769622
2804,24405.72709769622
2805,24405.72709769622
2806,24405.72709769622
2807,24405.72709769622
2808,24405.72709769622
2809,24405.72709769622
2810,24434.712007224934
2811,24434.712007224934
2812,24479.328927245817
2813,24535.700980223934
2814,24574.378614290657
2815,24588.613009194803
2816,24588.613009194803
2817,24602.11301793631
2818,24602.11301793631
2819,24637.232883414083
2820,24661.339420270062
2821,24661.339420270062
2822,24661.339420270062
2823,24661.339420270062
2824,24700.39606697229
2825,24700.39606697229
2826,24734.448635067823
2827,24734.448635067823
2828,24760.321895715937
2829,24784.092304208258
2830,24784.092304208258
2831,24784.092304208258
2832,24796.57626809053
2833,24796.57626809053
2834,24796.57626809053
2835,24796.57626809053
2836,24819.588917227826
2837,24819.588917227826
2838,24819.588917227826
2839,24829.643973691283
2840,24873.557223017164
2841,24911.35298880775
2842,24934.144917143938
2843,24934.144917143938
2844,24947.059994931267
2845,24947.059994931267
2846,24947.059994931267
2847,24947.059994931267
2848,24947.678797602857
2849,24947.678797602857
2850,24949.114809740935
2851,24949.114809740935
2852,24949.114809740935
2853,24949.114809740935
2854,24949.114809740935
2855,24949.114809740935
2856,24983.608839501525
2857,24983.608839501525
2858,25012.575411503953
2859,25048.921084143127
2860,25072.397275804957
2861,25083.63693195993
2862,25112.42066435073
2863,25112.42066435073
2864,25112.42066435073
2865,25112.42066435073
2866,25131.08232091903
2867,25146.632370461397
2868,25173.594496807495
2869,25190.491980678536
2870,25203.396402364844
2871,25217.050220467787
2872,25225.876285632527
2873,25225.876285632527
2874,25225.876285632527
2875,25225.876285632527
2876,25225.876285632527
2877,25225.876285632527
2878,25225.876285632527
2879,25225.876285632527
2880,25259.12571771412
2881,25259.12571771412
2882,25281.592427664873
2883,25281.592427664873
2884,25303.65547840156
2885,25335.404987152288
2886,25354.74673560328
2887,25367.007365122012
2888,25388.079553492735
2889,25392.148111856965
2890,25392.148111856965
2891,25396.629063274362
2892,25396.629063274362
2893,25396.629063274362
2894,25396.629063274362
2895,25396.629063274362
2896,25396.629063274362
2897,25396.629063274362
2898,25396.629063274362
2899,25396.629063274362
2900,25429.572502797495
2901,25464.697944705207
2902,25487.512654681304
2903,25501.84718864936
2904,25531.950753276386
2905,25531.950753276386
2906,25554.11588059755
2907,25576.524102330302
2908,25608.580431844177
2909,25608.580431844177
2910,25637.454716134856
2911,25691.644109501725
2912,25733.783759922655
2913,25774.189219476917
2914,25790.947164895304
2915,25790.947164895304
2916,25790.947164895304
2917,25799.398718957385
2918,25818.62022163832
2919,25818.62022163832
2920,25831.01000264595
2921,25858.92402138496
2922,25858.92402138496
2923,25873.76198183111
2924,25873.76198183111
2925,25873.76198183111
2926,25873.76198183111
2927,25873.76198183111
2928,25873.76198183111
2929,25873.76198183111
2930,25873.76198183111
2931,25879.691395737435
2932,25889.06783691395
2933,25899.561638655403
2934,25899.561638655403
2935,25899.561638655403
2936,25899.561638655403
2937,25899.561638655403
2938,25899.561638655403
2939,25899.561638655403
2940,25919.122487402095
2941,25938.10476165619
2942,25938.10476165619
2943,25951.118615462055
2944,25951.118615462055
2945,25951.118615462055
2946,25951.118615462055
2947,25951.118615462055
2948,25973.5058244934
2949,25973.5058244934
2950,25973.5058244934
2951,26029.351461456965
2952,26046.212727025606
2953,26098.8984560747
2954,26098.8984560747
2955,26149.204658858696
2956,26149.204658858696
2957,26149.204658858696
2958,26149.204658858696
2959,26149.204658858696
2960,26164.03994972185
2961,26186.98383510366
2962,26205.906229917036
2963,26208.50002890634
2964,26220.91968165768
2965,26220.91968165768
2966,26220.91968165768
2967,26226.125475148696
2968,26226.125475148696
2969,26238.591347347745
2970,26238.591347347745
2971,26250.05230155499
2972,26261.850499715194
2973,26261.850499715194
2974,26265.13510837726
2975,26267.434362913067
2976,26267.434362913067
2977,26267.434362913067
2978,26267.434362913067
2979,26267.434362913067
2980,26267.434362913067
2981,26284.655432501622
2982,26284.655432501622
2983,26285.973956607533
2984,26285.973956607533
2985,26298.427212885108
2986,26298.427212885108
2987,26298.427212885108
2988,26298.427212885108
2989,26305.23507019862
2990,26305.23507019862
2991,26305.23507019862
2992,26305.23507019862
2993,26305.23507019862
2994,26306.54710591456
2995,26306.54710591456
2996,26307.835484809042
2997,26307.835484809042
2998,26307.835484809042
2999,26307.835484809042
3000,26307.835484809042
3001,26325.053611123818
3002,26346.704100316572
3003,26347.581837855647
3004,26347.581837855647
3005,26347.581837855647
3006,26347.581837855647
3007,26347.581837855647
3008,26347.581837855647
3009,26347.581837855647
3010,26347.581837855647
3011,26358.879224639346
3012,26384.218241837385
3013,26391.97635827034
3014,26391.97635827034
3015,26391.97635827034
3016,26406.14393382855
3017,26406.14393382855
3018,26427.730160690062
3019,26427.730160690062
3020,26427.730160690062
3021,26427.730160690062
3022,26453.766423509758
3023,26453.766423509758
3024,26453.766423509758
3025,26455.795325936142
3026,26455.795325936142
3027,26455.795325936142
3028,26465.987840274418
3029,26465.987840274418
3030,26465.987840274418
3031,26479.911247049567
3032,26502.54293090984
3033,26502.54293090984
3034,26502.54293090984
3035,26502.54293090984
3036,26502.54293090984
3037,26502.54293090984
3038,26502.54293090984
3039,26502.54293090984
3040,26516.941417694798
3041,26543.584301138973
3042,26564.199996068222
3043,26564.199996068222
3044,26564.199996068222
3045,26564.199996068222
3046,26564.199996068222
3047,26564.199996068222
3048,26575.501301262055
3049,26575.501301262055
3050,26587.033891109808
3051,26602.28530752087
3052,26602.28530752087
3053,26602.28530752087
3054,26602.28530752087
3055,26602.28530752087
3056,26636.384528488477
3057,26636.384528488477
3058,26636.384528488477
3059,26636.384528488477
3060,26636.384528488477
3061,26636.384528488477
3062,26670.395339113325
3063,26670.395339113325
3064,26673.432019031876
3065,26673.432019031876
3066,26673.432019031876
3067,26673.432019031876
3068,26673.432019031876
3069,26673.432019031876
3070,26673.432019031876
3071,26688.96753813819
3072,26697.259197094394
3073,26697.259197094394
3074,26697.259197094394
3075,26697.259197094394
3076,26697.259197094394
3077,26709.567832271256
3078,26709.567832271256
3079,26709.567832271256
3080,26715.298105440692
3081,26715.298105440692
3082,26715.298105440692
3083,26715.298105440692
3084,26717.042903297905
3085,26753.063666988604
3086,26753.063666988604
3087,26753.063666988604
3088,26753.063666988604
3089,26753.063666988604
3090,26757.372575870577
3091,26765.721121199666
3092,26765.721121199666
3093,26765.721121199666
3094,26765.721121199666
3095,26765.721121199666
3096,26765.721121199666
3097,26765.721121199666
3098,26765.721121199666
3099,26765.721121199666
3100,26774.270218731537
3101,26774.270218731537
3102,26774.270218731537
3103,26774.270218731537
3104,26774.270218731537
3105,26774.270218731537
3106,26774.270218731537
3107,26774.270218731537
3108,26774.270218731537
3109,26789.01865109298
3110,26789.01865109298
3111,26805.402734815707
3112,26805.402734815707
3113,26805.402734815707
3114,26812.45543181383
3115,26812.45543181383
3116,26812.45543181383
3117,26812.45543181383
3118,26812.45543181383
3119,26812.45543181383
3120,26812.45543181383
3121,26832.39343693783
3122,26832.39343693783
3123,26833.54729189119
3124,26833.54729189119
3125,26834.246376434945
3126,26834.246376434945
3127,26889.81714478775
3128,26889.81714478775
3129,26916.964917512974
3130,26916.964917512974
3131,26916.964917512974
3132,26942.383406519995
3133,26942.383406519995
3134,26942.383406519995
3135,26953.13194338355
3136,26953.13194338355
3137,26953.13194338355
3138,26953.13194338355
3139,26953.13194338355
3140,26953.13194338355
3141,26953.13194338355
3142,26953.13194338355
3143,27000.439475038296
3144,27000.439475038296
3145,27016.47775930525
3146,27027.85844708918
3147,27066.757197703762
3148,27070.41625746423
3149,27070.41625746423
3150,27070.41625746423
3151,27099.150410149592
3152,27099.150410149592
3153,27099.150410149592
3154,27099.150410149592
3155,27099.150410149592
3156,27099.150410149592
3157,27099.150410149592
3158,27099.150410149592
3159,27099.150410149592
3160,27136.960188724537
3161,27162.987719014003
3162,27180.539852184193
3163,27215.79343534852
3164,27215.79343534852
3165,27217.05187016695
3166,27217.05187016695
3167,27217.05187016695
3168,27227.510920584904
3169,27227.510920584904
3170,27227.510920584904
3171,27238.45890798242
3172,27248.883238731363
3173,27248.883238731363
3174,27252.574348470684
3175,27252.574348470684
3176,27270.470210410076
3177,27270.470210410076
3178,27270.470210410076
3179,27286.36972564008
3180,27286.36972564008
3181,27301.635270328014
3182,27310.511672287525
3183,27310.511672287525
3184,27310.511672287525
3185,27310.511672287525
3186,27310.511672287525
3187,27310.511672287525
3188,27310.511672287525
3189,27310.511672287525
3190,27310.511672287525
3191,27342.506295890988
3192,27342.506295890988
3193,27342.506295890988
3194,27342.506295890988
3195,27355.438650513035
3196,27355.438650513035
3197,27355.438650513035
3198,27355.438650513035
3199,27371.78661687655
3200,27405.260703855896
3201,27418.324238645146
3202,27418.324238645146
3203,27418.324238645146
3204,27418.324238645146
3205,27418.324238645146
3206,27419.005014750106
3207,27419.005014750106
3208,27440.38857905831
3209,27440.38857905831
3210,27452.08892069034
3211,27472.86843386808
3212,27497.07725602444
3213,27508.271924610064
3214,27508.271924610064
3215,27508.271924610064
3216,27508.271924610064
3217,27552.62468862971
3218,27552.62468862971
3219,27574.405497134507
3220,27624.432556313117
3221,27667.128025315513
3222,27703.073191885742
3223,27703.073191885742
3224,27714.052681892495
3225,27714.052681892495
3226,27715.829755579372
3227,27715.829755579372
3228,27715.829755579372
3229,27715.829755579372
3230,27715.829755579372
3231,27719.96505573239
3232,27735.959079673237
3233,27735.959079673237
3234,27735.959079673237
3235,27735.959079673237
3236,27735.959079673237
3237,27735.959079673237
3238,27735.959079673237
3239,27735.959079673237
3240,27751.27960192415
3241,27751.27960192415
3242,27751.27960192415
3243,27751.27960192415
3244,27751.27960192415
3245,27751.27960192415
3246,27751.27960192415
3247,27765.193692060344
3248,27765.193692060344
3249,27774.617039599878
3250,27774.617039599878
3251,27774.617039599878
3252,27774.617039599878
3253,27774.617039599878
3254,27774.617039599878
3255,27774.617039599878
3256,27774.617039599878
3257,27774.617039599878
3258,27774.617039599878
3259,27788.663061479227
3260,27788.663061479227
3261,27788.663061479227
3262,27788.663061479227
3263,27788.663061479227
3264,27788.663061479227
3265,27788.663061479227
3266,27824.341486956142
3267,27824.341486956142
3268,27824.341486956142
3269,27838.140094258826
3270,27838.140094258826
3271,27865.037657886423
3272,27865.037657886423
3273,27878.12948871791
3274,27878.12948871791
3275,27878.12948871791
3276,27878.12948871791
3277,27878.12948871791
3278,27878.12948871791
3279,27878.12948871791
3280,27912.060928740633
3281,27927.080920968117
3282,27934.806108971192
3283,27960.102382852077
3284,27960.102382852077
3285,27960.102382852077
3286,27960.102382852077
3287,27960.102382852077
3288,27960.102382852077
3289,27960.102382852077
3290,27960.102382852077
3291,27960.102382852077
3292,27978.324264435872
3293,27978.324264435872
3294,27978.324264435872
3295,27978.324264435872
3296,27978.324264435872
3297,27978.324264435872
3298,27978.324264435872
3299,27978.324264435872
3300,27985.842432614132
3301,27985.842432614132
3302,27991.893174911467
3303,27991.893174911467
3304,27991.893174911467
3305,27991.893174911467
3306,27991.893174911467
3307,27991.893174911467
3308,27993.50522469009
3309,27993.50522469009
3310,28005.278838447324
3311,28005.278838447324
3312,28007.2310580616
3313,28007.2310580616
3314,28007.2310580616
3315,28007.2310580616
3316,28007.2310580616
3317,28007.2310580616
3318,28009.568110725777
3319,28009.568110725777
3320,28018.96049907194
3321,28018.96049907194
3322,28018.96049907194
3323,28021.90394277623
3324,28021.90394277623
3325,28021.90394277623
3326,28021.90394277623
3327,28021.90394277623
3328,28037.544142455507
3329,28037.544142455507
3330,28037.544142455507
3331,28037.544142455507
3332,28037.544142455507
3333,28037.544142455507
3334,28037.544142455507
3335,28037.544142455507
3336,28037.544142455507
3337,28037.544142455507
3338,28037.544142455507
3339,28037.544142455507
3340,28045.023542269886
3341,28045.023542269886
3342,28052.23195593492
3343,28052.23195593492
3344,28052.23195593492
3345,28052.23195593492
3346,28052.23195593492
3347,28052.23195593492
3348,28058.780037093136
3349,28058.780037093136
3350,28058.780037093136
3351,28058.780037093136
3352,28058.780037093136
3353,28058.780037093136
3354,28058.780037093136
3355,28058.780037093136
3356,28058.780037093136
3357,28058.780037093136
3358,28058.780037093136
3359,28066.33686817148
3360,28066.33686817148
3361,28066.33686817148
3362,28066.33686817148
3363,28066.33686817148
3364,28066.33686817148
3365,28066.33686817148
3366,28066.33686817148
3367,28066.33686817148
3368,28066.33686817148
3369,28066.33686817148
3370,28098.114213031095
3371,28110.22186664429
3372,28110.22186664429
3373,28122.924466727556
3374,28122.924466727556
3375,28122.924466727556
3376,28122.924466727556
3377,28122.924466727556
3378,28122.924466727556
3379,28132.06930588963
3380,28137.18806933085
3381,28137.18806933085
3382,28139.366613405822
3383,28139.366613405822
3384,28139.366613405822
3385,28139.366613405822
3386,28139.366613405822
3387,28139.366613405822
3388,28139.366613405822
3389,28139.366613405822
3390,28139.366613405822
3391,28178.132541867297
3392,28178.132541867297
3393,28178.132541867297
3394,28190.217599423097
3395,28190.217599423097
3396,28190.217599423097
3397,28190.217599423097
3398,28200.292357034705
3399,28203.82098279519
3400,28203.82098279519
3401,28203.82098279519
3402,28206.931339172465
3403,28206.931339172465
3404,28207.353387194795
3405,28212.700592745103
3406,28212.700592745103
3407,28212.700592745103
3408,28212.700592745103
3409,28212.700592745103
3410,28212.700592745103
3411,28212.700592745103
3412,28212.700592745103
3413,28212.700592745103
3414,28212.700592745103
3415,28212.700592745103
3416,28212.700592745103
3417,28212.700592745103
3418,28212.700592745103
3419,28212.700592745103
3420,28233.677700213615
3421,28233.677700213615
3422,28233.677700213615
3423,28233.677700213615
3424,28233.677700213615
3425,28233.677700213615
3426,28233.677700213615
3427,28233.677700213615
3428,28233.677700213615
3429,28245.942102611698
3430,28245.942102611698
3431,28245.942102611698
3432,28245.942102611698
3433,28245.942102611698
3434,28245.942102611698
3435,28258.796016347344
3436,28258.796016347344
3437,28258.796016347344
3438,28284.387549084015
3439,28284.387549084015
3440,28287.86060841177
3441,28287.86060841177
3442,28287.86060841177
3443,28287.86060841177
3444,28298.814002328978
3445,28298.814002328978
3446,28298.814002328978
3447,28298.814002328978
3448,28298.814002328978
3449,28298.814002328978
3450,28300.316629034012
3451,28300.316629034012
3452,28300.316629034012
3453,28300.316629034012
3454,28300.316629034012
3455,28300.316629034012
3456,28300.316629034012
3457,28300.316629034012
3458,28300.316629034012
3459,28312.904650773726
3460,28314.530674820813
3461,28314.530674820813
3462,28314.530674820813
3463,28314.530674820813
3464,28314.530674820813
3465,28314.530674820813
3466,28314.530674820813
3467,28330.127112452024
3468,28331.563013125477
3469,28331.563013125477
3470,28331.563013125477
3471,28331.563013125477
3472,28331.563013125477
3473,28331.563013125477
3474,28331.563013125477
3475,28331.563013125477
3476,28331.563013125477
3477,28346.828001755486
3478,28349.15441378424
3479,28349.15441378424
3480,28349.15441378424
3481,28353.511758750992
3482,28353.511758750992
3483,28353.511758750992
3484,28353.511758750992
3485,28367.42610039738
3486,28367.42610039738
3487,28367.42610039738
3488,28367.42610039738
3489,28367.42610039738
3490,28367.42610039738
3491,28367.42610039738
3492,28367.42610039738
3493,28367.42610039738
3494,28368.603423728528
3495,28405.961227258926
3496,28407.59093842561
3497,28407.59093842561
3498,28407.59093842561
3499,28408.32506394201
3500,28408.32506394201
3501,28408.32506394201
3502,28408.32506394201
3503,28408.32506394201
3504,28416.17098361658
3505,28416.17098361658
3506,28416.17098361658
3507,28416.17098361658
3508,28417.939552638163
3509,28417.939552638163
3510,28417.939552638163
3511,28417.939552638163
3512,28417.939552638163
3513,28417.939552638163
3514,28417.939552638163
3515,28417.939552638163
3516,28417.939552638163
3517,28417.939552638163
3518,28435.67621293873
3519,28435.67621293873
3520,28435.67621293873
3521,28435.67621293873
3522,28435.67621293873
3523,28435.67621293873
3524,28435.67621293873
3525,28435.67621293873
3526,28438.297158357946
3527,28440.29293641781
3528,28440.29293641781
3529,28440.29293641781
3530,28463.27313582162
3531,28463.27313582162
3532,28463.27313582162
3533,28463.27313582162
3534,28463.27313582162
3535,28475.62498257478
3536,28475.62498257478
3537,28483.567274538178
3538,28483.567274538178
3539,28483.567274538178
3540,28483.567274538178
3541,28483.567274538178
3542,28484.902414039352
3543,28484.902414039352
3544,28484.902414039352
3545,28484.902414039352
3546,28489.16693361092
3547,28497.306256969117
3548,28497.306256969117
3549,28497.306256969117
3550,28497.306256969117
3551,28497.306256969117
3552,28497.306256969117
3553,28497.306256969117
3554,28497.306256969117
3555,28497.306256969117
3556,28497.306256969117
3557,28497.306256969117
3558,28517.174658820466
3559,28517.174658820466
3560,28517.174658820466
3561,28517.174658820466
3562,28517.174658820466
3563,28517.174658820466
3564,28517.174658820466
3565,28517.174658820466
3566,28517.174658820466
3567,28517.174658820466
3568,28540.26063787011
3569,28540.26063787011
3570,28540.26063787011
3571,28540.26063787011
3572,28540.26063787011
3573,28540.26063787011
3574,28540.26063787011
3575,28540.26063787011
3576,28540.26063787011
3577,28553.56583535123
3578,28553.56583535123
3579,28553.56583535123
3580,28553.56583535123
3581,28553.56583535123
3582,28553.56583535123
3583,28584.893870438093
3584,28584.893870438093
3585,28584.893870438093
3586,28584.893870438093
3587,28584.893870438093
3588,28618.94896822859
3589,28618.94896822859
3590,28621.10437618029
3591,28621.10437618029
3592,28621.10437618029
3593,28621.10437618029
3594,28621.10437618029
3595,28621.10437618029
3596,28621.10437618029
3597,28636.790145809027
3598,28636.790145809027
