Time,Junction 2 stop delay
0,0.0
1,0.0
2,0.0
3,0.0
4,0.0
5,0.0
6,0.0
7,0.0
8,0.0
9,0.0
10,0.0
11,0.0
12,0.0
13,0.0
14,0.0
15,0.0
16,0.0
17,0.0
18,0.0
19,0.0
20,0.0
21,0.0
22,0.0
23,0.0
24,0.0
25,0.0
26,0.0
27,0.0
28,0.0
29,0.0
30,0.0
31,0.0
32,0.0
33,0.0
34,0.0
35,0.0
36,0.0
37,0.0
38,0.0
39,0.0
40,0.0
41,0.0
42,0.0
43,0.0
44,0.0
45,0.0
46,0.0
47,0.0
48,0.0
49,0.0
50,0.0
51,0.0
52,0.0
53,0.0
54,0.0
55,0.0
56,0.0
57,0.0
58,0.0
59,0.0
60,0.0
61,0.0
62,0.0
63,0.0
64,0.0
65,0.0
66,0.0
67,0.0
68,0.0
69,0.0
70,0.0
71,0.0
72,0.0
73,0.0
74,6.318471721245488
75,6.318471721245488
76,6.318471721245488
77,6.318471721245488
78,6.318471721245488
79,6.318471721245488
80,6.318471721245488
81,6.318471721245488
82,6.318471721245488
83,6.318471721245488
84,6.318471721245488
85,6.318471721245488
86,6.318471721245488
87,6.318471721245488
88,10.138100451963718
89,10.138100451963718
90,10.138100451963718
91,10.138100451963718
92,10.138100451963718
93,10.138100451963718
94,10.138100451963718
95,10.138100451963718
96,10.138100451963718
97,10.138100451963718
98,10.138100451963718
99,10.138100451963718
100,10.138100451963718
101,13.421130925464771
102,13.421130925464771
103,13.421130925464771
104,13.421130925464771
105,13.421130925464771
106,13.421130925464771
107,13.421130925464771
108,13.421130925464771
109,13.421130925464771
110,13.421130925464771
111,14.195674591261316
112,14.195674591261316
113,14.195674591261316
114,14.195674591261316
115,14.195674591261316
116,14.195674591261316
117,14.195674591261316
118,14.195674591261316
119,17.43415701054174
120,17.43415701054174
121,17.43415701054174
122,17.43415701054174
123,17.43415701054174
124,17.43415701054174
125,21.135108937079767
126,21.135108937079767
127,21.135108937079767
128,21.135108937079767
129,21.135108937079767
130,21.135108937079767
131,21.135108937079767
132,21.135108937079767
133,21.135108937079767
134,21.135108937079767
135,21.135108937079767
136,21.135108937079767
137,21.135108937079767
138,22.170031249639383
139,23.108556735052048
140,23.108556735052048
141,23.108556735052048
142,29.654119507604683
143,29.654119507604683
144,29.654119507604683
145,29.654119507604683
146,29.654119507604683
147,29.654119507604683
148,29.654119507604683
149,29.654119507604683
150,29.654119507604683
151,29.654119507604683
152,30.977952991126887
153,30.977952991126887
154,30.977952991126887
155,119.96728481171903
156,119.96728481171903
157,119.96728481171903
158,119.96728481171903
159,119.96728481171903
160,119.96728481171903
161,119.96728481171903
162,119.96728481171903
163,119.96728481171903
164,137.17586155499538
165,137.17586155499538
166,137.17586155499538
167,137.17586155499538
168,137.17586155499538
169,137.17586155499538
170,137.17586155499538
171,137.17586155499538
172,137.17586155499538
173,137.17586155499538
174,137.17586155499538
175,137.17586155499538
176,137.17586155499538
177,137.17586155499538
178,137.17586155499538
179,137.17586155499538
180,137.17586155499538
181,137.17586155499538
182,137.17586155499538
183,137.17586155499538
184,137.17586155499538
185,137.17586155499538
186,137.17586155499538
187,137.17586155499538
188,137.17586155499538
189,137.17586155499538
190,137.17586155499538
191,137.17586155499538
192,141.29961945060637
193,141.29961945060637
194,141.29961945060637
195,141.29961945060637
196,141.29961945060637
197,141.29961945060637
198,141.29961945060637
199,141.29961945060637
200,141.29961945060637
201,141.29961945060637
202,141.29961945060637
203,141.29961945060637
204,141.29961945060637
205,141.29961945060637
206,141.29961945060637
207,141.29961945060637
208,141.29961945060637
209,141.29961945060637
210,141.29961945060637
211,141.29961945060637
212,141.29961945060637
213,142.72522002922278
214,142.72522002922278
215,142.72522002922278
216,142.72522002922278
217,142.72522002922278
218,142.72522002922278
219,142.72522002922278
220,142.72522002922278
221,142.72522002922278
222,142.72522002922278
223,200.0521394043019
224,207.59361892555515
225,214.59835659396643
226,214.59835659396643
227,214.59835659396643
228,214.59835659396643
229,214.59835659396643
230,214.59835659396643
231,214.59835659396643
232,214.59835659396643
233,214.59835659396643
234,214.59835659396643
235,214.59835659396643
236,214.59835659396643
237,214.59835659396643
238,214.59835659396643
239,214.59835659396643
240,214.59835659396643
241,214.59835659396643
242,219.47321844685237
243,219.47321844685237
244,219.47321844685237
245,219.47321844685237
246,219.47321844685237
247,219.47321844685237
248,219.47321844685237
249,219.47321844685237
250,229.06179827387126
251,229.06179827387126
252,229.06179827387126
253,229.06179827387126
254,229.06179827387126
255,229.06179827387126
256,229.06179827387126
257,229.06179827387126
258,229.06179827387126
259,229.06179827387126
260,229.06179827387126
261,229.06179827387126
262,229.06179827387126
263,230.51074272757123
264,230.51074272757123
265,230.51074272757123
266,230.51074272757123
267,230.51074272757123
268,230.51074272757123
269,240.2437385158148
270,240.2437385158148
271,240.2437385158148
272,240.2437385158148
273,240.2437385158148
274,240.2437385158148
275,240.2437385158148
276,245.58061271602554
277,245.58061271602554
278,245.58061271602554
279,245.58061271602554
280,245.58061271602554
281,245.58061271602554
282,245.58061271602554
283,249.55351250976304
284,249.55351250976304
285,249.55351250976304
286,249.55351250976304
287,249.55351250976304
288,249.55351250976304
289,249.55351250976304
290,249.55351250976304
291,271.54958545589994
292,271.54958545589994
293,271.54958545589994
294,271.54958545589994
295,271.54958545589994
296,271.54958545589994
297,271.54958545589994
298,271.54958545589994
299,271.54958545589994
300,282.1743218933598
301,282.1743218933598
302,282.1743218933598
303,282.1743218933598
304,282.1743218933598
305,282.1743218933598
306,282.1743218933598
307,282.1743218933598
308,282.1743218933598
309,282.1743218933598
310,282.1743218933598
311,282.1743218933598
312,282.1743218933598
313,282.1743218933598
314,282.1743218933598
315,282.1743218933598
316,282.1743218933598
317,282.1743218933598
318,282.1743218933598
319,282.1743218933598
320,291.4660217034406
321,291.4660217034406
322,291.4660217034406
323,291.4660217034406
324,291.4660217034406
325,291.4660217034406
326,291.4660217034406
327,291.4660217034406
328,291.4660217034406
329,291.4660217034406
330,291.4660217034406
331,291.4660217034406
332,291.4660217034406
333,291.4660217034406
334,291.4660217034406
335,291.4660217034406
336,291.4660217034406
337,291.4660217034406
338,291.4660217034406
339,301.19034870074256
340,301.19034870074256
341,301.19034870074256
342,301.19034870074256
343,301.19034870074256
344,301.19034870074256
345,301.19034870074256
346,301.19034870074256
347,304.8949423693303
348,304.8949423693303
349,304.8949423693303
350,316.91231480475574
351,316.91231480475574
352,316.91231480475574
353,316.91231480475574
354,342.4042814773289
355,347.8627832374648
356,347.8627832374648
357,351.54209649651546
358,351.54209649651546
359,351.54209649651546
360,351.54209649651546
361,351.54209649651546
362,351.54209649651546
363,351.54209649651546
364,351.54209649651546
365,351.54209649651546
366,351.54209649651546
367,351.54209649651546
368,351.54209649651546
369,351.54209649651546
370,351.54209649651546
371,351.54209649651546
372,351.54209649651546
373,351.54209649651546
374,361.92820426225524
375,361.92820426225524
376,361.92820426225524
377,361.92820426225524
378,361.92820426225524
379,361.92820426225524
380,361.92820426225524
381,361.92820426225524
382,361.92820426225524
383,364.0037792345911
384,364.0037792345911
385,364.0037792345911
386,364.0037792345911
387,364.0037792345911
388,364.0037792345911
389,364.0037792345911
390,364.8892883363664
391,364.8892883363664
392,364.8892883363664
393,364.8892883363664
394,375.13019328819234
395,375.13019328819234
396,375.13019328819234
397,375.13019328819234
398,375.13019328819234
399,375.13019328819234
400,375.13019328819234
401,375.13019328819234
402,375.13019328819234
403,375.13019328819234
404,375.13019328819234
405,375.13019328819234
406,375.13019328819234
407,375.13019328819234
408,375.13019328819234
409,375.13019328819234
410,375.13019328819234
411,375.13019328819234
412,375.13019328819234
413,375.13019328819234
414,416.8290272841316
415,416.8290272841316
416,419.34561769776917
417,419.34561769776917
418,419.34561769776917
419,419.34561769776917
420,419.34561769776917
421,419.34561769776917
422,419.34561769776917
423,419.34561769776917
424,419.34561769776917
425,419.34561769776917
426,419.34561769776917
427,432.97451231258725
428,432.97451231258725
429,433.576687217257
430,434.98362363584755
431,434.98362363584755
432,442.42179210383136
433,442.42179210383136
434,442.42179210383136
435,456.6509879993092
436,456.6509879993092
437,456.6509879993092
438,456.6509879993092
439,456.6509879993092
440,469.3617763083007
441,474.4921697691806
442,474.4921697691806
443,474.4921697691806
444,474.4921697691806
445,474.4921697691806
446,474.4921697691806
447,474.4921697691806
448,474.4921697691806
449,474.4921697691806
450,474.4921697691806
451,474.4921697691806
452,474.4921697691806
453,474.4921697691806
454,474.4921697691806
455,477.0071805187324
456,477.0071805187324
457,477.0071805187324
458,477.0071805187324
459,477.0071805187324
460,484.6830807477243
461,484.6830807477243
462,484.6830807477243
463,484.6830807477243
464,484.6830807477243
465,484.6830807477243
466,484.6830807477243
467,484.6830807477243
468,484.6830807477243
469,484.6830807477243
470,484.6830807477243
471,484.6830807477243
472,484.6830807477243
473,484.6830807477243
474,484.6830807477243
475,484.6830807477243
476,484.6830807477243
477,484.6830807477243
478,484.6830807477243
479,484.6830807477243
480,489.0069284513259
481,490.791160767001
482,490.791160767001
483,490.791160767001
484,491.591160767001
485,491.591160767001
486,491.591160767001
487,491.591160767001
488,491.591160767001
489,491.591160767001
490,491.591160767001
491,491.591160767001
492,491.591160767001
493,491.591160767001
494,491.591160767001
495,498.41693200116987
496,498.41693200116987
497,498.41693200116987
498,498.41693200116987
499,498.41693200116987
500,504.158679199519
501,504.158679199519
502,506.6384068499317
503,506.6384068499317
504,513.1406029729418
505,513.1406029729418
506,513.1406029729418
507,514.7847116477654
508,514.7847116477654
509,514.7847116477654
510,514.7847116477654
511,514.7847116477654
512,514.7847116477654
513,514.7847116477654
514,518.7810327284762
515,529.8918000052473
516,529.8918000052473
517,529.8918000052473
518,529.8918000052473
519,529.8918000052473
520,529.8918000052473
521,529.8918000052473
522,529.8918000052473
523,539.5136161217591
524,539.5136161217591
525,539.5136161217591
526,539.5136161217591
527,539.5136161217591
528,539.5136161217591
529,539.5136161217591
530,539.5136161217591
531,540.4242950133316
532,540.4242950133316
533,540.9641701992425
534,540.9641701992425
535,540.9641701992425
536,540.9641701992425
537,540.9641701992425
538,540.9641701992425
539,540.9641701992425
540,540.9641701992425
541,540.9641701992425
542,540.9641701992425
543,540.9641701992425
544,540.9641701992425
545,579.0877076730229
546,579.0877076730229
547,584.91696343746
548,584.91696343746
549,584.91696343746
550,584.91696343746
551,584.91696343746
552,584.91696343746
553,588.7611089203872
554,588.7611089203872
555,588.7611089203872
556,588.7611089203872
557,591.5978046299027
558,591.5978046299027
559,591.5978046299027
560,591.5978046299027
561,591.5978046299027
562,591.5978046299027
563,591.5978046299027
564,601.004958561998
565,601.004958561998
566,603.8432453363855
567,603.8432453363855
568,603.8432453363855
569,603.8432453363855
570,603.8432453363855
571,603.8432453363855
572,603.8432453363855
573,605.0390793520284
574,605.0390793520284
575,605.0390793520284
576,605.0390793520284
577,605.0390793520284
578,605.0390793520284
579,605.0390793520284
580,605.0390793520284
581,605.0390793520284
582,643.2420183476581
583,645.4833696691547
584,645.4833696691547
585,647.6710697850617
586,647.6710697850617
587,654.3185007419067
588,654.3185007419067
589,654.3185007419067
590,689.3235711545531
591,689.3235711545531
592,689.3235711545531
593,689.3235711545531
594,689.3235711545531
595,689.3235711545531
596,702.7626996592934
597,702.7626996592934
598,702.7626996592934
599,702.7626996592934
600,702.7626996592934
601,702.7626996592934
602,702.7626996592934
603,702.7626996592934
604,702.7626996592934
605,702.7626996592934
606,702.7626996592934
607,702.7626996592934
608,702.7626996592934
609,702.7626996592934
610,724.265182820523
611,724.265182820523
612,724.265182820523
613,724.265182820523
614,724.265182820523
615,724.265182820523
616,724.265182820523
617,733.8689968974692
618,733.8689968974692
619,738.6813254341873
620,738.6813254341873
621,738.6813254341873
622,738.6813254341873
623,738.6813254341873
624,738.6813254341873
625,738.6813254341873
626,738.6813254341873
627,738.6813254341873
628,738.6813254341873
629,738.6813254341873
630,738.6813254341873
631,744.1055811739905
632,757.4358581033777
633,757.4358581033777
634,760.4227670466619
635,760.4227670466619
636,760.4227670466619
637,760.4227670466619
638,781.555461597248
639,781.555461597248
640,781.555461597248
641,781.555461597248
642,789.0932782297692
643,794.189164857095
644,794.189164857095
645,794.189164857095
646,796.9254187795858
647,796.9254187795858
648,796.9254187795858
649,796.9254187795858
650,796.9254187795858
651,796.9254187795858
652,797.5648044169482
653,797.5648044169482
654,797.5648044169482
655,797.5648044169482
656,797.5648044169482
657,828.0880543792285
658,828.0880543792285
659,839.4786025943521
660,839.4786025943521
661,839.4786025943521
662,839.4786025943521
663,839.4786025943521
664,842.1143825397226
665,842.1143825397226
666,842.1143825397226
667,842.1143825397226
668,859.1928343572994
669,893.8662608113486
670,893.8662608113486
671,906.8805452271291
672,906.8805452271291
673,906.8805452271291
674,906.8805452271291
675,906.8805452271291
676,906.8805452271291
677,906.8805452271291
678,906.8805452271291
679,906.8805452271291
680,906.8805452271291
681,906.8805452271291
682,906.8805452271291
683,906.8805452271291
684,906.8805452271291
685,906.8805452271291
686,906.8805452271291
687,906.8805452271291
688,906.8805452271291
689,906.8805452271291
690,906.8805452271291
691,906.8805452271291
692,906.8805452271291
693,913.2053228257056
694,913.2053228257056
695,913.2053228257056
696,913.2053228257056
697,913.2053228257056
698,913.2053228257056
699,913.2053228257056
700,914.6074479361364
701,914.6074479361364
702,914.6074479361364
703,924.5360277781679
704,924.5360277781679
705,924.5360277781679
706,924.5360277781679
707,924.5360277781679
708,924.5360277781679
709,924.5360277781679
710,924.5360277781679
711,924.5360277781679
712,924.5360277781679
713,924.5360277781679
714,924.5360277781679
715,932.8399379980923
716,937.6016388851476
717,937.6016388851476
718,937.6016388851476
719,937.6016388851476
720,937.6016388851476
721,941.5171850903978
722,944.0818603927153
723,944.0818603927153
724,944.0818603927153
725,944.0818603927153
726,944.0818603927153
727,944.0818603927153
728,944.0818603927153
729,944.0818603927153
730,944.0818603927153
731,944.0818603927153
732,944.0818603927153
733,944.0818603927153
734,944.0818603927153
735,944.0818603927153
736,944.0818603927153
737,944.0818603927153
738,947.8755439075952
739,980.5468251926078
740,980.5468251926078
741,980.5468251926078
742,983.0753568118657
743,983.0753568118657
744,983.0753568118657
745,983.0753568118657
746,983.0753568118657
747,983.0753568118657
748,983.0753568118657
749,983.0753568118657
750,992.1165539289282
751,1009.1104097748602
752,1020.6825958392891
753,1025.9660819546132
754,1025.9660819546132
755,1027.7471060520022
756,1027.7471060520022
757,1035.9006067896396
758,1054.9767623666032
759,1054.9767623666032
760,1054.9767623666032
761,1054.9767623666032
762,1075.4732315159551
763,1075.4732315159551
764,1075.4732315159551
765,1075.4732315159551
766,1075.4732315159551
767,1075.4732315159551
768,1075.4732315159551
769,1075.4732315159551
770,1075.4732315159551
771,1075.4997405676713
772,1082.430543656713
773,1082.430543656713
774,1082.430543656713
775,1082.430543656713
776,1082.430543656713
777,1084.7113016367034
778,1084.7113016367034
779,1084.7113016367034
780,1084.7113016367034
781,1084.7113016367034
782,1084.7113016367034
783,1084.7113016367034
784,1084.7113016367034
785,1084.7113016367034
786,1084.7113016367034
787,1084.7113016367034
788,1120.3026723119403
789,1120.3026723119403
790,1120.3026723119403
791,1120.3026723119403
792,1120.3026723119403
793,1120.3026723119403
794,1120.3026723119403
795,1120.3026723119403
796,1120.3026723119403
797,1120.3026723119403
798,1120.3026723119403
799,1120.3026723119403
800,1120.3026723119403
801,1120.3026723119403
802,1128.9067740908424
803,1129.426016893303
804,1129.426016893303
805,1129.426016893303
806,1129.426016893303
807,1136.8651741642398
808,1153.7816430160563
809,1153.7816430160563
810,1153.7816430160563
811,1153.7816430160563
812,1153.7816430160563
813,1153.7816430160563
814,1153.7816430160563
815,1153.7816430160563
816,1153.7816430160563
817,1153.7816430160563
818,1160.5569397650333
819,1160.5569397650333
820,1160.5569397650333
821,1160.5569397650333
822,1160.5569397650333
823,1168.7845001606397
824,1168.7845001606397
825,1168.7845001606397
826,1179.7500480595884
827,1191.4440273455443
828,1191.4440273455443
829,1195.5347519109512
830,1198.147323992649
831,1199.101675087987
832,1199.101675087987
833,1199.101675087987
834,1199.301675087987
835,1199.301675087987
836,1199.301675087987
837,1199.301675087987
838,1199.301675087987
839,1199.301675087987
840,1199.301675087987
841,1199.301675087987
842,1199.301675087987
843,1199.301675087987
844,1218.2875538063633
845,1218.2875538063633
846,1228.9281505401862
847,1228.9281505401862
848,1247.8471426290696
849,1254.4494407839486
850,1257.2422725161236
851,1257.2422725161236
852,1265.1123998469038
853,1265.1123998469038
854,1265.1123998469038
855,1269.8140293142085
856,1276.6803382361168
857,1276.6803382361168
858,1276.6803382361168
859,1276.6803382361168
860,1276.6803382361168
861,1276.6803382361168
862,1276.6803382361168
863,1276.6803382361168
864,1276.6803382361168
865,1323.6979970876803
866,1344.2150095921238
867,1344.2150095921238
868,1344.2150095921238
869,1344.2150095921238
870,1368.8298711221469
871,1368.8298711221469
872,1379.1310056000896
873,1379.1310056000896
874,1398.9340938137523
875,1401.2151804620053
876,1425.2596034650553
877,1425.2596034650553
878,1432.9612926525022
879,1432.9612926525022
880,1432.9612926525022
881,1477.1751629957362
882,1487.6764261416652
883,1487.6764261416652
884,1487.6764261416652
885,1487.6764261416652
886,1487.6764261416652
887,1487.6764261416652
888,1495.502550957757
889,1495.502550957757
890,1495.502550957757
891,1502.7115852156005
892,1502.7115852156005
893,1513.3938361900882
894,1513.9938361900881
895,1523.6355479198219
896,1523.6355479198219
897,1529.682049855235
898,1529.682049855235
899,1529.682049855235
900,1529.682049855235
901,1529.682049855235
902,1529.682049855235
903,1605.78431869239
904,1605.78431869239
905,1620.3937454034638
906,1649.9252491321233
907,1649.9252491321233
908,1649.9252491321233
909,1649.9252491321233
910,1649.9252491321233
911,1649.9252491321233
912,1649.9252491321233
913,1649.9252491321233
914,1649.9252491321233
915,1649.9252491321233
916,1649.9252491321233
917,1649.9252491321233
918,1649.9252491321233
919,1654.15105020089
920,1665.9588677604
921,1665.9588677604
922,1665.9588677604
923,1678.3750852752814
924,1693.6769768146114
925,1703.2108126434746
926,1703.2108126434746
927,1703.2108126434746
928,1703.2108126434746
929,1703.2108126434746
930,1717.1430953658682
931,1717.1430953658682
932,1717.1430953658682
933,1717.1430953658682
934,1717.1430953658682
935,1717.1430953658682
936,1726.3637994206642
937,1726.3637994206642
938,1742.7898669770464
939,1742.7898669770464
940,1743.4120408641547
941,1743.4120408641547
942,1749.8220016925015
943,1767.897707305923
944,1790.941725699264
945,1790.941725699264
946,1830.2830799371352
947,1830.2830799371352
948,1858.2146542129597
949,1872.7014016570643
950,1874.5068259990312
951,1883.200569473803
952,1883.200569473803
953,1883.200569473803
954,1890.4475810082479
955,1890.4475810082479
956,1891.0475810082478
957,1898.0188464155347
958,1919.0602109178974
959,1940.1431626354838
960,1940.1431626354838
961,1940.1431626354838
962,1957.706939092888
963,1961.6951459711713
964,1971.885432750631
965,1971.885432750631
966,1971.885432750631
967,1971.885432750631
968,1971.885432750631
969,1971.885432750631
970,1987.3642692925746
971,2001.7814669765808
972,2001.7814669765808
973,2004.4963786665899
974,2004.4963786665899
975,2009.3234743902174
976,2009.3234743902174
977,2013.9320960557004
978,2013.9320960557004
979,2013.9320960557004
980,2013.9320960557004
981,2013.9320960557004
982,2019.1000891599633
983,2019.1000891599633
984,2022.7063821559732
985,2026.4236390641352
986,2026.4236390641352
987,2026.4236390641352
988,2026.4236390641352
989,2037.2243602734225
990,2037.2243602734225
991,2040.987934329957
992,2048.786789460825
993,2092.285918765424
994,2098.0017763439314
995,2098.0017763439314
996,2098.0017763439314
997,2098.0017763439314
998,2098.0017763439314
999,2098.0017763439314
1000,2098.0017763439314
1001,2098.0017763439314
1002,2098.0017763439314
1003,2099.793365454016
1004,2099.793365454016
1005,2099.793365454016
1006,2100.7280835340825
1007,2100.7280835340825
1008,2100.7280835340825
1009,2100.7280835340825
1010,2100.7280835340825
1011,2100.7280835340825
1012,2109.6171750390704
1013,2109.6171750390704
1014,2109.6171750390704
1015,2122.114115821921
1016,2129.838616188253
1017,2129.838616188253
1018,2133.1397561200797
1019,2138.524103696247
1020,2143.1047360032235
1021,2158.6862929578424
1022,2158.6862929578424
1023,2159.6862929578424
1024,2159.6862929578424
1025,2159.6862929578424
1026,2159.6862929578424
1027,2159.6862929578424
1028,2159.6862929578424
1029,2159.6862929578424
1030,2159.6862929578424
1031,2159.6862929578424
1032,2159.6862929578424
1033,2159.6862929578424
1034,2159.6862929578424
1035,2159.6862929578424
1036,2159.6862929578424
1037,2159.6862929578424
1038,2166.423416556276
1039,2166.423416556276
1040,2174.2296268861087
1041,2184.532698545321
1042,2197.955337271482
1043,2202.1329567109788
1044,2202.1329567109788
1045,2204.7027784580355
1046,2204.7027784580355
1047,2204.7027784580355
1048,2204.7027784580355
1049,2321.724412672652
1050,2349.913052384253
1051,2377.4249568086734
1052,2377.4249568086734
1053,2377.4249568086734
1054,2396.1436571710174
1055,2402.6506847978508
1056,2402.6506847978508
1057,2425.440154991541
1058,2425.440154991541
1059,2425.440154991541
1060,2425.440154991541
1061,2425.440154991541
1062,2425.440154991541
1063,2439.155988431476
1064,2439.155988431476
1065,2439.155988431476
1066,2450.686064324085
1067,2460.5925556555826
1068,2477.515388890255
1069,2477.515388890255
1070,2477.515388890255
1071,2477.515388890255
1072,2492.0135568122796
1073,2503.161595108596
1074,2503.161595108596
1075,2503.161595108596
1076,2503.161595108596
1077,2503.161595108596
1078,2532.1027235011634
1079,2558.329345450209
1080,2572.770577919732
1081,2572.770577919732
1082,2576.5781790471437
1083,2583.792120760887
1084,2589.682027125992
1085,2590.3761749053997
1086,2604.5096937641674
1087,2604.5096937641674
1088,2604.5096937641674
1089,2604.5096937641674
1090,2604.5096937641674
1091,2754.980922377759
1092,2754.980922377759
1093,2754.980922377759
1094,2803.6543711492745
1095,2803.6543711492745
1096,2825.0308204926155
1097,2825.0308204926155
1098,2831.320452457066
1099,2831.320452457066
1100,2841.536087173305
1101,2841.536087173305
1102,2864.319092528406
1103,2864.319092528406
1104,2864.319092528406
1105,2864.319092528406
1106,2870.626843687795
1107,2878.767441994373
1108,2898.3483278242693
1109,2912.8662113447967
1110,2925.1021572241607
1111,2932.524093140442
1112,2932.524093140442
1113,2932.524093140442
1114,2932.524093140442
1115,2932.524093140442
1116,2940.147391030503
1117,2942.337500490792
1118,2949.4100555436817
1119,2949.4100555436817
1120,2949.4100555436817
1121,2949.4100555436817
1122,2955.937562671473
1123,2955.937562671473
1124,2968.84583960591
1125,2968.84583960591
1126,2968.84583960591
1127,2980.0324645076616
1128,2982.571099168735
1129,2989.03752343542
1130,2989.03752343542
1131,2989.03752343542
1132,2989.03752343542
1133,2989.03752343542
1134,2989.03752343542
1135,2989.03752343542
1136,2989.03752343542
1137,2989.03752343542
1138,2989.03752343542
1139,2989.03752343542
1140,3007.5430907439722
1141,3020.229923269347
1142,3020.229923269347
1143,3038.141820706383
1144,3049.058114241087
1145,3062.09884225489
1146,3062.09884225489
1147,3078.182006549735
1148,3078.182006549735
1149,3078.182006549735
1150,3080.8715395122977
1151,3080.8715395122977
1152,3080.8715395122977
1153,3080.8715395122977
1154,3081.8566549018683
1155,3084.985823560016
1156,3084.9980344834557
1157,3086.613596038887
1158,3086.613596038887
1159,3086.613596038887
1160,3086.613596038887
1161,3086.613596038887
1162,3086.613596038887
1163,3091.698766338182
1164,3091.698766338182
1165,3091.698766338182
1166,3091.698766338182
1167,3091.698766338182
1168,3091.698766338182
1169,3091.698766338182
1170,3091.698766338182
1171,3091.698766338182
1172,3091.698766338182
1173,3173.189986569626
1174,3173.189986569626
1175,3193.1778866517798
1176,3193.1778866517798
1177,3193.1778866517798
1178,3193.1778866517798
1179,3195.6230991657644
1180,3197.8285301639908
1181,3200.3208886781354
1182,3200.3208886781354
1183,3200.3208886781354
1184,3200.3208886781354
1185,3200.3208886781354
1186,3200.3208886781354
1187,3200.3208886781354
1188,3200.3208886781354
1189,3200.3208886781354
1190,3200.3208886781354
1191,3200.3208886781354
1192,3200.3208886781354
1193,3200.3208886781354
1194,3200.3208886781354
1195,3200.3208886781354
1196,3207.524886248168
1197,3238.550288159768
1198,3238.550288159768
1199,3238.550288159768
1200,3242.7623793737157
1201,3242.7623793737157
1202,3242.7623793737157
1203,3242.7623793737157
1204,3247.4993962519325
1205,3253.118106384347
1206,3253.118106384347
1207,3253.118106384347
1208,3253.118106384347
1209,3253.118106384347
1210,3253.118106384347
1211,3258.804788584179
1212,3258.804788584179
1213,3260.3505996969707
1214,3260.3505996969707
1215,3260.3505996969707
1216,3260.3505996969707
1217,3260.3505996969707
1218,3265.6678668246977
1219,3265.6678668246977
1220,3265.6678668246977
1221,3265.6678668246977
1222,3265.6678668246977
1223,3265.6678668246977
1224,3265.6678668246977
1225,3268.2474233008643
1226,3272.762795872773
1227,3272.762795872773
1228,3276.2684876429616
1229,3276.2684876429616
1230,3276.2684876429616
1231,3276.2684876429616
1232,3276.2684876429616
1233,3279.2111469492384
1234,3279.2111469492384
1235,3279.2111469492384
1236,3279.2111469492384
1237,3279.2111469492384
1238,3279.2111469492384
1239,3279.2111469492384
1240,3279.2111469492384
1241,3279.2111469492384
1242,3279.2111469492384
1243,3300.8261072635282
1244,3300.8261072635282
1245,3300.8261072635282
1246,3300.8261072635282
1247,3331.632827353428
1248,3331.632827353428
1249,3331.632827353428
1250,3339.5154126404177
1251,3344.9513182248324
1252,3344.9513182248324
1253,3348.769906463856
1254,3348.769906463856
1255,3360.57450241415
1256,3376.721802275697
1257,3389.901988339949
1258,3393.494241280886
1259,3393.494241280886
1260,3397.702800212234
1261,3405.8133851224
1262,3417.4868275195977
1263,3417.4868275195977
1264,3426.204529626704
1265,3429.1466165203365
1266,3429.1466165203365
1267,3429.1466165203365
1268,3564.3580067309836
1269,3574.949378058191
1270,3590.4302274616166
1271,3590.4302274616166
1272,3594.0896555069344
1273,3597.8231616858848
1274,3597.8231616858848
1275,3600.332651592989
1276,3600.332651592989
1277,3600.332651592989
1278,3600.332651592989
1279,3600.332651592989
1280,3657.6206695708925
1281,3657.6206695708925
1282,3657.6206695708925
1283,3690.0322110942393
1284,3690.0322110942393
1285,3749.6267586680256
1286,3770.309971514991
1287,3788.3796409409547
1288,3798.371344154285
1289,3806.1795264579905
1290,3806.1795264579905
1291,3806.5094127726748
1292,3806.5094127726748
1293,3806.5094127726748
1294,3806.5094127726748
1295,3806.5094127726748
1296,3806.5094127726748
1297,3806.5094127726748
1298,3806.5094127726748
1299,3806.5094127726748
1300,3806.5094127726748
1301,3833.234359509727
1302,3860.166142005532
1303,3869.7423681532855
1304,3883.1995944210166
1305,3883.1995944210166
1306,3895.6003541371565
1307,3911.4342729725013
1308,3911.4342729725013
1309,3911.4342729725013
1310,3911.4342729725013
1311,3911.4342729725013
1312,3911.4342729725013
1313,3911.4342729725013
1314,3911.4342729725013
1315,3911.4342729725013
1316,3920.1565507451082
1317,3920.1565507451082
1318,3925.323693078588
1319,3925.323693078588
1320,3930.1099229360225
1321,3935.1045738349076
1322,3935.1045738349076
1323,3935.1045738349076
1324,3935.1045738349076
1325,3935.1045738349076
1326,3935.1045738349076
1327,3935.1045738349076
1328,3935.1045738349076
1329,3935.1045738349076
1330,3942.4139206592768
1331,3945.406059054901
1332,3945.406059054901
1333,3945.406059054901
1334,3945.543429518429
1335,4015.9591684851493
1336,4015.9591684851493
1337,4015.9591684851493
1338,4056.5446401430145
1339,4059.3257800961414
1340,4059.3257800961414
1341,4060.710850143777
1342,4060.710850143777
1343,4060.710850143777
1344,4060.710850143777
1345,4060.710850143777
1346,4060.710850143777
1347,4060.710850143777
1348,4060.710850143777
1349,4060.710850143777
1350,4073.9505915309296
1351,4076.9077576715513
1352,4087.6949092111413
1353,4096.372564476512
1354,4104.969038479223
1355,4112.656584117293
1356,4112.656584117293
1357,4112.656584117293
1358,4112.656584117293
1359,4112.656584117293
1360,4112.656584117293
1361,4144.793312869575
1362,4144.793312869575
1363,4164.876906476272
1364,4183.535080486394
1365,4216.499019672884
1366,4216.499019672884
1367,4221.391119628734
1368,4221.391119628734
1369,4221.391119628734
1370,4231.498387869833
1371,4231.498387869833
1372,4231.898387869833
1373,4231.898387869833
1374,4231.898387869833
1375,4231.898387869833
1376,4231.898387869833
1377,4234.464311226944
1378,4255.396425826545
1379,4272.5217544196985
1380,4312.771392317963
1381,4312.771392317963
1382,4312.771392317963
1383,4337.046465304512
1384,4340.175720401538
1385,4350.799244421989
1386,4362.339075649842
1387,4362.339075649842
1388,4373.0464481382905
1389,4373.0464481382905
1390,4373.0464481382905
1391,4373.0464481382905
1392,4373.0464481382905
1393,4373.0464481382905
1394,4373.0464481382905
1395,4373.0464481382905
1396,4373.0464481382905
1397,4373.0464481382905
1398,4373.0464481382905
1399,4373.0464481382905
1400,4386.928217878638
1401,4389.731618871243
1402,4389.731618871243
1403,4389.731618871243
1404,4395.306830484706
1405,4395.306830484706
1406,4407.508231163896
1407,4407.508231163896
1408,4407.508231163896
1409,4407.508231163896
1410,4407.508231163896
1411,4418.008478938817
1412,4423.5169364846415
1413,4433.929507798607
1414,4433.929507798607
1415,4444.330621101716
1416,4444.6806211017165
1417,4449.595792013957
1418,4449.595792013957
1419,4449.595792013957
1420,4450.937310374687
1421,4450.937310374687
1422,4461.18106052817
1423,4461.18106052817
1424,4467.483151810592
1425,4488.40049031837
1426,4506.071482652112
1427,4506.071482652112
1428,4514.472050658413
1429,4529.752831581068
1430,4535.56766858609
1431,4536.766779557472
1432,4536.766779557472
1433,4536.766779557472
1434,4536.766779557472
1435,4536.766779557472
1436,4536.766779557472
1437,4536.766779557472
1438,4536.766779557472
1439,4536.766779557472
1440,4536.766779557472
1441,4617.300909951881
1442,4626.517883203102
1443,4626.517883203102
1444,4626.835471320704
1445,4626.835471320704
1446,4626.835471320704
1447,4626.835471320704
1448,4646.026332262712
1449,4646.026332262712
1450,4651.118136050214
1451,4652.634497113464
1452,4655.837546238185
1453,4655.837546238185
1454,4655.837546238185
1455,4655.837546238185
1456,4655.837546238185
1457,4655.837546238185
1458,4655.837546238185
1459,4655.837546238185
1460,4655.837546238185
1461,4655.837546238185
1462,4655.837546238185
1463,4699.736707280938
1464,4721.178875582844
1465,4721.178875582844
1466,4728.413575637295
1467,4728.413575637295
1468,4728.413575637295
1469,4728.413575637295
1470,4728.413575637295
1471,4728.413575637295
1472,4728.413575637295
1473,4728.413575637295
1474,4786.809109226663
1475,4830.176403107992
1476,4831.263148533445
1477,4831.263148533445
1478,4847.148797767485
1479,4847.148797767485
1480,4880.630188642585
1481,4900.125187304225
1482,4908.8795123371
1483,4927.825129109238
1484,4927.825129109238
1485,4937.619929201805
1486,4951.22363381264
1487,4951.22363381264
1488,4962.356206658457
1489,4962.356206658457
1490,4966.570790119039
1491,4979.357158317819
1492,4980.567596389319
1493,4990.751014593675
1494,4998.468625024466
1495,4998.468625024466
1496,4998.468625024466
1497,4998.468625024466
1498,4998.468625024466
1499,4998.468625024466
1500,4998.468625024466
1501,4998.468625024466
1502,4998.468625024466
1503,4998.468625024466
1504,4998.468625024466
1505,4998.468625024466
1506,4998.468625024466
1507,4998.468625024466
1508,4998.468625024466
1509,5007.7604008113385
1510,5007.7604008113385
1511,5007.7604008113385
1512,5007.7604008113385
1513,5007.7604008113385
1514,5007.7604008113385
1515,5007.7604008113385
1516,5007.7604008113385
1517,5050.4393355062
1518,5050.4393355062
1519,5050.4393355062
1520,5050.4393355062
1521,5050.4393355062
1522,5050.4393355062
1523,5050.4393355062
1524,5050.4393355062
1525,5050.4393355062
1526,5054.943818521825
1527,5054.943818521825
1528,5054.943818521825
1529,5054.943818521825
1530,5102.347881454469
1531,5119.627038477444
1532,5119.627038477444
1533,5125.521327104609
1534,5125.521327104609
1535,5125.521327104609
1536,5125.521327104609
1537,5125.521327104609
1538,5134.449569026056
1539,5146.599969130163
1540,5146.599969130163
1541,5155.59725633975
1542,5155.59725633975
1543,5155.59725633975
1544,5155.59725633975
1545,5155.59725633975
1546,5155.59725633975
1547,5160.6400213741
1548,5160.6400213741
1549,5165.644910332879
1550,5165.644910332879
1551,5165.644910332879
1552,5165.644910332879
1553,5165.644910332879
1554,5165.644910332879
1555,5165.644910332879
1556,5165.644910332879
1557,5165.644910332879
1558,5168.063001149462
1559,5170.485888783754
1560,5170.485888783754
1561,5170.485888783754
1562,5170.485888783754
1563,5170.485888783754
1564,5170.485888783754
1565,5172.283033352099
1566,5172.283033352099
1567,5173.499381935787
1568,5173.499381935787
1569,5173.499381935787
1570,5173.499381935787
1571,5176.0276420006685
1572,5176.0276420006685
1573,5177.035976348255
1574,5177.035976348255
1575,5177.035976348255
1576,5177.035976348255
1577,5177.035976348255
1578,5177.035976348255
1579,5220.615780037732
1580,5231.32707200599
1581,5236.88722547444
1582,5236.88722547444
1583,5236.88722547444
1584,5282.122800802651
1585,5282.122800802651
1586,5282.122800802651
1587,5282.122800802651
1588,5282.122800802651
1589,5282.122800802651
1590,5324.341958235002
1591,5324.341958235002
1592,5324.341958235002
1593,5324.341958235002
1594,5324.341958235002
1595,5324.341958235002
1596,5324.341958235002
1597,5324.341958235002
1598,5328.7088470189055
1599,5346.848422749168
1600,5346.848422749168
1601,5359.062367506417
1602,5359.062367506417
1603,5370.764794553638
1604,5396.194765227897
1605,5397.878270387219
1606,5417.164530007459
1607,5417.164530007459
1608,5417.164530007459
1609,5435.879273754923
1610,5438.217414606781
1611,5442.146205993238
1612,5442.146205993238
1613,5442.146205993238
1614,5442.146205993238
1615,5442.146205993238
1616,5442.146205993238
1617,5442.146205993238
1618,5442.146205993238
1619,5442.146205993238
1620,5442.146205993238
1621,5442.146205993238
1622,5442.146205993238
1623,5442.146205993238
1624,5442.146205993238
1625,5447.166111980772
1626,5452.064229156123
1627,5452.064229156123
1628,5452.064229156123
1629,5452.064229156123
1630,5452.064229156123
1631,5452.064229156123
1632,5452.064229156123
1633,5456.390449020026
1634,5460.6235991747
1635,5465.159249068356
1636,5465.159249068356
1637,5465.159249068356
1638,5465.159249068356
1639,5465.159249068356
1640,5465.871664774855
1641,5465.871664774855
1642,5465.871664774855
1643,5465.871664774855
1644,5465.871664774855
1645,5473.8731511058195
1646,5473.8731511058195
1647,5473.8731511058195
1648,5473.8731511058195
1649,5473.8731511058195
1650,5487.099811093619
1651,5487.099811093619
1652,5487.099811093619
1653,5487.338187892013
1654,5487.338187892013
1655,5487.338187892013
1656,5489.73410269609
1657,5489.73410269609
1658,5490.22150836912
1659,5490.22150836912
1660,5490.22150836912
1661,5490.22150836912
1662,5490.22150836912
1663,5490.22150836912
1664,5490.22150836912
1665,5490.22150836912
1666,5490.22150836912
1667,5490.22150836912
1668,5490.22150836912
1669,5490.22150836912
1670,5497.430007380962
1671,5506.122306946108
1672,5517.121253730922
1673,5535.423920682685
1674,5535.423920682685
1675,5565.310099949031
1676,5568.645777793968
1677,5578.542933363289
1678,5578.542933363289
1679,5581.884946466692
1680,5581.884946466692
1681,5581.884946466692
1682,5581.884946466692
1683,5581.884946466692
1684,5581.884946466692
1685,5605.667917262358
1686,5605.667917262358
1687,5605.667917262358
1688,5605.667917262358
1689,5605.667917262358
1690,5609.871478025102
1691,5626.0066576371555
1692,5626.0066576371555
1693,5635.566054062394
1694,5635.566054062394
1695,5637.766741167902
1696,5643.450044921406
1697,5648.220597361601
1698,5648.220597361601
1699,5648.220597361601
1700,5648.520597361601
1701,5648.520597361601
1702,5648.520597361601
1703,5648.520597361601
1704,5648.520597361601
1705,5648.520597361601
1706,5648.520597361601
1707,5649.653589752284
1708,5649.653589752284
1709,5649.653589752284
1710,5660.438476004008
1711,5660.438476004008
1712,5670.239905443509
1713,5670.239905443509
1714,5670.239905443509
1715,5670.239905443509
1716,5670.239905443509
1717,5670.239905443509
1718,5670.239905443509
1719,5670.239905443509
1720,5670.239905443509
1721,5713.512320773724
1722,5730.8003688729
1723,5730.8003688729
1724,5730.8003688729
1725,5730.8003688729
1726,5730.8003688729
1727,5730.8003688729
1728,5730.8003688729
1729,5730.8003688729
1730,5730.8003688729
1731,5736.736677642775
1732,5736.736677642775
1733,5739.549175124257
1734,5739.549175124257
1735,5745.9256256884255
1736,5750.8094331686225
1737,5756.9213382300395
1738,5756.9213382300395
1739,5757.660564113112
1740,5757.660564113112
1741,5757.660564113112
1742,5757.660564113112
1743,5757.660564113112
1744,5757.660564113112
1745,5757.660564113112
1746,5772.550248669719
1747,5795.181747784114
1748,5817.375279281875
1749,5830.164104287247
1750,5835.938957182528
1751,5837.239802891742
1752,5839.815327697874
1753,5839.815327697874
1754,5839.815327697874
1755,5839.815327697874
1756,5839.815327697874
1757,5839.815327697874
1758,5839.815327697874
1759,5839.815327697874
1760,5839.815327697874
1761,5840.1079556686445
1762,5840.1079556686445
1763,5860.829552543729
1764,5860.829552543729
1765,5866.268337882873
1766,5866.268337882873
1767,5870.148104567533
1768,5870.148104567533
1769,5870.148104567533
1770,5870.148104567533
1771,5870.148104567533
1772,5870.148104567533
1773,5948.831059239457
1774,5948.831059239457
1775,6004.56902442928
1776,6029.217683526417
1777,6029.217683526417
1778,6029.217683526417
1779,6029.217683526417
1780,6029.217683526417
1781,6029.217683526417
1782,6029.217683526417
1783,6037.195676549131
1784,6047.873558366681
1785,6047.873558366681
1786,6056.194742500013
1787,6056.194742500013
1788,6056.194742500013
1789,6074.0843632741435
1790,6074.0843632741435
1791,6076.778147321663
1792,6076.778147321663
1793,6076.778147321663
1794,6078.403459449103
1795,6094.346913170514
1796,6112.90238211063
1797,6128.016010937984
1798,6163.937185563832
1799,6186.5832288990305
1800,6186.5832288990305
1801,6189.84390885176
1802,6189.84390885176
1803,6191.343295024254
1804,6191.343295024254
1805,6204.347942498955
1806,6204.347942498955
1807,6215.9306962568035
1808,6215.9306962568035
1809,6249.225940804235
1810,6281.707398622645
1811,6287.210246528405
1812,6287.210246528405
1813,6287.210246528405
1814,6287.210246528405
1815,6291.9436074800515
1816,6305.777733726981
1817,6305.777733726981
1818,6319.586725510705
1819,6319.586725510705
1820,6319.586725510705
1821,6319.586725510705
1822,6319.586725510705
1823,6364.09818548001
1824,6364.09818548001
1825,6405.017735708104
1826,6408.926874776507
1827,6408.926874776507
1828,6408.926874776507
1829,6408.926874776507
1830,6418.525293541293
1831,6418.525293541293
1832,6418.525293541293
1833,6418.525293541293
1834,6424.645243375573
1835,6424.645243375573
1836,6424.645243375573
1837,6432.104446121699
1838,6432.104446121699
1839,6432.104446121699
1840,6432.104446121699
1841,6432.104446121699
1842,6443.831579727063
1843,6465.910281638416
1844,6490.099127053134
1845,6502.22468125804
1846,6502.22468125804
1847,6502.22468125804
1848,6507.810970979244
1849,6507.810970979244
1850,6507.810970979244
1851,6507.810970979244
1852,6507.810970979244
1853,6507.810970979244
1854,6507.810970979244
1855,6507.810970979244
1856,6532.409436661976
1857,6532.409436661976
1858,6532.409436661976
1859,6545.334439673741
1860,6557.360766726838
1861,6571.088207152824
1862,6574.886046963229
1863,6585.097442192571
1864,6585.097442192571
1865,6585.097442192571
1866,6585.097442192571
1867,6587.128117711807
1868,6587.928117711807
1869,6589.366626343226
1870,6589.366626343226
1871,6589.366626343226
1872,6590.266626343226
1873,6590.266626343226
1874,6591.266626343226
1875,6591.266626343226
1876,6592.374125025962
1877,6592.374125025962
1878,6592.374125025962
1879,6592.374125025962
1880,6616.496096159336
1881,6616.496096159336
1882,6622.299137273701
1883,6626.039451301968
1884,6628.77629881624
1885,6628.77629881624
1886,6639.235056359475
1887,6654.817040826864
1888,6654.817040826864
1889,6655.892536578444
1890,6655.892536578444
1891,6655.892536578444
1892,6659.843581518361
1893,6659.843581518361
1894,6659.843581518361
1895,6659.843581518361
1896,6659.843581518361
1897,6659.843581518361
1898,6680.76897583158
1899,6716.78764682487
1900,6716.78764682487
1901,6729.624826602485
1902,6737.371783196227
1903,6737.371783196227
1904,6737.371783196227
1905,6737.371783196227
1906,6737.371783196227
1907,6737.371783196227
1908,6737.371783196227
1909,6737.371783196227
1910,6757.655477697162
1911,6757.655477697162
1912,6757.655477697162
1913,6757.655477697162
1914,6757.655477697162
1915,6757.655477697162
1916,6757.655477697162
1917,6757.655477697162
1918,6764.361315588327
1919,6764.361315588327
1920,6764.361315588327
1921,6790.90606879225
1922,6799.74417757399
1923,6809.96455096303
1924,6822.168927428684
1925,6832.593242480674
1926,6832.593242480674
1927,6843.217827104031
1928,6843.217827104031
1929,6843.217827104031
1930,6843.217827104031
1931,6843.217827104031
1932,6875.308275953998
1933,6875.308275953998
1934,6897.29305132089
1935,6901.387507096442
1936,6926.982389411104
1937,6960.321263506127
1938,6978.506403574448
1939,6978.506403574448
1940,6994.592707841852
1941,7007.22558425729
1942,7007.22558425729
1943,7017.208471639182
1944,7020.172179854111
1945,7020.572179854111
1946,7020.572179854111
1947,7020.572179854111
1948,7026.39672064763
1949,7038.771161139523
1950,7041.41325896519
1951,7041.41325896519
1952,7041.41325896519
1953,7041.41325896519
1954,7041.41325896519
1955,7070.599233560194
1956,7070.599233560194
1957,7070.599233560194
1958,7092.8306646825085
1959,7092.8306646825085
1960,7092.8306646825085
1961,7092.8306646825085
1962,7092.8306646825085
1963,7092.8306646825085
1964,7105.719305219932
1965,7105.719305219932
1966,7105.719305219932
1967,7106.634872542853
1968,7108.364358732619
1969,7108.364358732619
1970,7108.364358732619
1971,7108.364358732619
1972,7108.364358732619
1973,7108.364358732619
1974,7108.364358732619
1975,7108.364358732619
1976,7121.3042116000815
1977,7126.712174091944
1978,7126.712174091944
1979,7131.322519943637
1980,7131.322519943637
1981,7131.322519943637
1982,7131.322519943637
1983,7142.350708145658
1984,7142.350708145658
1985,7153.349291999618
1986,7153.349291999618
1987,7153.349291999618
1988,7153.349291999618
1989,7153.349291999618
1990,7223.483411246872
1991,7223.483411246872
1992,7226.2952204428775
1993,7226.2952204428775
1994,7226.2952204428775
1995,7226.2952204428775
1996,7228.933334546781
1997,7228.933334546781
1998,7229.388568763647
1999,7229.494816836562
2000,7229.494816836562
2001,7229.494816836562
2002,7229.494816836562
2003,7229.494816836562
2004,7253.3847283626255
2005,7253.3847283626255
2006,7275.499486199023
2007,7297.428024104055
2008,7297.428024104055
2009,7297.428024104055
2010,7297.428024104055
2011,7297.428024104055
2012,7297.428024104055
2013,7311.13964190662
2014,7311.13964190662
2015,7311.13964190662
2016,7311.13964190662
2017,7311.13964190662
2018,7317.872482022031
2019,7317.872482022031
2020,7317.872482022031
2021,7317.872482022031
2022,7336.509548930649
2023,7336.509548930649
2024,7362.109783023789
2025,7362.109783023789
2026,7365.550160224967
2027,7365.550160224967
2028,7369.650320759524
2029,7371.548420704154
2030,7371.548420704154
2031,7371.548420704154
2032,7371.548420704154
2033,7371.548420704154
2034,7374.19951946591
2035,7374.19951946591
2036,7374.19951946591
2037,7374.19951946591
2038,7374.19951946591
2039,7377.884861770866
2040,7377.884861770866
2041,7377.884861770866
2042,7378.897312699178
2043,7378.897312699178
2044,7378.897312699178
2045,7378.897312699178
2046,7378.897312699178
2047,7378.897312699178
2048,7384.410806551531
2049,7384.410806551531
2050,7387.821537653659
2051,7387.821537653659
2052,7387.821537653659
2053,7394.0192785574345
2054,7394.0192785574345
2055,7397.48531135212
2056,7399.960490561578
2057,7399.960490561578
2058,7399.960490561578
2059,7399.960490561578
2060,7399.960490561578
2061,7401.088225735553
2062,7401.088225735553
2063,7401.088225735553
2064,7401.088225735553
2065,7401.088225735553
2066,7401.088225735553
2067,7401.088225735553
2068,7401.088225735553
2069,7405.979367412044
2070,7405.979367412044
2071,7410.505464646056
2072,7410.505464646056
2073,7417.6008067567445
2074,7417.6008067567445
2075,7417.6008067567445
2076,7417.6008067567445
2077,7417.6008067567445
2078,7417.6008067567445
2079,7417.6008067567445
2080,7417.6008067567445
2081,7417.6008067567445
2082,7417.6008067567445
2083,7418.049790939567
2084,7418.049790939567
2085,7428.426793631782
2086,7454.730797639265
2087,7459.7460835190805
2088,7459.7460835190805
2089,7459.7460835190805
2090,7459.7460835190805
2091,7459.7460835190805
2092,7459.7460835190805
2093,7459.7460835190805
2094,7502.574981319745
2095,7502.574981319745
2096,7510.470427461726
2097,7510.470427461726
2098,7510.470427461726
2099,7510.470427461726
2100,7524.597102691915
2101,7524.597102691915
2102,7524.597102691915
2103,7524.597102691915
2104,7528.117243932894
2105,7541.1882452960435
2106,7541.1882452960435
2107,7541.1882452960435
2108,7541.1882452960435
2109,7557.521393601838
2110,7557.521393601838
2111,7557.521393601838
2112,7557.521393601838
2113,7567.206519140318
2114,7567.206519140318
2115,7575.301523611316
2116,7580.896572913196
2117,7580.896572913196
2118,7580.896572913196
2119,7580.896572913196
2120,7580.896572913196
2121,7618.519271542862
2122,7618.519271542862
2123,7618.519271542862
2124,7645.201623926008
2125,7645.201623926008
2126,7655.208514210137
2127,7675.2460766668455
2128,7675.2460766668455
2129,7685.951945365877
2130,7696.853474883255
2131,7700.155932148705
2132,7700.155932148705
2133,7700.155932148705
2134,7705.958993319678
2135,7705.958993319678
2136,7705.958993319678
2137,7705.958993319678
2138,7709.114825915552
2139,7716.457270316738
2140,7716.457270316738
2141,7716.457270316738
2142,7716.457270316738
2143,7716.457270316738
2144,7716.457270316738
2145,7716.457270316738
2146,7716.495621364071
2147,7727.363537921843
2148,7727.363537921843
2149,7727.363537921843
2150,7727.363537921843
2151,7739.614212608638
2152,7739.614212608638
2153,7747.332314925518
2154,7751.337688074856
2155,7751.337688074856
2156,7756.8536369406065
2157,7759.960834217783
2158,7787.687322429118
2159,7790.17548814088
2160,7790.17548814088
2161,7790.17548814088
2162,7790.17548814088
2163,7790.17548814088
2164,7826.077379549474
2165,7826.077379549474
2166,7843.810934967456
2167,7843.810934967456
2168,7843.810934967456
2169,7843.810934967456
2170,7882.221804489905
2171,7882.221804489905
2172,7882.221804489905
2173,7882.221804489905
2174,7882.221804489905
2175,7882.221804489905
2176,7893.1973072397195
2177,7893.1973072397195
2178,7893.1973072397195
2179,7893.1973072397195
2180,7906.245284048374
2181,7906.245284048374
2182,7908.990622294948
2183,7908.990622294948
2184,7934.412675154472
2185,7941.204307298478
2186,7941.204307298478
2187,7946.43139508854
2188,7946.43139508854
2189,7946.43139508854
2190,7958.815662138848
2191,7969.772790443573
2192,7969.772790443573
2193,7986.23898663184
2194,7986.23898663184
2195,7994.867502491579
2196,7994.867502491579
2197,7994.867502491579
2198,7994.867502491579
2199,7994.867502491579
2200,8007.9601950391525
2201,8007.9601950391525
2202,8007.9601950391525
2203,8007.9601950391525
2204,8010.369536457848
2205,8010.369536457848
2206,8010.369536457848
2207,8010.369536457848
2208,8025.859861842967
2209,8033.533214539506
2210,8033.533214539506
2211,8040.822816411542
2212,8040.822816411542
2213,8040.822816411542
2214,8040.822816411542
2215,8047.518655223173
2216,8047.518655223173
2217,8047.518655223173
2218,8049.255819436933
2219,8049.255819436933
2220,8049.255819436933
2221,8055.74394190329
2222,8055.74394190329
2223,8055.74394190329
2224,8055.74394190329
2225,8055.74394190329
2226,8055.74394190329
2227,8055.74394190329
2228,8055.74394190329
2229,8055.74394190329
2230,8055.74394190329
2231,8055.74394190329
2232,8058.827043602473
2233,8058.827043602473
2234,8065.475545685802
2235,8072.15242313568
2236,8076.8727601376195
2237,8086.159184833244
2238,8086.159184833244
2239,8086.159184833244
2240,8086.159184833244
2241,8086.159184833244
2242,8086.159184833244
2243,8086.159184833244
2244,8086.159184833244
2245,8086.159184833244
2246,8086.159184833244
2247,8086.159184833244
2248,8092.510408951205
2249,8092.510408951205
2250,8098.059101125428
2251,8098.059101125428
2252,8103.25340325953
2253,8104.078219797301
2254,8104.078219797301
2255,8104.078219797301
2256,8104.078219797301
2257,8104.078219797301
2258,8104.078219797301
2259,8104.078219797301
2260,8104.078219797301
2261,8104.078219797301
2262,8185.401207871721
2263,8185.401207871721
2264,8185.401207871721
2265,8185.401207871721
2266,8188.947919296986
2267,8188.947919296986
2268,8192.766975965707
2269,8192.766975965707
2270,8192.766975965707
2271,8206.59145270719
2272,8206.59145270719
2273,8216.867339941835
2274,8229.180842069229
2275,8229.180842069229
2276,8231.795814113819
2277,8231.795814113819
2278,8265.4211800683
2279,8265.4211800683
2280,8275.110974865827
2281,8275.110974865827
2282,8282.289855388943
2283,8287.605804132963
2284,8292.921536115187
2285,8292.921536115187
2286,8292.921536115187
2287,8292.921536115187
2288,8292.921536115187
2289,8292.921536115187
2290,8292.921536115187
2291,8292.921536115187
2292,8292.921536115187
2293,8292.921536115187
2294,8292.921536115187
2295,8292.921536115187
2296,8299.580091181218
2297,8299.580091181218
2298,8306.896579096601
2299,8306.896579096601
2300,8312.869819646972
2301,8312.869819646972
2302,8313.962789664556
2303,8313.962789664556
2304,8325.622803590299
2305,8325.622803590299
2306,8326.850072951947
2307,8326.850072951947
2308,8326.850072951947
2309,8326.850072951947
2310,8326.850072951947
2311,8326.850072951947
2312,8326.850072951947
2313,8326.850072951947
2314,8326.850072951947
2315,8326.850072951947
2316,8425.756955604653
2317,8523.691529291022
2318,8599.9021608956
2319,8599.9021608956
2320,8615.74256948375
2321,8615.74256948375
2322,8615.74256948375
2323,8615.74256948375
2324,8615.74256948375
2325,8651.336836286086
2326,8686.662524624344
2327,8686.662524624344
2328,8716.840584575404
2329,8716.840584575404
2330,8716.840584575404
2331,8747.278566538193
2332,8747.278566538193
2333,8750.259511444223
2334,8757.191887444811
2335,8761.936980664856
2336,8761.936980664856
2337,8786.54931351679
2338,8786.54931351679
2339,8786.54931351679
2340,8808.434066315831
2341,8808.434066315831
2342,8808.434066315831
2343,8808.434066315831
2344,8808.434066315831
2345,8813.823032285936
2346,8813.823032285936
2347,8822.304241994108
2348,8823.529713328722
2349,8823.529713328722
2350,8826.507307566264
2351,8826.507307566264
2352,8826.507307566264
2353,8828.404443585536
2354,8832.423376018829
2355,8835.428598681732
2356,8846.39749023804
2357,8846.39749023804
2358,8864.113795461819
2359,8864.113795461819
2360,8882.498129768645
2361,8882.498129768645
2362,8882.498129768645
2363,8882.498129768645
2364,8882.498129768645
2365,8908.604417428602
2366,8938.634821666566
2367,8946.335737862539
2368,8946.335737862539
2369,8946.335737862539
2370,8948.173311602313
2371,8951.14970590959
2372,8952.574681725875
2373,8952.574681725875
2374,8952.574681725875
2375,8952.574681725875
2376,8952.574681725875
2377,8952.574681725875
2378,9018.194661382042
2379,9018.194661382042
2380,9018.194661382042
2381,9018.194661382042
2382,9061.804043110847
2383,9083.345004096076
2384,9100.455464679086
2385,9128.423991651478
2386,9128.423991651478
2387,9143.76143434041
2388,9151.862480819813
2389,9158.254647328224
2390,9163.481294139518
2391,9171.913940311608
2392,9174.94433194582
2393,9174.94433194582
2394,9174.94433194582
2395,9174.94433194582
2396,9174.94433194582
2397,9174.94433194582
2398,9174.94433194582
2399,9174.94433194582
2400,9174.94433194582
2401,9174.94433194582
2402,9174.94433194582
2403,9174.94433194582
2404,9174.94433194582
2405,9174.94433194582
2406,9174.94433194582
2407,9174.94433194582
2408,9189.326198765493
2409,9189.326198765493
2410,9189.326198765493
2411,9204.523366118161
2412,9216.41014219881
2413,9231.804636328818
2414,9231.804636328818
2415,9239.549789808925
2416,9252.663595576741
2417,9252.663595576741
2418,9264.248730501155
2419,9264.248730501155
2420,9275.450658226226
2421,9275.450658226226
2422,9275.450658226226
2423,9275.450658226226
2424,9275.450658226226
2425,9275.450658226226
2426,9275.450658226226
2427,9284.653928939384
2428,9287.768480293234
2429,9287.768480293234
2430,9289.657642109769
2431,9289.657642109769
2432,9289.657642109769
2433,9289.657642109769
2434,9289.657642109769
2435,9289.657642109769
2436,9289.657642109769
2437,9290.388044308036
2438,9290.388044308036
2439,9290.388044308036
2440,9290.388044308036
2441,9290.388044308036
2442,9290.388044308036
2443,9295.475898032275
2444,9295.475898032275
2445,9316.552525585716
2446,9316.552525585716
2447,9325.8414855743
2448,9334.474205155708
2449,9334.474205155708
2450,9334.474205155708
2451,9334.474205155708
2452,9341.57342664188
2453,9348.1233460054
2454,9348.1233460054
2455,9348.1233460054
2456,9348.1233460054
2457,9348.1233460054
2458,9348.1233460054
2459,9348.1233460054
2460,9348.1233460054
2461,9348.1233460054
2462,9348.1233460054
2463,9354.625236786462
2464,9370.564697149213
2465,9370.564697149213
2466,9377.80789035496
2467,9377.80789035496
2468,9377.80789035496
2469,9377.80789035496
2470,9377.80789035496
2471,9390.710442476453
2472,9398.537689008102
2473,9406.220663601922
2474,9414.247621201355
2475,9414.247621201355
2476,9418.924180115413
2477,9512.614633363684
2478,9512.614633363684
2479,9512.614633363684
2480,9531.144795888824
2481,9533.505839209629
2482,9533.505839209629
2483,9542.840090891139
2484,9542.840090891139
2485,9542.840090891139
2486,9542.840090891139
2487,9542.840090891139
2488,9542.840090891139
2489,9542.840090891139
2490,9542.840090891139
2491,9572.031117746152
2492,9598.462570233241
2493,9598.462570233241
2494,9606.141148604975
2495,9606.141148604975
2496,9606.141148604975
2497,9611.646066774394
2498,9613.541847324064
2499,9629.973305575544
2500,9629.973305575544
2501,9631.294467387143
2502,9639.298732879577
2503,9648.143700451135
2504,9661.028285157972
2505,9685.916438461009
2506,9685.916438461009
2507,9689.005131939939
2508,9798.38520114506
2509,9801.392919474712
2510,9833.116440777105
2511,9834.012672984338
2512,9834.012672984338
2513,9834.012672984338
2514,9834.012672984338
2515,9834.012672984338
2516,9834.012672984338
2517,9834.012672984338
2518,9834.012672984338
2519,9834.012672984338
2520,9834.012672984338
2521,9834.012672984338
2522,9834.012672984338
2523,9834.012672984338
2524,9834.012672984338
2525,9834.012672984338
2526,9834.012672984338
2527,9850.926386005109
2528,9850.926386005109
2529,9866.414621812452
2530,9877.327817570722
2531,9877.327817570722
2532,9877.327817570722
2533,9878.36949653308
2534,9878.36949653308
2535,9878.36949653308
2536,9878.36949653308
2537,9887.528414547724
2538,9908.787540207219
2539,9915.19641971168
2540,9915.19641971168
2541,9921.389395345852
2542,9922.3280501242
2543,9931.762425079989
2544,9931.762425079989
2545,9946.465768354825
2546,9955.429827717713
2547,9955.429827717713
2548,9974.928580123355
2549,10000.670307375402
2550,10005.292090785768
2551,10005.292090785768
2552,10005.292090785768
2553,10005.292090785768
2554,10005.292090785768
2555,10005.292090785768
2556,10005.292090785768
2557,10020.979846641394
2558,10031.978779249623
2559,10031.978779249623
2560,10031.978779249623
2561,10031.978779249623
2562,10031.978779249623
2563,10049.29788182101
2564,10049.29788182101
2565,10067.91948379687
2566,10067.91948379687
2567,10067.91948379687
2568,10067.91948379687
2569,10067.91948379687
2570,10067.91948379687
2571,10084.83609422766
2572,10132.257917037172
2573,10132.257917037172
2574,10132.257917037172
2575,10146.734419133732
2576,10146.734419133732
2577,10148.265766380739
2578,10148.265766380739
2579,10148.265766380739
2580,10172.772887282676
2581,10172.772887282676
2582,10188.257261115305
2583,10188.257261115305
2584,10188.257261115305
2585,10201.7061709547
2586,10217.78980240584
2587,10217.78980240584
2588,10226.264226591376
2589,10234.994912507262
2590,10243.696176398535
2591,10263.580673249107
2592,10263.580673249107
2593,10279.650633324016
2594,10287.86892339838
2595,10287.86892339838
2596,10293.35697120606
2597,10293.35697120606
2598,10295.092645904724
2599,10297.22213985523
2600,10302.529817633818
2601,10302.529817633818
2602,10306.81029668767
2603,10314.148481426222
2604,10314.148481426222
2605,10328.711261153814
2606,10333.779410128633
2607,10333.779410128633
2608,10334.679410128632
2609,10334.679410128632
2610,10334.679410128632
2611,10337.378788200205
2612,10343.94428218414
2613,10347.456779833527
2614,10347.456779833527
2615,10347.456779833527
2616,10347.456779833527
2617,10349.752109407333
2618,10349.752109407333
2619,10349.752109407333
2620,10351.64889436545
2621,10351.64889436545
2622,10351.64889436545
2623,10351.64889436545
2624,10351.64889436545
2625,10351.64889436545
2626,10393.589524573177
2627,10401.358469312128
2628,10401.358469312128
2629,10414.289201376709
2630,10437.464076086555
2631,10450.493260173744
2632,10450.493260173744
2633,10450.493260173744
2634,10450.493260173744
2635,10450.493260173744
2636,10494.416247448578
2637,10531.122658949673
2638,10531.122658949673
2639,10531.122658949673
2640,10531.122658949673
2641,10535.041359515264
2642,10535.041359515264
2643,10629.169043418084
2644,10687.878342058417
2645,10701.01412004233
2646,10701.01412004233
2647,10715.05032079059
2648,10715.05032079059
2649,10715.05032079059
2650,10715.05032079059
2651,10719.247756112658
2652,10729.27521675853
2653,10735.342113933395
2654,10735.342113933395
2655,10736.743712163587
2656,10736.743712163587
2657,10736.743712163587
2658,10737.787251678523
2659,10737.787251678523
2660,10737.787251678523
2661,10737.787251678523
2662,10737.787251678523
2663,10750.490466344414
2664,10750.490466344414
2665,10770.852944575634
2666,10770.852944575634
2667,10782.071691097279
2668,10782.071691097279
2669,10785.728004371786
2670,10788.711011308867
2671,10789.687709837599
2672,10789.687709837599
2673,10789.687709837599
2674,10790.483033388218
2675,10790.483033388218
2676,10790.483033388218
2677,10790.483033388218
2678,10790.483033388218
2679,10790.483033388218
2680,10790.483033388218
2681,10790.483033388218
2682,10790.483033388218
2683,10790.483033388218
2684,10790.483033388218
2685,10790.483033388218
2686,10790.483033388218
2687,10790.483033388218
2688,10790.483033388218
2689,10790.483033388218
2690,10809.48681131426
2691,10809.48681131426
2692,10809.48681131426
2693,10809.48681131426
2694,10809.48681131426
2695,10809.48681131426
2696,10809.48681131426
2697,10809.48681131426
2698,10809.48681131426
2699,10833.33138394189
2700,10833.33138394189
2701,10833.33138394189
2702,10842.473194292625
2703,10842.473194292625
2704,10842.473194292625
2705,10842.473194292625
2706,10842.473194292625
2707,10842.473194292625
2708,10842.473194292625
2709,10843.286418908541
2710,10843.286418908541
2711,10843.286418908541
2712,10843.286418908541
2713,10856.948926274148
2714,10856.948926274148
2715,10863.457111906131
2716,10863.457111906131
2717,10863.457111906131
2718,10872.679902384582
2719,10873.918540112232
2720,10873.918540112232
2721,10873.918540112232
2722,10886.638856646725
2723,10886.638856646725
2724,10886.638856646725
2725,10892.199521009688
2726,10892.199521009688
2727,10892.199521009688
2728,10892.199521009688
2729,10892.199521009688
2730,10892.199521009688
2731,10892.199521009688
2732,10892.199521009688
2733,10892.199521009688
2734,10953.481143540395
2735,11013.266774467571
2736,11013.266774467571
2737,11016.553630893177
2738,11017.168035490891
2739,11025.412622314727
2740,11030.722195583647
2741,11030.722195583647
2742,11030.722195583647
2743,11043.961454937544
2744,11043.961454937544
2745,11043.961454937544
2746,11043.961454937544
2747,11043.961454937544
2748,11043.961454937544
2749,11043.961454937544
2750,11043.961454937544
2751,11043.961454937544
2752,11043.961454937544
2753,11043.961454937544
2754,11043.961454937544
2755,11055.57292064652
2756,11055.57292064652
2757,11065.903399887015
2758,11070.388586867157
2759,11093.586836102482
2760,11093.586836102482
2761,11093.586836102482
2762,11093.586836102482
2763,11093.586836102482
2764,11114.088161168818
2765,11119.40621725557
2766,11123.906130313819
2767,11123.906130313819
2768,11132.373319015143
2769,11132.373319015143
2770,11151.96747981471
2771,11151.96747981471
2772,11151.96747981471
2773,11156.664758664356
2774,11156.664758664356
2775,11156.664758664356
2776,11156.664758664356
2777,11156.664758664356
2778,11156.664758664356
2779,11156.664758664356
2780,11156.664758664356
2781,11167.505896142562
2782,11170.725473966992
2783,11177.162910775354
2784,11187.374085040234
2785,11188.274085040233
2786,11191.714109323413
2787,11191.714109323413
2788,11191.714109323413
2789,11192.114109323413
2790,11192.314109323414
2791,11192.314109323414
2792,11192.314109323414
2793,11192.314109323414
2794,11192.314109323414
2795,11192.314109323414
2796,11192.314109323414
2797,11192.314109323414
2798,11192.314109323414
2799,11192.314109323414
2800,11192.314109323414
2801,11226.907949227376
2802,11226.907949227376
2803,11226.907949227376
2804,11239.2261647624
2805,11239.2261647624
2806,11243.060462008894
2807,11243.060462008894
2808,11250.768531558411
2809,11250.768531558411
2810,11250.768531558411
2811,11250.768531558411
2812,11250.768531558411
2813,11250.768531558411
2814,11250.768531558411
2815,11250.768531558411
2816,11281.522246003502
2817,11281.522246003502
2818,11281.522246003502
2819,11323.614754918824
2820,11344.776408445601
2821,11355.057827406778
2822,11388.94417629452
2823,11388.94417629452
2824,11388.94417629452
2825,11388.94417629452
2826,11388.94417629452
2827,11423.353855847585
2828,11452.651715298114
2829,11452.651715298114
2830,11469.275115414332
2831,11494.48836276969
2832,11499.121506653768
2833,11503.829967315782
2834,11537.514021237777
2835,11543.162342894635
2836,11557.441072869735
2837,11557.441072869735
2838,11561.10726491539
2839,11563.602509936609
2840,11563.602509936609
2841,11568.023176374509
2842,11572.440298478827
2843,11574.54517029798
2844,11574.54517029798
2845,11574.54517029798
2846,11574.54517029798
2847,11574.54517029798
2848,11574.54517029798
2849,11574.54517029798
2850,11574.54517029798
2851,11574.54517029798
2852,11608.923709161247
2853,11608.923709161247
2854,11608.923709161247
2855,11608.923709161247
2856,11608.923709161247
2857,11608.923709161247
2858,11674.105717186038
2859,11674.105717186038
2860,11723.501617092974
2861,11723.501617092974
2862,11723.501617092974
2863,11723.501617092974
2864,11723.501617092974
2865,11723.501617092974
2866,11723.501617092974
2867,11723.501617092974
2868,11762.090681305852
2869,11790.16898420696
2870,11790.16898420696
2871,11822.651880641592
2872,11822.651880641592
2873,11822.651880641592
2874,11833.077755646404
2875,11833.077755646404
2876,11833.077755646404
2877,11848.664722088608
2878,11848.664722088608
2879,11848.664722088608
2880,11860.76920691163
2881,11860.76920691163
2882,11865.003656444555
2883,11865.003656444555
2884,11867.587464897046
2885,11867.587464897046
2886,11867.587464897046
2887,11880.619657481626
2888,11880.619657481626
2889,11880.619657481626
2890,11901.097635261263
2891,11901.097635261263
2892,11901.097635261263
2893,11963.126819125275
2894,11963.126819125275
2895,12022.72883343198
2896,12022.72883343198
2897,12022.72883343198
2898,12022.72883343198
2899,12030.44229739105
2900,12030.44229739105
2901,12045.483972460639
2902,12045.483972460639
2903,12045.483972460639
2904,12045.483972460639
2905,12045.483972460639
2906,12045.483972460639
2907,12045.483972460639
2908,12077.80750566451
2909,12077.80750566451
2910,12081.84293621768
2911,12093.171248423858
2912,12093.171248423858
2913,12108.57110082832
2914,12108.57110082832
2915,12127.624716667671
2916,12127.624716667671
2917,12138.152038573095
2918,12147.95404867241
2919,12147.95404867241
2920,12147.95404867241
2921,12149.522513341575
2922,12149.522513341575
2923,12153.861856541285
2924,12153.861856541285
2925,12166.982369914265
2926,12166.982369914265
2927,12166.982369914265
2928,12166.982369914265
2929,12172.566418605267
2930,12184.345924945776
2931,12193.156773396588
2932,12199.064853550943
2933,12199.064853550943
2934,12204.673724191925
2935,12210.300045101101
2936,12210.300045101101
2937,12210.300045101101
2938,12260.83135761518
2939,12260.83135761518
2940,12260.83135761518
2941,12260.83135761518
2942,12304.527468314698
2943,12310.617069648804
2944,12351.274237807618
2945,12357.27273758445
2946,12359.862337619108
2947,12359.862337619108
2948,12359.862337619108
2949,12359.862337619108
2950,12359.862337619108
2951,12359.862337619108
2952,12359.862337619108
2953,12359.862337619108
2954,12359.862337619108
2955,12359.862337619108
2956,12359.862337619108
2957,12359.862337619108
2958,12359.862337619108
2959,12359.862337619108
2960,12359.862337619108
2961,12359.862337619108
2962,12359.862337619108
2963,12362.504828621513
2964,12362.504828621513
2965,12362.504828621513
2966,12362.504828621513
2967,12362.504828621513
2968,12362.504828621513
2969,12362.740071014763
2970,12362.740071014763
2971,12362.740071014763
2972,12362.740071014763
2973,12362.740071014763
2974,12362.740071014763
2975,12362.740071014763
2976,12362.740071014763
2977,12362.740071014763
2978,12362.740071014763
2979,12362.740071014763
2980,12362.740071014763
2981,12362.740071014763
2982,12362.740071014763
2983,12365.746169541553
2984,12365.746169541553
2985,12368.152754528275
2986,12370.256016007936
2987,12370.256016007936
2988,12370.256016007936
2989,12370.256016007936
2990,12370.256016007936
2991,12370.256016007936
2992,12372.385618546632
2993,12372.385618546632
2994,12372.385618546632
2995,12375.174422401808
2996,12376.87700740068
2997,12376.87700740068
2998,12376.87700740068
2999,12376.87700740068
3000,12376.87700740068
3001,12376.87700740068
3002,12376.87700740068
3003,12376.87700740068
3004,12376.87700740068
3005,12381.103516520685
3006,12381.103516520685
3007,12381.603516520685
3008,12381.987776205126
3009,12381.987776205126
3010,12381.987776205126
3011,12381.987776205126
3012,12381.987776205126
3013,12389.521721226502
3014,12389.521721226502
3015,12389.521721226502
3016,12389.521721226502
3017,12389.521721226502
3018,12389.521721226502
3019,12389.521721226502
3020,12389.521721226502
3021,12389.521721226502
3022,12389.521721226502
3023,12393.000214782805
3024,12393.000214782805
3025,12393.000214782805
3026,12393.000214782805
3027,12393.000214782805
3028,12393.000214782805
3029,12429.028537785525
3030,12429.028537785525
3031,12434.17744382154
3032,12434.17744382154
3033,12434.17744382154
3034,12434.17744382154
3035,12434.17744382154
3036,12435.56463739429
3037,12445.979705450607
3038,12446.879060972831
3039,12451.755377155554
3040,12451.755377155554
3041,12451.755377155554
3042,12464.59080114175
3043,12480.809964791786
3044,12480.809964791786
3045,12480.809964791786
3046,12480.809964791786
3047,12483.804365780486
3048,12483.804365780486
3049,12483.804365780486
3050,12492.007684354747
3051,12495.711404029973
3052,12495.711404029973
3053,12495.711404029973
3054,12539.118247164226
3055,12539.118247164226
3056,12548.230989734177
3057,12548.230989734177
3058,12548.230989734177
3059,12548.230989734177
3060,12548.230989734177
3061,12548.230989734177
3062,12548.230989734177
3063,12566.56446259367
3064,12575.141849810938
3065,12583.814626420692
3066,12583.814626420692
3067,12586.31746423148
3068,12586.31746423148
3069,12586.31746423148
3070,12586.31746423148
3071,12586.31746423148
3072,12586.31746423148
3073,12586.31746423148
3074,12586.31746423148
3075,12586.31746423148
3076,12586.31746423148
3077,12586.31746423148
3078,12612.705289123169
3079,12612.705289123169
3080,12612.705289123169
3081,12612.705289123169
3082,12625.584971993034
3083,12655.125361943183
3084,12673.745744665044
3085,12673.745744665044
3086,12684.696810185522
3087,12684.696810185522
3088,12684.696810185522
3089,12684.696810185522
3090,12684.696810185522
3091,12684.696810185522
3092,12698.710787028775
3093,12712.505710674113
3094,12712.505710674113
3095,12712.505710674113
3096,12712.505710674113
3097,12712.505710674113
3098,12723.533766297785
3099,12730.689902816597
3100,12730.689902816597
3101,12730.689902816597
3102,12730.689902816597
3103,12730.689902816597
3104,12730.689902816597
3105,12730.689902816597
3106,12730.689902816597
3107,12730.689902816597
3108,12730.689902816597
3109,12736.415064555213
3110,12736.415064555213
3111,12745.367730086982
3112,12745.367730086982
3113,12745.367730086982
3114,12745.367730086982
3115,12745.367730086982
3116,12745.367730086982
3117,12745.367730086982
3118,12768.445601585516
3119,12768.445601585516
3120,12768.445601585516
3121,12768.445601585516
3122,12777.879521224617
3123,12777.879521224617
3124,12801.582618041924
3125,12801.582618041924
3126,12801.582618041924
3127,12801.582618041924
3128,12801.582618041924
3129,12801.582618041924
3130,12801.582618041924
3131,12801.582618041924
3132,12814.396031180328
3133,12814.396031180328
3134,12814.396031180328
3135,12814.396031180328
3136,12814.396031180328
3137,12814.396031180328
3138,12814.396031180328
3139,12820.934997872639
3140,12820.934997872639
3141,12820.934997872639
3142,12825.011292216246
3143,12825.011292216246
3144,12825.011292216246
3145,12844.413797877714
3146,12844.413797877714
3147,12844.413797877714
3148,12844.413797877714
3149,12844.413797877714
3150,12844.413797877714
3151,12859.616231229755
3152,12859.616231229755
3153,12859.616231229755
3154,12859.616231229755
3155,12859.616231229755
3156,12859.616231229755
3157,12864.734147196355
3158,12871.751989044913
3159,12871.751989044913
3160,12871.751989044913
3161,12871.751989044913
3162,12871.751989044913
3163,12881.942133513567
3164,12888.450101146827
3165,12888.450101146827
3166,12888.450101146827
3167,12888.450101146827
3168,12889.44947991741
3169,12889.44947991741
3170,12889.44947991741
3171,12889.44947991741
3172,12889.44947991741
3173,12889.44947991741
3174,12889.44947991741
3175,12889.44947991741
3176,12889.44947991741
3177,12889.44947991741
3178,12889.44947991741
3179,12889.44947991741
3180,12895.657198318584
3181,12895.657198318584
3182,12895.657198318584
3183,12895.657198318584
3184,12895.657198318584
3185,12895.657198318584
3186,12895.657198318584
3187,12895.657198318584
3188,12895.657198318584
3189,12898.46300445155
3190,12898.46300445155
3191,12898.46300445155
3192,12898.46300445155
3193,12905.271872488556
3194,12906.676312198813
3195,12910.705611029944
3196,12910.705611029944
3197,12910.705611029944
3198,12910.705611029944
3199,12910.705611029944
3200,12910.705611029944
3201,12910.705611029944
3202,12910.705611029944
3203,12910.705611029944
3204,12910.705611029944
3205,12926.045860794013
3206,12926.045860794013
3207,12939.13169274032
3208,12939.13169274032
3209,12939.13169274032
3210,12949.626132172429
3211,12953.437950328725
3212,12953.437950328725
3213,12953.437950328725
3214,12958.393811769969
3215,12958.393811769969
3216,12967.676870779973
3217,12967.676870779973
3218,12967.676870779973
3219,12967.676870779973
3220,12967.676870779973
3221,12967.676870779973
3222,12967.676870779973
3223,12967.676870779973
3224,12967.676870779973
3225,12967.676870779973
3226,12967.676870779973
3227,12967.676870779973
3228,12983.815790931929
3229,12983.815790931929
3230,12983.815790931929
3231,12983.815790931929
3232,12994.329394542061
3233,12994.329394542061
3234,12994.329394542061
3235,12994.329394542061
3236,12994.329394542061
3237,12994.329394542061
3238,13026.427395354944
3239,13026.427395354944
3240,13052.198513617928
3241,13061.59611037882
3242,13070.514811040843
3243,13070.514811040843
3244,13070.514811040843
3245,13074.532929624793
3246,13074.532929624793
3247,13074.532929624793
3248,13074.532929624793
3249,13074.532929624793
3250,13074.532929624793
3251,13074.532929624793
3252,13074.532929624793
3253,13074.532929624793
3254,13112.667888276555
3255,13112.667888276555
3256,13112.667888276555
3257,13112.667888276555
3258,13112.667888276555
3259,13112.667888276555
3260,13123.861943584852
3261,13124.85349730712
3262,13124.85349730712
3263,13124.85349730712
3264,13124.85349730712
3265,13124.85349730712
3266,13126.332878207739
3267,13126.332878207739
3268,13126.332878207739
3269,13126.332878207739
3270,13126.332878207739
3271,13126.332878207739
3272,13126.332878207739
3273,13151.236857072625
3274,13189.161436504199
3275,13208.227433234142
3276,13208.227433234142
3277,13218.662405166679
3278,13218.662405166679
3279,13218.662405166679
3280,13218.662405166679
3281,13218.662405166679
3282,13218.662405166679
3283,13218.662405166679
3284,13218.662405166679
3285,13236.170036128247
3286,13236.170036128247
3287,13253.261993810138
3288,13253.261993810138
3289,13253.261993810138
3290,13253.261993810138
3291,13262.837403322703
3292,13262.837403322703
3293,13262.837403322703
3294,13262.837403322703
3295,13262.837403322703
3296,13262.837403322703
3297,13272.94802257879
3298,13272.94802257879
3299,13272.94802257879
3300,13272.94802257879
3301,13272.94802257879
3302,13272.94802257879
3303,13272.94802257879
3304,13272.94802257879
3305,13272.94802257879
3306,13272.94802257879
3307,13272.94802257879
3308,13272.94802257879
3309,13272.94802257879
3310,13278.540236935214
3311,13278.540236935214
3312,13278.540236935214
3313,13278.540236935214
3314,13278.540236935214
3315,13482.9387135992
3316,13482.9387135992
3317,13482.9387135992
3318,13488.24541649727
3319,13488.24541649727
3320,13488.24541649727
3321,13488.24541649727
3322,13488.24541649727
3323,13488.24541649727
3324,13488.24541649727
3325,13490.523975673555
3326,13490.523975673555
3327,13490.523975673555
3328,13495.558387688801
3329,13495.558387688801
3330,13497.620556686596
3331,13497.620556686596
3332,13497.620556686596
3333,13497.620556686596
3334,13499.89512378929
3335,13500.69512378929
3336,13500.69512378929
3337,13500.69512378929
3338,13502.509262346726
3339,13502.509262346726
3340,13502.509262346726
3341,13502.509262346726
3342,13502.509262346726
3343,13502.509262346726
3344,13502.509262346726
3345,13502.509262346726
3346,13502.509262346726
3347,13502.509262346726
3348,13502.509262346726
3349,13502.509262346726
3350,13502.509262346726
3351,13521.800402181545
3352,13521.800402181545
3353,13521.800402181545
3354,13521.800402181545
3355,13521.800402181545
3356,13521.800402181545
3357,13521.800402181545
3358,13521.800402181545
3359,13521.800402181545
3360,13553.583957079143
3361,13553.583957079143
3362,13553.583957079143
3363,13553.583957079143
3364,13553.583957079143
3365,13553.583957079143
3366,13553.583957079143
3367,13553.583957079143
3368,13553.583957079143
3369,13553.834562453509
3370,13553.834562453509
3371,13553.834562453509
3372,13553.834562453509
3373,13553.834562453509
3374,13553.834562453509
3375,13553.834562453509
3376,13558.350027999424
3377,13558.350027999424
3378,13558.350027999424
3379,13558.350027999424
3380,13558.991156199641
3381,13565.282414657231
3382,13565.282414657231
3383,13565.282414657231
3384,13571.387131245045
3385,13575.403082493203
3386,13575.403082493203
3387,13575.403082493203
3388,13579.118011851842
3389,13579.118011851842
3390,13579.118011851842
3391,13579.118011851842
3392,13579.118011851842
3393,13579.118011851842
3394,13579.118011851842
3395,13579.118011851842
3396,13579.118011851842
3397,13579.118011851842
3398,13579.118011851842
3399,13579.118011851842
3400,13579.118011851842
3401,13579.118011851842
3402,13579.118011851842
3403,13579.118011851842
3404,13579.118011851842
3405,13579.118011851842
3406,13579.118011851842
3407,13582.680931802824
3408,13586.514566719889
3409,13586.514566719889
3410,13586.514566719889
3411,13586.514566719889
3412,13586.514566719889
3413,13586.514566719889
3414,13586.514566719889
3415,13586.514566719889
3416,13586.514566719889
3417,13586.514566719889
3418,13586.514566719889
3419,13586.514566719889
3420,13586.514566719889
3421,13586.514566719889
3422,13586.514566719889
3423,13586.514566719889
3424,13586.514566719889
3425,13586.514566719889
3426,13586.514566719889
3427,13586.514566719889
3428,13596.191160804465
3429,13596.191160804465
3430,13596.191160804465
3431,13596.191160804465
3432,13596.191160804465
3433,13596.191160804465
3434,13596.191160804465
3435,13596.191160804465
3436,13596.191160804465
3437,13596.191160804465
3438,13596.191160804465
3439,13596.191160804465
3440,13596.191160804465
3441,13596.191160804465
3442,13596.191160804465
3443,13596.191160804465
3444,13596.191160804465
3445,13596.191160804465
3446,13596.191160804465
3447,13597.429336843223
3448,13597.429336843223
3449,13597.429336843223
3450,13597.429336843223
3451,13597.429336843223
3452,13597.429336843223
3453,13597.429336843223
3454,13601.958537326314
3455,13601.958537326314
3456,13601.958537326314
3457,13617.968407395463
3458,13617.968407395463
3459,13617.968407395463
3460,13624.861406684679
3461,13624.861406684679
3462,13624.861406684679
3463,13624.861406684679
3464,13633.27952155212
3465,13633.27952155212
3466,13633.27952155212
3467,13633.27952155212
3468,13633.27952155212
3469,13638.21616676656
3470,13638.21616676656
3471,13638.21616676656
3472,13638.21616676656
3473,13638.21616676656
3474,13638.21616676656
3475,13638.21616676656
3476,13638.21616676656
3477,13638.21616676656
3478,13638.21616676656
3479,13644.301686399935
3480,13644.301686399935
3481,13644.701686399934
3482,13644.701686399934
3483,13644.701686399934
3484,13644.701686399934
3485,13644.701686399934
3486,13644.701686399934
3487,13644.701686399934
3488,13644.701686399934
3489,13644.701686399934
3490,13644.701686399934
3491,13644.701686399934
3492,13644.701686399934
3493,13644.701686399934
3494,13644.701686399934
3495,13644.701686399934
3496,13644.701686399934
3497,13644.701686399934
3498,13644.701686399934
3499,13644.701686399934
3500,13644.701686399934
3501,13644.701686399934
3502,13644.701686399934
3503,13644.701686399934
3504,13644.701686399934
3505,13644.701686399934
3506,13644.701686399934
3507,13644.701686399934
3508,13644.701686399934
3509,13650.51435642804
3510,13650.51435642804
3511,13650.51435642804
3512,13650.51435642804
3513,13657.336599537115
3514,13657.336599537115
3515,13664.541277884446
3516,13664.541277884446
3517,13664.541277884446
3518,13664.541277884446
3519,13664.541277884446
3520,13705.126163558165
3521,13715.965745665057
3522,13715.965745665057
3523,13723.278755969934
3524,13723.278755969934
3525,13723.278755969934
3526,13723.278755969934
3527,13723.278755969934
3528,13723.278755969934
3529,13723.278755969934
3530,13723.278755969934
3531,13731.194350567674
3532,13731.194350567674
3533,13731.194350567674
3534,13731.194350567674
3535,13731.194350567674
3536,13731.194350567674
3537,13731.194350567674
3538,13731.194350567674
3539,13731.194350567674
3540,13731.194350567674
3541,13736.170675058176
3542,13736.170675058176
3543,13736.170675058176
3544,13736.170675058176
3545,13736.170675058176
3546,13736.170675058176
3547,13746.569535182085
3548,13746.569535182085
3549,13746.569535182085
3550,13746.569535182085
3551,13746.569535182085
3552,13746.569535182085
3553,13746.569535182085
3554,13746.569535182085
3555,13754.466929549948
3556,13754.466929549948
3557,13754.466929549948
3558,13754.466929549948
3559,13754.466929549948
3560,13754.466929549948
3561,13754.466929549948
3562,13754.466929549948
3563,13754.466929549948
3564,13758.351631117883
3565,13758.351631117883
3566,13758.351631117883
3567,13758.351631117883
3568,13758.351631117883
3569,13758.351631117883
3570,13765.48603204963
3571,13765.48603204963
3572,13765.48603204963
3573,13765.48603204963
3574,13765.48603204963
3575,13765.48603204963
3576,13765.48603204963
3577,13765.48603204963
3578,13765.48603204963
3579,13765.48603204963
3580,13765.48603204963
3581,13765.48603204963
3582,13765.48603204963
3583,13765.48603204963
3584,13765.48603204963
3585,13765.48603204963
3586,13765.48603204963
3587,13765.48603204963
3588,13765.48603204963
3589,13765.48603204963
3590,13765.48603204963
3591,13765.48603204963
3592,13765.48603204963
3593,13765.48603204963
3594,13765.48603204963
3595,13765.48603204963
3596,13771.402882630286
3597,13771.402882630286
3598,13771.402882630286
