Time,Junction 1 stop delay
0,0.0
1,0.0
2,0.0
3,0.0
4,0.0
5,0.0
6,0.0
7,0.0
8,0.0
9,0.0
10,0.0
11,0.0
12,0.0
13,0.0
14,0.0
15,0.0
16,0.0
17,0.0
18,0.0
19,0.0
20,0.0
21,0.0
22,0.0
23,0.0
24,0.0
25,0.0
26,0.0
27,0.0
28,0.0
29,0.0
30,0.0
31,0.0
32,0.0
33,0.0
34,0.0
35,0.0
36,0.0
37,0.0
38,0.0
39,0.0
40,0.0
41,0.0
42,0.0
43,0.0
44,0.0
45,0.0
46,0.0
47,0.0
48,0.0
49,0.0
50,0.0
51,0.0
52,0.0
53,0.0
54,0.0
55,0.0
56,0.0
57,0.0
58,0.0
59,0.0
60,0.0
61,0.0
62,2.6982166419274103
63,2.6982166419274103
64,2.6982166419274103
65,2.6982166419274103
66,2.6982166419274103
67,2.6982166419274103
68,2.6982166419274103
69,2.6982166419274103
70,2.6982166419274103
71,2.6982166419274103
72,2.6982166419274103
73,2.6982166419274103
74,2.6982166419274103
75,2.6982166419274103
76,2.6982166419274103
77,2.6982166419274103
78,6.031826142436552
79,6.031826142436552
80,6.031826142436552
81,6.031826142436552
82,6.031826142436552
83,6.031826142436552
84,6.031826142436552
85,6.031826142436552
86,6.031826142436552
87,6.031826142436552
88,6.031826142436552
89,6.031826142436552
90,6.031826142436552
91,6.031826142436552
92,6.031826142436552
93,6.031826142436552
94,6.031826142436552
95,6.031826142436552
96,6.031826142436552
97,6.031826142436552
98,6.031826142436552
99,6.031826142436552
100,6.031826142436552
101,6.031826142436552
102,6.031826142436552
103,9.67045218092768
104,9.67045218092768
105,9.67045218092768
106,9.67045218092768
107,9.67045218092768
108,9.67045218092768
109,9.67045218092768
110,9.67045218092768
111,9.67045218092768
112,9.67045218092768
113,9.67045218092768
114,9.67045218092768
115,11.868801876768032
116,11.868801876768032
117,11.868801876768032
118,11.868801876768032
119,11.868801876768032
120,11.868801876768032
121,11.868801876768032
122,11.868801876768032
123,11.868801876768032
124,11.868801876768032
125,11.868801876768032
126,11.868801876768032
127,11.868801876768032
128,11.960328281427634
129,11.960328281427634
130,11.960328281427634
131,11.960328281427634
132,11.960328281427634
133,11.960328281427634
134,11.960328281427634
135,11.960328281427634
136,11.960328281427634
137,11.960328281427634
138,11.960328281427634
139,11.960328281427634
140,11.960328281427634
141,11.960328281427634
142,11.960328281427634
143,13.546056847851267
144,13.546056847851267
145,13.546056847851267
146,13.546056847851267
147,13.546056847851267
148,13.546056847851267
149,13.546056847851267
150,13.546056847851267
151,13.546056847851267
152,13.546056847851267
153,13.546056847851267
154,14.85269934779281
155,20.348967169308615
156,20.348967169308615
157,20.348967169308615
158,20.348967169308615
159,20.348967169308615
160,20.348967169308615
161,20.348967169308615
162,20.348967169308615
163,20.348967169308615
164,20.348967169308615
165,20.348967169308615
166,20.348967169308615
167,20.348967169308615
168,20.348967169308615
169,20.348967169308615
170,20.348967169308615
171,20.348967169308615
172,20.348967169308615
173,20.348967169308615
174,20.348967169308615
175,20.348967169308615
176,20.348967169308615
177,20.348967169308615
178,20.348967169308615
179,20.348967169308615
180,20.348967169308615
181,20.348967169308615
182,20.348967169308615
183,20.348967169308615
184,20.749583442108346
185,20.749583442108346
186,20.749583442108346
187,20.749583442108346
188,20.749583442108346
189,20.749583442108346
190,20.749583442108346
191,20.749583442108346
192,20.749583442108346
193,20.749583442108346
194,20.749583442108346
195,20.749583442108346
196,28.949125295839067
197,28.949125295839067
198,28.949125295839067
199,28.949125295839067
200,28.949125295839067
201,49.27246564357076
202,49.27246564357076
203,49.27246564357076
204,49.27246564357076
205,49.27246564357076
206,49.27246564357076
207,49.27246564357076
208,49.27246564357076
209,49.27246564357076
210,49.27246564357076
211,49.27246564357076
212,49.27246564357076
213,49.27246564357076
214,49.27246564357076
215,49.27246564357076
216,65.87323478161052
217,65.87323478161052
218,65.87323478161052
219,65.87323478161052
220,65.87323478161052
221,65.87323478161052
222,65.87323478161052
223,65.87323478161052
224,65.87323478161052
225,65.87323478161052
226,80.85271350266045
227,80.85271350266045
228,80.85271350266045
229,80.85271350266045
230,80.85271350266045
231,89.45246866181901
232,90.9772806604033
233,90.9772806604033
234,90.9772806604033
235,90.9772806604033
236,90.9772806604033
237,90.9772806604033
238,90.9772806604033
239,90.9772806604033
240,90.9772806604033
241,90.9772806604033
242,90.9772806604033
243,104.01870939307571
244,104.01870939307571
245,107.719357243839
246,107.719357243839
247,108.41434560597551
248,108.41434560597551
249,108.41434560597551
250,108.41434560597551
251,108.41434560597551
252,108.41434560597551
253,108.41434560597551
254,108.41434560597551
255,108.41434560597551
256,121.92161588238775
257,121.92161588238775
258,124.2457574000376
259,124.2457574000376
260,124.2457574000376
261,124.2457574000376
262,124.2457574000376
263,124.2457574000376
264,124.2457574000376
265,124.2457574000376
266,124.2457574000376
267,124.2457574000376
268,124.2457574000376
269,133.62342029983344
270,133.62342029983344
271,134.02342029983345
272,134.02342029983345
273,134.02342029983345
274,134.02342029983345
275,134.02342029983345
276,134.02342029983345
277,134.02342029983345
278,134.02342029983345
279,134.02342029983345
280,134.02342029983345
281,134.02342029983345
282,134.02342029983345
283,150.0509308956366
284,150.0509308956366
285,150.0509308956366
286,154.08065780346578
287,154.08065780346578
288,154.08065780346578
289,154.08065780346578
290,154.08065780346578
291,154.08065780346578
292,154.08065780346578
293,154.08065780346578
294,154.08065780346578
295,154.08065780346578
296,154.08065780346578
297,154.08065780346578
298,154.08065780346578
299,154.08065780346578
300,154.08065780346578
301,154.08065780346578
302,154.08065780346578
303,154.08065780346578
304,154.08065780346578
305,154.08065780346578
306,154.08065780346578
307,154.08065780346578
308,154.08065780346578
309,154.08065780346578
310,154.08065780346578
311,154.08065780346578
312,154.08065780346578
313,154.08065780346578
314,154.08065780346578
315,154.08065780346578
316,155.71983131735638
317,155.71983131735638
318,155.71983131735638
319,155.71983131735638
320,155.71983131735638
321,155.71983131735638
322,155.71983131735638
323,155.71983131735638
324,155.71983131735638
325,155.71983131735638
326,155.71983131735638
327,155.71983131735638
328,155.71983131735638
329,155.71983131735638
330,155.71983131735638
331,155.71983131735638
332,155.71983131735638
333,155.71983131735638
334,155.71983131735638
335,155.71983131735638
336,155.71983131735638
337,158.4347959692694
338,167.8127476576796
339,167.8127476576796
340,167.8127476576796
341,167.8127476576796
342,168.0127476576796
343,168.0127476576796
344,168.0127476576796
345,171.88954413313232
346,171.88954413313232
347,171.88954413313232
348,171.88954413313232
349,171.88954413313232
350,171.88954413313232
351,171.88954413313232
352,171.88954413313232
353,171.88954413313232
354,178.8973093916204
355,178.8973093916204
356,178.8973093916204
357,181.67687759346776
358,181.67687759346776
359,181.67687759346776
360,181.67687759346776
361,181.67687759346776
362,181.67687759346776
363,181.67687759346776
364,181.67687759346776
365,181.67687759346776
366,181.67687759346776
367,181.67687759346776
368,181.67687759346776
369,181.67687759346776
370,181.67687759346776
371,181.67687759346776
372,181.67687759346776
373,181.67687759346776
374,181.67687759346776
375,185.51559339415053
376,185.51559339415053
377,185.51559339415053
378,188.70915781663766
379,189.30279345730915
380,189.30279345730915
381,189.30279345730915
382,189.30279345730915
383,189.30279345730915
384,189.30279345730915
385,189.30279345730915
386,189.30279345730915
387,189.30279345730915
388,189.30279345730915
389,189.30279345730915
390,189.30279345730915
391,189.30279345730915
392,189.30279345730915
393,194.9384439232608
394,194.9384439232608
395,194.9384439232608
396,194.9384439232608
397,194.9384439232608
398,194.9384439232608
399,194.9384439232608
400,194.9384439232608
401,197.24409861402634
402,197.24409861402634
403,208.32460113593626
404,208.32460113593626
405,208.32460113593626
406,208.32460113593626
407,208.32460113593626
408,208.32460113593626
409,208.32460113593626
410,208.32460113593626
411,208.32460113593626
412,208.32460113593626
413,208.32460113593626
414,212.53009721397754
415,212.53009721397754
416,212.53009721397754
417,212.53009721397754
418,213.07045235452853
419,213.07045235452853
420,213.07045235452853
421,213.07045235452853
422,213.07045235452853
423,213.07045235452853
424,213.07045235452853
425,213.07045235452853
426,213.07045235452853
427,213.07045235452853
428,213.07045235452853
429,216.9038112049302
430,221.10998765190823
431,221.30998765190822
432,221.30998765190822
433,221.30998765190822
434,221.30998765190822
435,221.30998765190822
436,242.8463779118347
437,242.8463779118347
438,242.8463779118347
439,242.8463779118347
440,242.8463779118347
441,243.2463779118347
442,243.2463779118347
443,258.26903298259094
444,258.26903298259094
445,266.1460346167465
446,273.6493969862931
447,273.6493969862931
448,273.6493969862931
449,273.6493969862931
450,273.6493969862931
451,273.6493969862931
452,273.6493969862931
453,273.6493969862931
454,273.6493969862931
455,273.6493969862931
456,273.6493969862931
457,273.6493969862931
458,273.6493969862931
459,276.9706357193547
460,276.9706357193547
461,276.9706357193547
462,276.9706357193547
463,276.9706357193547
464,276.9706357193547
465,281.2699319261312
466,281.2699319261312
467,281.2699319261312
468,281.2699319261312
469,282.91809177008116
470,282.91809177008116
471,282.91809177008116
472,282.91809177008116
473,282.91809177008116
474,282.91809177008116
475,282.91809177008116
476,282.91809177008116
477,282.91809177008116
478,282.91809177008116
479,285.61141174414394
480,285.61141174414394
481,285.61141174414394
482,285.61141174414394
483,291.04241701487985
484,291.04241701487985
485,291.04241701487985
486,291.04241701487985
487,291.04241701487985
488,291.04241701487985
489,291.04241701487985
490,291.04241701487985
491,291.04241701487985
492,291.04241701487985
493,291.04241701487985
494,363.57624721674614
495,363.57624721674614
496,363.57624721674614
497,379.0515049676773
498,379.0515049676773
499,380.9738353355399
500,380.9738353355399
501,380.9738353355399
502,380.9738353355399
503,380.9738353355399
504,380.9738353355399
505,380.9738353355399
506,419.67026913192245
507,419.67026913192245
508,419.67026913192245
509,419.67026913192245
510,419.67026913192245
511,419.67026913192245
512,419.67026913192245
513,419.67026913192245
514,432.2465223938037
515,432.2465223938037
516,432.2465223938037
517,441.25455504680133
518,441.25455504680133
519,445.07492389195636
520,449.6120416823762
521,449.6120416823762
522,449.6120416823762
523,449.6120416823762
524,449.6120416823762
525,449.6120416823762
526,449.6120416823762
527,449.6120416823762
528,474.51304432543435
529,474.51304432543435
530,490.94786925737804
531,507.3690168540819
532,507.3690168540819
533,507.3690168540819
534,507.3690168540819
535,507.3690168540819
536,507.3690168540819
537,507.3690168540819
538,507.3690168540819
539,522.6622364203677
540,522.6622364203677
541,522.6622364203677
542,532.7621131085742
543,536.778855564485
544,536.778855564485
545,544.2089780562227
546,544.2089780562227
547,544.2089780562227
548,544.2089780562227
549,544.2089780562227
550,544.2089780562227
551,556.3159930211563
552,556.3159930211563
553,562.3061838531038
554,562.3061838531038
555,566.7977128694721
556,566.7977128694721
557,573.9280024265003
558,573.9280024265003
559,573.9280024265003
560,573.9280024265003
561,573.9280024265003
562,585.9645180422002
563,585.9645180422002
564,596.9832965226799
565,596.9832965226799
566,598.0643525377459
567,598.0643525377459
568,605.760046854137
569,605.760046854137
570,605.760046854137
571,605.760046854137
572,605.760046854137
573,636.9355885493371
574,636.9355885493371
575,636.9355885493371
576,636.9355885493371
577,643.7630546982575
578,643.7630546982575
579,649.547349143648
580,652.9739314293546
581,652.9739314293546
582,652.9739314293546
583,652.9739314293546
584,652.9739314293546
585,652.9739314293546
586,652.9739314293546
587,652.9739314293546
588,653.6739314293546
589,653.6739314293546
590,653.6739314293546
591,667.3828024214782
592,679.9171791070703
593,680.3171791070703
594,681.4050446827952
595,681.4050446827952
596,681.4050446827952
597,681.4050446827952
598,681.4050446827952
599,681.4050446827952
600,681.4050446827952
601,681.4050446827952
602,681.4050446827952
603,681.4050446827952
604,690.5900235374405
605,698.6571461656997
606,698.6571461656997
607,711.843069279439
608,724.6352320805133
609,730.2338891709652
610,730.2338891709652
611,741.8275081632512
612,741.8275081632512
613,747.8685592460916
614,747.8685592460916
615,752.0641875939071
616,752.0641875939071
617,752.0641875939071
618,752.0641875939071
619,752.0641875939071
620,774.4890409178442
621,774.4890409178442
622,774.4890409178442
623,774.4890409178442
624,774.4890409178442
625,774.4890409178442
626,774.4890409178442
627,774.4890409178442
628,774.4890409178442
629,839.0668284497458
630,839.0668284497458
631,887.9754157641609
632,887.9754157641609
633,887.9754157641609
634,906.66052405665
635,918.0764642875622
636,918.0764642875622
637,921.6919681451188
638,922.4919681451188
639,922.4919681451188
640,922.4919681451188
641,922.4919681451188
642,922.4919681451188
643,922.4919681451188
644,922.4919681451188
645,940.1624587469754
646,940.1624587469754
647,941.1523131155485
648,941.1523131155485
649,941.1523131155485
650,941.1523131155485
651,941.1523131155485
652,941.1523131155485
653,941.1523131155485
654,941.1523131155485
655,969.5094833609677
656,969.5094833609677
657,969.5094833609677
658,969.5094833609677
659,969.5094833609677
660,969.5094833609677
661,969.5094833609677
662,969.5094833609677
663,969.5094833609677
664,969.5094833609677
665,969.5094833609677
666,969.5094833609677
667,969.5094833609677
668,984.7445481145793
669,984.7445481145793
670,984.7445481145793
671,984.7445481145793
672,984.7445481145793
673,984.7445481145793
674,997.2663676062907
675,997.2663676062907
676,1011.1826563736379
677,1011.1826563736379
678,1011.1826563736379
679,1011.1826563736379
680,1011.1826563736379
681,1011.1826563736379
682,1011.1826563736379
683,1011.1826563736379
684,1011.1826563736379
685,1011.1826563736379
686,1011.1826563736379
687,1011.1826563736379
688,1012.6539605183933
689,1012.6539605183933
690,1012.6539605183933
691,1012.6539605183933
692,1012.6539605183933
693,1012.6539605183933
694,1012.6539605183933
695,1012.6539605183933
696,1028.6770714036604
697,1041.9144449835387
698,1041.9144449835387
699,1041.9144449835387
700,1041.9144449835387
701,1041.9144449835387
702,1041.9144449835387
703,1041.9144449835387
704,1044.006339277927
705,1044.006339277927
706,1044.006339277927
707,1044.006339277927
708,1044.006339277927
709,1044.006339277927
710,1044.006339277927
711,1044.006339277927
712,1086.1792708220376
713,1086.1792708220376
714,1086.9792708220375
715,1086.9792708220375
716,1086.9792708220375
717,1086.9792708220375
718,1086.9792708220375
719,1086.9792708220375
720,1086.9792708220375
721,1086.9792708220375
722,1086.9792708220375
723,1090.6506955784903
724,1090.6506955784903
725,1090.6506955784903
726,1090.6506955784903
727,1090.6506955784903
728,1098.2799293566188
729,1098.2799293566188
730,1098.2799293566188
731,1098.2799293566188
732,1098.2799293566188
733,1098.2799293566188
734,1098.2799293566188
735,1117.6183921654265
736,1117.6183921654265
737,1117.6183921654265
738,1117.6183921654265
739,1117.6183921654265
740,1117.6183921654265
741,1117.6183921654265
742,1117.6183921654265
743,1117.6183921654265
744,1117.6183921654265
745,1117.6183921654265
746,1117.6183921654265
747,1120.7368500832692
748,1120.7368500832692
749,1120.7368500832692
750,1120.7368500832692
751,1122.8742488096082
752,1122.8742488096082
753,1122.8742488096082
754,1122.8742488096082
755,1122.8742488096082
756,1122.8742488096082
757,1129.6858337005265
758,1147.4672124559704
759,1147.4672124559704
760,1147.4672124559704
761,1147.4672124559704
762,1147.4672124559704
763,1156.7768909471658
764,1157.6451583623843
765,1157.6451583623843
766,1171.18510345308
767,1171.18510345308
768,1171.18510345308
769,1171.18510345308
770,1174.1013172017476
771,1176.207603865073
772,1176.207603865073
773,1183.4244489882426
774,1183.4244489882426
775,1197.537457904022
776,1197.537457904022
777,1197.537457904022
778,1197.537457904022
779,1197.537457904022
780,1197.537457904022
781,1197.537457904022
782,1209.1207241357051
783,1220.0402903141294
784,1220.0402903141294
785,1220.0402903141294
786,1220.0402903141294
787,1220.0402903141294
788,1220.0402903141294
789,1222.2608407527368
790,1222.2608407527368
791,1222.2608407527368
792,1222.2608407527368
793,1222.2608407527368
794,1222.2608407527368
795,1222.2608407527368
796,1246.4709710116751
797,1246.4709710116751
798,1254.275730723905
799,1254.275730723905
800,1254.275730723905
801,1264.186718566338
802,1270.6235306590752
803,1270.6235306590752
804,1270.6235306590752
805,1270.6235306590752
806,1270.6235306590752
807,1270.6235306590752
808,1270.6235306590752
809,1270.6235306590752
810,1282.9858603563841
811,1285.1877397725204
812,1292.2105045715907
813,1292.2105045715907
814,1292.2105045715907
815,1292.2105045715907
816,1292.2105045715907
817,1292.2105045715907
818,1292.2105045715907
819,1292.2105045715907
820,1292.2105045715907
821,1297.1953654838455
822,1301.8850218358825
823,1301.8850218358825
824,1301.8850218358825
825,1303.8420376990105
826,1303.8420376990105
827,1303.8420376990105
828,1303.8420376990105
829,1303.8420376990105
830,1303.8420376990105
831,1303.8420376990105
832,1303.8420376990105
833,1303.8420376990105
834,1303.8420376990105
835,1303.8420376990105
836,1319.624969857049
837,1319.624969857049
838,1335.223483430724
839,1349.6052889892878
840,1349.6052889892878
841,1349.6052889892878
842,1361.517569170567
843,1372.4545549364168
844,1372.4545549364168
845,1372.4545549364168
846,1390.6588352389902
847,1391.5188285327565
848,1485.7943952556523
849,1485.7943952556523
850,1485.7943952556523
851,1485.7943952556523
852,1510.256559412659
853,1538.1689612863022
854,1538.1689612863022
855,1547.6102206735784
856,1547.6102206735784
857,1557.491498791932
858,1567.1154973782398
859,1575.5718487951513
860,1579.102822754404
861,1579.202822754404
862,1579.202822754404
863,1579.802822754404
864,1579.802822754404
865,1579.802822754404
866,1579.802822754404
867,1579.802822754404
868,1579.802822754404
869,1579.802822754404
870,1579.802822754404
871,1579.9377415931033
872,1579.9377415931033
873,1579.9377415931033
874,1579.9377415931033
875,1579.9377415931033
876,1579.9377415931033
877,1588.7854666036658
878,1588.7854666036658
879,1588.7854666036658
880,1588.7854666036658
881,1588.7854666036658
882,1615.7872298440586
883,1615.7872298440586
884,1615.7872298440586
885,1615.7872298440586
886,1615.7872298440586
887,1618.585547046985
888,1620.2641884862198
889,1620.2641884862198
890,1620.2641884862198
891,1622.1387911691988
892,1622.1387911691988
893,1622.1387911691988
894,1622.1387911691988
895,1624.899994146299
896,1624.899994146299
897,1628.686990501044
898,1628.686990501044
899,1628.686990501044
900,1628.686990501044
901,1633.9354302190497
902,1633.9354302190497
903,1633.9354302190497
904,1633.9354302190497
905,1637.2343239655124
906,1637.2343239655124
907,1639.2041222419132
908,1639.2041222419132
909,1639.2041222419132
910,1639.2041222419132
911,1639.2041222419132
912,1639.2041222419132
913,1639.2041222419132
914,1657.769016925717
915,1657.769016925717
916,1658.6679504766425
917,1675.9178750170975
918,1675.9178750170975
919,1675.9178750170975
920,1675.9178750170975
921,1675.9178750170975
922,1675.9178750170975
923,1675.9178750170975
924,1675.9178750170975
925,1675.9178750170975
926,1675.9178750170975
927,1675.9178750170975
928,1679.7420337461233
929,1679.7420337461233
930,1680.4424100577448
931,1680.4424100577448
932,1680.4424100577448
933,1680.4424100577448
934,1680.4424100577448
935,1680.4424100577448
936,1680.6424100577449
937,1686.9329321634493
938,1692.5700718380822
939,1697.961384004507
940,1697.961384004507
941,1713.0645866041787
942,1713.0645866041787
943,1715.7615559825285
944,1727.0018694850216
945,1727.0018694850216
946,1737.355502314125
947,1737.355502314125
948,1737.355502314125
949,1737.355502314125
950,1769.866242011465
951,1790.5610962151445
952,1790.5610962151445
953,1790.5610962151445
954,1809.5712599908782
955,1809.5712599908782
956,1809.5712599908782
957,1813.4017430598994
958,1813.4017430598994
959,1822.0410858765836
960,1838.3019487507113
961,1838.4019487507112
962,1874.080311585995
963,1874.080311585995
964,1902.2155541087413
965,1913.514270138607
966,1926.9146418055407
967,1959.3211737126915
968,1967.2354836665602
969,1967.2354836665602
970,1967.2354836665602
971,1967.2354836665602
972,1967.2354836665602
973,1967.2354836665602
974,1967.2354836665602
975,1967.2354836665602
976,1967.2354836665602
977,1967.2354836665602
978,1967.2354836665602
979,1967.2354836665602
980,1967.2354836665602
981,1986.8276021337517
982,2006.2320818748062
983,2006.2320818748062
984,2009.420087813823
985,2013.5396940923104
986,2013.5396940923104
987,2017.602437587282
988,2017.602437587282
989,2021.5410386700992
990,2021.5410386700992
991,2021.5410386700992
992,2021.5410386700992
993,2021.5410386700992
994,2022.5410386700992
995,2027.2239741652375
996,2031.6155347653098
997,2038.1387653991671
998,2038.1387653991671
999,2038.1387653991671
1000,2039.3171855473668
1001,2040.3201097574224
1002,2040.3201097574224
1003,2041.51271314824
1004,2041.81271314824
1005,2043.6344626340292
1006,2093.326219161721
1007,2093.326219161721
1008,2110.476883957098
1009,2110.476883957098
1010,2134.6417073872108
1011,2134.6417073872108
1012,2134.6417073872108
1013,2172.0767287924223
1014,2184.01723346626
1015,2184.01723346626
1016,2184.01723346626
1017,2184.01723346626
1018,2184.01723346626
1019,2238.8111141287322
1020,2238.8111141287322
1021,2238.8111141287322
1022,2241.018805386585
1023,2241.018805386585
1024,2241.018805386585
1025,2265.425942183347
1026,2278.1378905967617
1027,2281.7388369570313
1028,2281.7388369570313
1029,2283.3031474614413
1030,2296.496848451205
1031,2296.496848451205
1032,2296.496848451205
1033,2305.078261097921
1034,2306.7804111581836
1035,2306.7804111581836
1036,2309.4143693324318
1037,2309.4143693324318
1038,2309.4143693324318
1039,2309.4143693324318
1040,2309.4143693324318
1041,2309.4143693324318
1042,2316.607390668836
1043,2323.8384932462295
1044,2330.215975511938
1045,2330.215975511938
1046,2337.3052006740477
1047,2337.3052006740477
1048,2346.601343772243
1049,2346.601343772243
1050,2353.815245181861
1051,2363.914768367971
1052,2370.3266979878285
1053,2373.0702965893724
1054,2374.10611603518
1055,2374.10611603518
1056,2374.10611603518
1057,2379.7292941036676
1058,2379.7292941036676
1059,2379.7292941036676
1060,2379.7292941036676
1061,2379.7292941036676
1062,2379.7292941036676
1063,2379.7292941036676
1064,2379.7292941036676
1065,2379.7292941036676
1066,2379.7292941036676
1067,2379.7292941036676
1068,2379.7292941036676
1069,2460.8162476228363
1070,2465.314553957043
1071,2521.4996797560902
1072,2566.9358105528236
1073,2566.9358105528236
1074,2566.9358105528236
1075,2566.9358105528236
1076,2566.9358105528236
1077,2566.9358105528236
1078,2572.537507565617
1079,2627.6503997789277
1080,2627.6503997789277
1081,2627.6503997789277
1082,2662.3541899051816
1083,2672.991190339627
1084,2672.991190339627
1085,2672.991190339627
1086,2678.1042084446085
1087,2680.95456857609
1088,2680.95456857609
1089,2685.702995136912
1090,2689.9000844660964
1091,2689.9000844660964
1092,2689.9000844660964
1093,2689.9000844660964
1094,2689.9000844660964
1095,2689.9000844660964
1096,2689.9000844660964
1097,2689.9000844660964
1098,2689.9000844660964
1099,2689.9000844660964
1100,2689.9000844660964
1101,2703.9833948722835
1102,2703.9833948722835
1103,2704.4833948722835
1104,2715.062801780188
1105,2715.062801780188
1106,2715.062801780188
1107,2715.062801780188
1108,2715.062801780188
1109,2715.062801780188
1110,2731.3890251301714
1111,2731.3890251301714
1112,2731.3890251301714
1113,2741.486820578003
1114,2823.8641280665383
1115,2823.8641280665383
1116,2873.640379553939
1117,2873.640379553939
1118,2873.640379553939
1119,2873.640379553939
1120,2873.640379553939
1121,2873.640379553939
1122,2873.640379553939
1123,2873.640379553939
1124,2873.640379553939
1125,2873.640379553939
1126,2873.640379553939
1127,2873.640379553939
1128,2873.640379553939
1129,2876.363280075973
1130,2892.2819842994327
1131,2899.0535503297924
1132,2907.9570742578417
1133,2907.9570742578417
1134,2909.1674729632296
1135,2911.849832588147
1136,2911.849832588147
1137,2911.849832588147
1138,2911.849832588147
1139,2911.849832588147
1140,2912.248664710574
1141,2912.248664710574
1142,2912.248664710574
1143,2912.248664710574
1144,2937.0691723085424
1145,2956.0382353453547
1146,2956.0382353453547
1147,2980.2148099347964
1148,3015.5145997871946
1149,3015.5145997871946
1150,3029.497749816605
1151,3049.0126873980785
1152,3049.0126873980785
1153,3059.825459980402
1154,3059.825459980402
1155,3085.760715735594
1156,3085.760715735594
1157,3085.760715735594
1158,3085.760715735594
1159,3090.1707521064236
1160,3090.1707521064236
1161,3111.167444702446
1162,3111.167444702446
1163,3128.9948786206783
1164,3128.9948786206783
1165,3133.6864606439517
1166,3133.6864606439517
1167,3133.6864606439517
1168,3133.6864606439517
1169,3133.6864606439517
1170,3133.6864606439517
1171,3165.0763788908944
1172,3165.0763788908944
1173,3165.0763788908944
1174,3165.0763788908944
1175,3192.502681432164
1176,3192.502681432164
1177,3214.018615359437
1178,3228.4279460520584
1179,3234.703480815878
1180,3243.5070903775077
1181,3247.6582912427957
1182,3247.6582912427957
1183,3247.6582912427957
1184,3247.6582912427957
1185,3247.6582912427957
1186,3247.6582912427957
1187,3247.6582912427957
1188,3247.6582912427957
1189,3247.6582912427957
1190,3247.6582912427957
1191,3247.6582912427957
1192,3247.6582912427957
1193,3304.5807935740436
1194,3304.5807935740436
1195,3304.5807935740436
1196,3304.5807935740436
1197,3327.9339515046577
1198,3351.817526544493
1199,3351.817526544493
1200,3371.9168057674938
1201,3371.9168057674938
1202,3371.9168057674938
1203,3404.102035134687
1204,3404.102035134687
1205,3408.714588016897
1206,3460.363462019789
1207,3460.363462019789
1208,3462.382668527375
1209,3466.65809905508
1210,3466.65809905508
1211,3466.65809905508
1212,3466.65809905508
1213,3472.4160982027897
1214,3472.4160982027897
1215,3486.712276758942
1216,3486.712276758942
1217,3490.3028215434606
1218,3492.778307576013
1219,3492.778307576013
1220,3492.778307576013
1221,3492.778307576013
1222,3492.778307576013
1223,3492.778307576013
1224,3492.778307576013
1225,3492.778307576013
1226,3492.778307576013
1227,3492.778307576013
1228,3503.25851099209
1229,3510.3493439391063
1230,3520.951103548415
1231,3520.951103548415
1232,3528.628902088142
1233,3535.840780669411
1234,3540.7658588047057
1235,3549.9112011934008
1236,3549.9112011934008
1237,3558.1366464491607
1238,3558.1366464491607
1239,3563.0588280539014
1240,3567.8334623606397
1241,3567.8334623606397
1242,3567.8334623606397
1243,3567.8334623606397
1244,3567.8334623606397
1245,3567.8334623606397
1246,3567.8334623606397
1247,3567.8334623606397
1248,3567.8334623606397
1249,3588.7611409155984
1250,3608.7848649190414
1251,3608.7848649190414
1252,3616.9198411594857
1253,3616.9198411594857
1254,3626.909121387891
1255,3639.172127740346
1256,3649.712129417854
1257,3649.712129417854
1258,3651.0878019027286
1259,3653.483592165437
1260,3662.5710835540767
1261,3662.5710835540767
1262,3663.5710835540767
1263,3663.5710835540767
1264,3682.6256523875577
1265,3697.1126421160698
1266,3697.1126421160698
1267,3705.365635957252
1268,3718.7987830438556
1269,3727.4921328435476
1270,3727.4921328435476
1271,3739.6123800647647
1272,3744.2083691127523
1273,3744.2083691127523
1274,3744.2083691127523
1275,3744.2083691127523
1276,3749.0477135901815
1277,3749.0477135901815
1278,3750.5553943941904
1279,3754.674069688388
1280,3758.2157654793564
1281,3758.2157654793564
1282,3758.2157654793564
1283,3761.9184890199845
1284,3761.9184890199845
1285,3761.9184890199845
1286,3761.9184890199845
1287,3774.570037281685
1288,3774.570037281685
1289,3779.388560167047
1290,3779.388560167047
1291,3779.388560167047
1292,3779.8912572324543
1293,3779.8912572324543
1294,3779.8912572324543
1295,3779.8912572324543
1296,3779.8912572324543
1297,3779.8912572324543
1298,3779.8912572324543
1299,3779.8912572324543
1300,3779.8912572324543
1301,3779.8912572324543
1302,3779.8912572324543
1303,3797.0071667459697
1304,3836.541453377049
1305,3836.541453377049
1306,3836.541453377049
1307,3897.2553454893427
1308,3897.2553454893427
1309,3942.3508923234795
1310,3942.3508923234795
1311,3942.3508923234795
1312,3942.3508923234795
1313,3943.1211699083083
1314,3948.1380591171496
1315,3948.1380591171496
1316,3969.106288733862
1317,3970.7324249411176
1318,3970.7324249411176
1319,3970.7324249411176
1320,3987.9294357540566
1321,3987.9294357540566
1322,3987.9294357540566
1323,3987.9294357540566
1324,3987.9294357540566
1325,3987.9294357540566
1326,3987.9294357540566
1327,4013.069180186643
1328,4022.261705032395
1329,4035.418500996403
1330,4035.418500996403
1331,4036.018500996403
1332,4036.018500996403
1333,4039.3681441851127
1334,4043.578981916511
1335,4043.578981916511
1336,4043.578981916511
1337,4043.578981916511
1338,4043.578981916511
1339,4043.578981916511
1340,4043.578981916511
1341,4043.578981916511
1342,4057.1005927534848
1343,4069.80268303027
1344,4082.1251731407706
1345,4082.1251731407706
1346,4093.638857338641
1347,4093.638857338641
1348,4105.255390764252
1349,4105.255390764252
1350,4105.255390764252
1351,4105.255390764252
1352,4105.255390764252
1353,4127.463706316564
1354,4140.453716138643
1355,4152.45316676542
1356,4157.784767354213
1357,4167.613206987051
1358,4179.245740440071
1359,4182.946719297477
1360,4186.120198342719
1361,4189.008451680751
1362,4192.122704134564
1363,4192.8227041345635
1364,4198.336227818104
1365,4198.336227818104
1366,4198.336227818104
1367,4198.336227818104
1368,4198.336227818104
1369,4199.036227818104
1370,4199.036227818104
1371,4215.029640172609
1372,4230.9619891663115
1373,4230.9619891663115
1374,4230.9619891663115
1375,4233.928829337503
1376,4233.928829337503
1377,4233.928829337503
1378,4233.928829337503
1379,4233.928829337503
1380,4233.928829337503
1381,4258.944402189198
1382,4280.920696962347
1383,4303.948903095115
1384,4303.948903095115
1385,4324.937143258698
1386,4324.937143258698
1387,4326.752906601364
1388,4326.752906601364
1389,4327.452906601364
1390,4336.9398709439065
1391,4339.143345724994
1392,4343.180788342949
1393,4343.180788342949
1394,4343.180788342949
1395,4347.880078984133
1396,4347.880078984133
1397,4350.977557695813
1398,4350.977557695813
1399,4352.835178457715
1400,4352.835178457715
1401,4358.048214341749
1402,4358.048214341749
1403,4358.048214341749
1404,4358.048214341749
1405,4358.048214341749
1406,4358.048214341749
1407,4358.048214341749
1408,4368.739853631327
1409,4368.739853631327
1410,4429.964373065054
1411,4448.358836426087
1412,4448.358836426087
1413,4463.275168897473
1414,4469.91357790191
1415,4486.372979316754
1416,4486.372979316754
1417,4494.883966567605
1418,4494.883966567605
1419,4494.883966567605
1420,4494.883966567605
1421,4494.883966567605
1422,4494.883966567605
1423,4543.408472967718
1424,4543.408472967718
1425,4543.408472967718
1426,4543.408472967718
1427,4577.264639270375
1428,4577.264639270375
1429,4577.264639270375
1430,4581.046601174171
1431,4581.046601174171
1432,4581.046601174171
1433,4581.046601174171
1434,4581.046601174171
1435,4591.448806185986
1436,4591.448806185986
1437,4596.785456239842
1438,4596.785456239842
1439,4602.6497811447
1440,4611.700592462599
1441,4611.700592462599
1442,4636.0681644759115
1443,4636.0681644759115
1444,4652.631277355604
1445,4652.631277355604
1446,4749.8286201011715
1447,4755.563137118876
1448,4848.284228866688
1449,4848.284228866688
1450,4928.861071965754
1451,4976.753434768273
1452,4976.753434768273
1453,4976.753434768273
1454,4976.753434768273
1455,4976.753434768273
1456,4976.753434768273
1457,5016.423547007468
1458,5016.423547007468
1459,5026.690341466747
1460,5039.5016737121305
1461,5054.815778688691
1462,5054.815778688691
1463,5069.710888322608
1464,5083.804998555521
1465,5096.02897304191
1466,5096.02897304191
1467,5096.02897304191
1468,5102.203701151059
1469,5102.203701151059
1470,5102.203701151059
1471,5102.203701151059
1472,5102.203701151059
1473,5109.415922261031
1474,5123.031055489867
1475,5123.031055489867
1476,5129.022443227139
1477,5129.022443227139
1478,5129.022443227139
1479,5134.595555077941
1480,5137.72933433763
1481,5137.72933433763
1482,5137.72933433763
1483,5137.72933433763
1484,5137.72933433763
1485,5137.72933433763
1486,5184.160251684851
1487,5225.091319073767
1488,5232.588734327818
1489,5232.588734327818
1490,5232.588734327818
1491,5232.588734327818
1492,5262.76557424512
1493,5262.76557424512
1494,5262.76557424512
1495,5276.216341393661
1496,5276.216341393661
1497,5287.097246987178
1498,5292.433433100339
1499,5294.542509368179
1500,5294.542509368179
1501,5298.860115488548
1502,5298.860115488548
1503,5298.860115488548
1504,5315.555075936858
1505,5338.934871858477
1506,5338.934871858477
1507,5362.2269543637385
1508,5375.025463697091
1509,5396.513981350017
1510,5396.513981350017
1511,5405.241644619287
1512,5405.241644619287
1513,5405.241644619287
1514,5405.241644619287
1515,5405.241644619287
1516,5405.241644619287
1517,5405.241644619287
1518,5407.249736983945
1519,5461.3696162049655
1520,5461.3696162049655
1521,5491.561919791588
1522,5491.561919791588
1523,5524.023008066234
1524,5524.023008066234
1525,5524.023008066234
1526,5524.023008066234
1527,5524.023008066234
1528,5536.883542769953
1529,5536.883542769953
1530,5581.657901893374
1531,5581.657901893374
1532,5623.69855788705
1533,5639.451436369389
1534,5639.451436369389
1535,5639.451436369389
1536,5641.059186644239
1537,5646.186916288166
1538,5646.186916288166
1539,5646.186916288166
1540,5646.186916288166
1541,5646.186916288166
1542,5646.186916288166
1543,5646.186916288166
1544,5646.186916288166
1545,5646.186916288166
1546,5687.725916158567
1547,5687.725916158567
1548,5721.550758591686
1549,5721.550758591686
1550,5724.291768875009
1551,5724.291768875009
1552,5724.291768875009
1553,5724.291768875009
1554,5724.291768875009
1555,5724.291768875009
1556,5728.895548470022
1557,5728.895548470022
1558,5728.895548470022
1559,5728.895548470022
1560,5745.490548445
1561,5753.991831164118
1562,5774.478650778865
1563,5788.262987824059
1564,5788.262987824059
1565,5795.692813941775
1566,5799.584235146139
1567,5799.584235146139
1568,5799.584235146139
1569,5799.584235146139
1570,5799.584235146139
1571,5799.584235146139
1572,5799.584235146139
1573,5799.584235146139
1574,5799.584235146139
1575,5799.584235146139
1576,5832.180542556975
1577,5832.180542556975
1578,5832.180542556975
1579,5863.591250918965
1580,5872.696926805907
1581,5885.971161394561
1582,5891.35017251554
1583,5921.649722322352
1584,5932.03253221471
1585,5932.03253221471
1586,5945.119855486243
1587,5969.148745007662
1588,5973.266827269865
1589,6001.290556072213
1590,6001.290556072213
1591,6025.571524352623
1592,6025.571524352623
1593,6025.571524352623
1594,6025.571524352623
1595,6025.571524352623
1596,6039.483902418302
1597,6045.598324883296
1598,6047.287985802708
1599,6050.285374993516
1600,6054.423690697445
1601,6054.423690697445
1602,6057.915533895839
1603,6057.915533895839
1604,6059.4306439020265
1605,6059.4306439020265
1606,6059.4306439020265
1607,6059.4306439020265
1608,6059.4306439020265
1609,6059.4306439020265
1610,6059.4306439020265
1611,6074.9329688001735
1612,6079.6370309648055
1613,6086.798335010732
1614,6086.798335010732
1615,6086.798335010732
1616,6086.798335010732
1617,6086.798335010732
1618,6086.798335010732
1619,6086.798335010732
1620,6100.133615751114
1621,6100.133615751114
1622,6112.931233355984
1623,6112.931233355984
1624,6112.931233355984
1625,6119.696220106423
1626,6127.309519971583
1627,6127.309519971583
1628,6131.467055322233
1629,6131.467055322233
1630,6131.467055322233
1631,6142.452234639773
1632,6149.842604177355
1633,6149.842604177355
1634,6159.976676780298
1635,6159.976676780298
1636,6185.458249989036
1637,6185.458249989036
1638,6185.458249989036
1639,6185.458249989036
1640,6185.458249989036
1641,6185.458249989036
1642,6185.458249989036
1643,6185.458249989036
1644,6185.458249989036
1645,6185.458249989036
1646,6251.037770019535
1647,6264.957469543347
1648,6279.893365665686
1649,6287.59243328734
1650,6287.59243328734
1651,6287.59243328734
1652,6292.2078002732815
1653,6292.2078002732815
1654,6292.2078002732815
1655,6303.6230487033445
1656,6303.6230487033445
1657,6319.198659642751
1658,6319.198659642751
1659,6333.499290363506
1660,6341.9863512966995
1661,6351.020340644667
1662,6353.6396964359565
1663,6361.547112683636
1664,6361.547112683636
1665,6361.547112683636
1666,6361.547112683636
1667,6365.503842795193
1668,6365.503842795193
1669,6368.788352693316
1670,6368.788352693316
1671,6368.788352693316
1672,6368.788352693316
1673,6368.788352693316
1674,6368.788352693316
1675,6386.185406901078
1676,6393.207533536436
1677,6393.207533536436
1678,6401.9230312182435
1679,6401.9230312182435
1680,6409.694990685181
1681,6457.210617060792
1682,6457.210617060792
1683,6503.410856922259
1684,6503.410856922259
1685,6540.68671999481
1686,6568.178964306204
1687,6568.178964306204
1688,6568.178964306204
1689,6568.178964306204
1690,6568.178964306204
1691,6568.178964306204
1692,6581.511416087399
1693,6581.511416087399
1694,6581.511416087399
1695,6581.511416087399
1696,6581.511416087399
1697,6581.511416087399
1698,6581.511416087399
1699,6581.511416087399
1700,6581.511416087399
1701,6651.640915383201
1702,6651.640915383201
1703,6651.640915383201
1704,6669.716457697348
1705,6669.716457697348
1706,6686.042222335097
1707,6692.09726454897
1708,6692.09726454897
1709,6692.09726454897
1710,6692.09726454897
1711,6695.897103375173
1712,6695.897103375173
1713,6699.203060530253
1714,6699.203060530253
1715,6699.203060530253
1716,6699.203060530253
1717,6699.203060530253
1718,6699.203060530253
1719,6699.203060530253
1720,6699.203060530253
1721,6699.203060530253
1722,6700.9259369432
1723,6710.324494873093
1724,6714.128359181515
1725,6714.128359181515
1726,6716.742368611871
1727,6716.742368611871
1728,6716.742368611871
1729,6716.742368611871
1730,6716.742368611871
1731,6716.742368611871
1732,6716.742368611871
1733,6716.742368611871
1734,6720.919570010793
1735,6721.619570010793
1736,6721.619570010793
1737,6721.619570010793
1738,6721.619570010793
1739,6721.619570010793
1740,6721.619570010793
1741,6721.619570010793
1742,6721.619570010793
1743,6721.619570010793
1744,6754.840966266674
1745,6763.648862315931
1746,6763.648862315931
1747,6765.547174822622
1748,6797.750924069077
1749,6803.660697830209
1750,6803.660697830209
1751,6803.660697830209
1752,6818.708650673618
1753,6829.9337737293945
1754,6829.9337737293945
1755,6829.9337737293945
1756,6829.9337737293945
1757,6829.9337737293945
1758,6829.9337737293945
1759,6838.583864859871
1760,6844.985129023382
1761,6844.985129023382
1762,6855.4096155279
1763,6857.64878313494
1764,6857.64878313494
1765,6858.186314434905
1766,6858.186314434905
1767,6858.186314434905
1768,6858.186314434905
1769,6858.186314434905
1770,6858.186314434905
1771,6858.186314434905
1772,6858.186314434905
1773,6880.505184755601
1774,6897.227988595789
1775,6897.227988595789
1776,6900.0224050176885
1777,6900.0224050176885
1778,6900.0224050176885
1779,6900.0224050176885
1780,6914.739860133952
1781,6927.260194837533
1782,6965.5985279245
1783,6988.60456952171
1784,7022.369012484353
1785,7022.369012484353
1786,7022.369012484353
1787,7059.167282812627
1788,7059.167282812627
1789,7095.66860542452
1790,7095.66860542452
1791,7095.66860542452
1792,7101.5748617612735
1793,7101.5748617612735
1794,7101.5748617612735
1795,7117.849611366176
1796,7117.849611366176
1797,7147.065489522372
1798,7147.065489522372
1799,7177.454968660431
1800,7187.618129664113
1801,7197.163165332993
1802,7223.345680208856
1803,7223.345680208856
1804,7228.160072151017
1805,7238.250719759448
1806,7255.814578608625
1807,7275.531722916698
1808,7275.531722916698
1809,7295.254605611868
1810,7298.700553917829
1811,7298.700553917829
1812,7298.700553917829
1813,7298.700553917829
1814,7298.700553917829
1815,7298.700553917829
1816,7298.700553917829
1817,7307.526333385802
1818,7307.526333385802
1819,7307.526333385802
1820,7307.526333385802
1821,7307.526333385802
1822,7307.526333385802
1823,7307.526333385802
1824,7307.526333385802
1825,7307.526333385802
1826,7307.526333385802
1827,7307.526333385802
1828,7307.526333385802
1829,7336.627413280819
1830,7365.848052734225
1831,7372.081189501401
1832,7372.081189501401
1833,7396.159911008565
1834,7396.159911008565
1835,7405.637203034535
1836,7405.637203034535
1837,7413.896409439161
1838,7413.896409439161
1839,7418.119046053386
1840,7418.119046053386
1841,7418.119046053386
1842,7423.191600351542
1843,7423.191600351542
1844,7427.3291641252
1845,7427.3291641252
1846,7427.3291641252
1847,7427.3291641252
1848,7476.154952975307
1849,7476.154952975307
1850,7476.154952975307
1851,7476.154952975307
1852,7524.364305875493
1853,7549.3377816468055
1854,7553.576945793006
1855,7553.576945793006
1856,7553.576945793006
1857,7553.576945793006
1858,7553.576945793006
1859,7553.576945793006
1860,7553.576945793006
1861,7553.576945793006
1862,7553.576945793006
1863,7553.576945793006
1864,7559.733773067084
1865,7559.733773067084
1866,7559.733773067084
1867,7563.072634924437
1868,7576.816893919771
1869,7580.219991461993
1870,7580.219991461993
1871,7580.219991461993
1872,7580.219991461993
1873,7580.219991461993
1874,7580.219991461993
1875,7580.219991461993
1876,7596.339751867654
1877,7605.853596587049
1878,7605.853596587049
1879,7605.853596587049
1880,7605.853596587049
1881,7605.853596587049
1882,7605.853596587049
1883,7605.853596587049
1884,7605.853596587049
1885,7605.853596587049
1886,7612.279902347901
1887,7637.117692580689
1888,7637.117692580689
1889,7637.117692580689
1890,7637.117692580689
1891,7637.117692580689
1892,7637.117692580689
1893,7637.117692580689
1894,7637.117692580689
1895,7637.117692580689
1896,7637.117692580689
1897,7648.248110624298
1898,7660.844507908152
1899,7660.844507908152
1900,7660.844507908152
1901,7660.844507908152
1902,7660.844507908152
1903,7682.040893056146
1904,7682.040893056146
1905,7686.5314547423695
1906,7695.47380216321
1907,7695.47380216321
1908,7699.662124938311
1909,7699.662124938311
1910,7699.662124938311
1911,7699.662124938311
1912,7699.662124938311
1913,7699.662124938311
1914,7699.662124938311
1915,7699.662124938311
1916,7699.662124938311
1917,7699.662124938311
1918,7702.442419132864
1919,7707.022999832187
1920,7707.822999832188
1921,7707.822999832188
1922,7707.822999832188
1923,7707.822999832188
1924,7707.822999832188
1925,7707.822999832188
1926,7714.002509550596
1927,7714.002509550596
1928,7714.002509550596
1929,7723.885382923677
1930,7723.885382923677
1931,7723.885382923677
1932,7732.303971776406
1933,7732.495467522305
1934,7732.495467522305
1935,7733.074543926318
1936,7733.074543926318
1937,7733.074543926318
1938,7734.171014972255
1939,7738.259083551197
1940,7741.174478051822
1941,7741.674478051822
1942,7744.650742390657
1943,7744.650742390657
1944,7744.650742390657
1945,7744.650742390657
1946,7744.650742390657
1947,7744.650742390657
1948,7744.650742390657
1949,7744.650742390657
1950,7744.650742390657
1951,7753.623330415148
1952,7753.623330415148
1953,7753.623330415148
1954,7753.623330415148
1955,7753.623330415148
1956,7753.623330415148
1957,7753.623330415148
1958,7753.623330415148
1959,7786.212995915738
1960,7817.810998369081
1961,7817.810998369081
1962,7835.534062889685
1963,7835.534062889685
1964,7845.928375305168
1965,7889.014795452369
1966,7889.014795452369
1967,7889.014795452369
1968,7889.014795452369
1969,7889.014795452369
1970,7889.014795452369
1971,7889.014795452369
1972,7889.014795452369
1973,7889.014795452369
1974,7889.014795452369
1975,7920.5258297505825
1976,7924.91535149544
1977,7924.91535149544
1978,7924.91535149544
1979,7924.91535149544
1980,7924.91535149544
1981,7924.91535149544
1982,7924.91535149544
1983,7924.91535149544
1984,7924.91535149544
1985,7924.91535149544
1986,7945.956908664135
1987,7953.969904230971
1988,7971.263026838337
1989,7979.911646229905
1990,7998.995955683848
1991,8009.467891523842
1992,8009.467891523842
1993,8018.49491413111
1994,8018.49491413111
1995,8018.49491413111
1996,8018.49491413111
1997,8018.49491413111
1998,8018.49491413111
1999,8018.49491413111
2000,8018.49491413111
2001,8018.49491413111
2002,8018.49491413111
2003,8018.49491413111
2004,8018.49491413111
2005,8018.49491413111
2006,8018.49491413111
2007,8035.893240048117
2008,8058.780252972508
2009,8090.912419250943
2010,8090.912419250943
2011,8102.307013868969
2012,8109.011349482298
2013,8118.505180435205
2014,8122.536675903829
2015,8122.536675903829
2016,8125.709388397503
2017,8136.75414799148
2018,8144.7285202422345
2019,8144.7285202422345
2020,8144.7285202422345
2021,8144.7285202422345
2022,8144.7285202422345
2023,8149.318021631716
2024,8156.326297688843
2025,8156.326297688843
2026,8161.642927186078
2027,8162.342927186078
2028,8164.670928478529
2029,8164.670928478529
2030,8164.670928478529
2031,8164.670928478529
2032,8164.670928478529
2033,8164.670928478529
2034,8164.670928478529
2035,8170.86366648508
2036,8170.86366648508
2037,8170.86366648508
2038,8170.86366648508
2039,8174.712545447628
2040,8174.712545447628
2041,8174.712545447628
2042,8174.712545447628
2043,8179.014368927072
2044,8179.014368927072
2045,8184.418037320301
2046,8184.418037320301
2047,8188.895278705039
2048,8188.895278705039
2049,8188.895278705039
2050,8188.895278705039
2051,8188.895278705039
2052,8188.895278705039
2053,8188.895278705039
2054,8188.895278705039
2055,8188.895278705039
2056,8218.73804699298
2057,8218.73804699298
2058,8218.73804699298
2059,8226.006557617497
2060,8235.097605276014
2061,8235.097605276014
2062,8236.070456897456
2063,8236.070456897456
2064,8236.070456897456
2065,8236.070456897456
2066,8236.070456897456
2067,8236.070456897456
2068,8236.070456897456
2069,8303.354241446608
2070,8303.354241446608
2071,8369.848673708748
2072,8369.848673708748
2073,8369.848673708748
2074,8380.279969743726
2075,8380.279969743726
2076,8392.87273207907
2077,8403.988939605
2078,8409.622992887273
2079,8409.622992887273
2080,8412.11513591861
2081,8412.11513591861
2082,8412.11513591861
2083,8412.11513591861
2084,8412.11513591861
2085,8412.11513591861
2086,8412.11513591861
2087,8412.11513591861
2088,8412.11513591861
2089,8412.11513591861
2090,8412.11513591861
2091,8412.11513591861
2092,8412.11513591861
2093,8418.849584323494
2094,8418.849584323494
2095,8418.849584323494
2096,8418.849584323494
2097,8418.849584323494
2098,8429.438581319366
2099,8443.575181133603
2100,8453.42072713216
2101,8453.42072713216
2102,8470.140506786891
2103,8486.549540056047
2104,8509.090269517365
2105,8548.362890439967
2106,8560.477736526944
2107,8560.477736526944
2108,8584.557970430773
2109,8584.557970430773
2110,8584.557970430773
2111,8606.470486066133
2112,8606.470486066133
2113,8623.495666181496
2114,8623.495666181496
2115,8630.761579675498
2116,8639.09616922354
2117,8647.296349989247
2118,8673.270836786767
2119,8673.270836786767
2120,8696.576907492865
2121,8696.576907492865
2122,8696.576907492865
2123,8696.576907492865
2124,8696.576907492865
2125,8696.576907492865
2126,8696.576907492865
2127,8696.576907492865
2128,8713.046019911562
2129,8728.65707372124
2130,8728.65707372124
2131,8728.65707372124
2132,8731.866000864786
2133,8731.866000864786
2134,8731.866000864786
2135,8731.866000864786
2136,8731.866000864786
2137,8731.866000864786
2138,8731.866000864786
2139,8731.866000864786
2140,8744.871212154703
2141,8744.871212154703
2142,8744.871212154703
2143,8744.871212154703
2144,8744.871212154703
2145,8744.871212154703
2146,8744.871212154703
2147,8744.871212154703
2148,8763.24619933347
2149,8775.987081514919
2150,8788.094617056364
2151,8795.473957169588
2152,8795.473957169588
2153,8806.665091126124
2154,8806.665091126124
2155,8806.665091126124
2156,8806.665091126124
2157,8855.963351519566
2158,8855.963351519566
2159,8863.957467697415
2160,8863.957467697415
2161,8863.957467697415
2162,8863.957467697415
2163,8863.957467697415
2164,8874.109147704496
2165,8875.148305981576
2166,8889.336731324374
2167,8900.10939209803
2168,8900.10939209803
2169,8907.637508620626
2170,8911.927106599685
2171,8911.927106599685
2172,8924.341621168915
2173,8983.669934074222
2174,8983.669934074222
2175,9128.061190039181
2176,9128.061190039181
2177,9259.84564643858
2178,9259.84564643858
2179,9335.331814529342
2180,9335.331814529342
2181,9335.331814529342
2182,9335.331814529342
2183,9356.560949285684
2184,9356.560949285684
2185,9356.560949285684
2186,9356.560949285684
2187,9378.495875279132
2188,9378.495875279132
2189,9397.112156525742
2190,9397.112156525742
2191,9405.490024668776
2192,9405.490024668776
2193,9411.279773696164
2194,9418.319405748722
2195,9418.319405748722
2196,9418.319405748722
2197,9418.319405748722
2198,9423.517827225754
2199,9423.517827225754
2200,9423.517827225754
2201,9425.119925403487
2202,9425.119925403487
2203,9425.119925403487
2204,9425.119925403487
2205,9425.119925403487
2206,9425.119925403487
2207,9464.006001075926
2208,9465.491621184203
2209,9465.491621184203
2210,9465.491621184203
2211,9465.491621184203
2212,9465.491621184203
2213,9465.491621184203
2214,9465.491621184203
2215,9504.92835745575
2216,9541.54008473537
2217,9541.54008473537
2218,9541.54008473537
2219,9541.54008473537
2220,9544.837674272607
2221,9544.837674272607
2222,9544.837674272607
2223,9544.837674272607
2224,9549.76207117909
2225,9549.76207117909
2226,9549.76207117909
2227,9549.76207117909
2228,9554.453938356943
2229,9554.453938356943
2230,9554.453938356943
2231,9559.360959654357
2232,9559.360959654357
2233,9559.360959654357
2234,9559.360959654357
2235,9559.360959654357
2236,9559.360959654357
2237,9615.265908641702
2238,9615.265908641702
2239,9615.265908641702
2240,9693.903901535523
2241,9693.903901535523
2242,9693.903901535523
2243,9725.907776178412
2244,9725.907776178412
2245,9741.463161817648
2246,9749.568905325017
2247,9760.157623661642
2248,9765.657822552826
2249,9767.59933605849
2250,9773.23987538912
2251,9773.23987538912
2252,9773.23987538912
2253,9773.23987538912
2254,9773.23987538912
2255,9773.23987538912
2256,9773.23987538912
2257,9783.214689196515
2258,9792.410292182656
2259,9800.69338173231
2260,9805.462525687837
2261,9811.963682289874
2262,9815.955696332916
2263,9816.855696332916
2264,9816.855696332916
2265,9816.905696332915
2266,9816.905696332915
2267,9816.905696332915
2268,9816.905696332915
2269,9816.905696332915
2270,9823.095569642503
2271,9825.807946232488
2272,9825.807946232488
2273,9825.807946232488
2274,9825.807946232488
2275,9959.143827030242
2276,9959.143827030242
2277,10048.868351634837
2278,10048.868351634837
2279,10087.986288663855
2280,10087.986288663855
2281,10087.986288663855
2282,10087.986288663855
2283,10087.986288663855
2284,10087.986288663855
2285,10087.986288663855
2286,10091.097209317122
2287,10091.097209317122
2288,10092.131860540905
2289,10093.137551797923
2290,10093.137551797923
2291,10094.09827925008
2292,10094.09827925008
2293,10094.09827925008
2294,10094.09827925008
2295,10094.09827925008
2296,10094.09827925008
2297,10094.09827925008
2298,10094.09827925008
2299,10094.09827925008
2300,10094.09827925008
2301,10094.09827925008
2302,10094.09827925008
2303,10094.09827925008
2304,10112.223553867032
2305,10141.42695925689
2306,10153.671319014571
2307,10163.381801259153
2308,10163.381801259153
2309,10163.381801259153
2310,10163.381801259153
2311,10181.376050749523
2312,10209.323646794028
2313,10224.511768379825
2314,10239.442787153514
2315,10239.442787153514
2316,10283.58601882687
2317,10283.58601882687
2318,10309.89021493226
2319,10309.89021493226
2320,10309.89021493226
2321,10309.89021493226
2322,10309.89021493226
2323,10309.89021493226
2324,10309.89021493226
2325,10309.89021493226
2326,10309.89021493226
2327,10309.89021493226
2328,10364.294543881202
2329,10391.68071350644
2330,10391.68071350644
2331,10403.394864859863
2332,10411.755183656212
2333,10422.716336309939
2334,10446.391638254721
2335,10451.504142171778
2336,10461.47685026193
2337,10463.91365600596
2338,10463.91365600596
2339,10463.91365600596
2340,10463.91365600596
2341,10463.91365600596
2342,10463.91365600596
2343,10463.91365600596
2344,10463.91365600596
2345,10463.91365600596
2346,10463.91365600596
2347,10463.91365600596
2348,10463.91365600596
2349,10474.947461806534
2350,10486.040223464355
2351,10486.040223464355
2352,10501.045129535149
2353,10501.045129535149
2354,10501.445129535148
2355,10509.834757842782
2356,10548.424610950731
2357,10548.424610950731
2358,10548.424610950731
2359,10613.001320555019
2360,10620.36734053668
2361,10620.36734053668
2362,10623.060915893228
2363,10623.060915893228
2364,10623.060915893228
2365,10623.060915893228
2366,10646.464433099109
2367,10646.464433099109
2368,10646.464433099109
2369,10646.464433099109
2370,10646.464433099109
2371,10646.464433099109
2372,10664.350019121424
2373,10664.350019121424
2374,10664.350019121424
2375,10664.350019121424
2376,10664.350019121424
2377,10664.350019121424
2378,10664.350019121424
2379,10676.565993472057
2380,10681.00614713588
2381,10694.392846613868
2382,10694.392846613868
2383,10711.787297351446
2384,10711.787297351446
2385,10711.787297351446
2386,10711.787297351446
2387,10711.787297351446
2388,10711.787297351446
2389,10711.787297351446
2390,10711.787297351446
2391,10711.787297351446
2392,10711.787297351446
2393,10711.787297351446
2394,10711.787297351446
2395,10711.787297351446
2396,10736.168591991267
2397,10736.168591991267
2398,10759.774716075928
2399,10784.49508783756
2400,10811.120386500437
2401,10834.073076425771
2402,10848.886292425557
2403,10860.596175811224
2404,10887.060005641364
2405,10894.864888393471
2406,10911.66837431388
2407,10923.760719844879
2408,10927.471759465192
2409,10932.311627292858
2410,10933.14942976377
2411,10933.14942976377
2412,10933.14942976377
2413,10934.881442343723
2414,10934.881442343723
2415,10934.881442343723
2416,10934.881442343723
2417,10934.881442343723
2418,10934.881442343723
2419,10934.881442343723
2420,10934.881442343723
2421,10934.881442343723
2422,10934.881442343723
2423,10934.881442343723
2424,10934.881442343723
2425,10937.278625759245
2426,10959.2296862719
2427,10960.158353618712
2428,10970.51453189121
2429,10970.51453189121
2430,10976.610023195282
2431,10980.5452428484
2432,10980.5452428484
2433,10980.5452428484
2434,10990.033008168482
2435,10990.033008168482
2436,10990.033008168482
2437,10990.033008168482
2438,10990.033008168482
2439,11033.616949118545
2440,11033.616949118545
2441,11035.628326718761
2442,11035.628326718761
2443,11036.328326718762
2444,11036.328326718762
2445,11036.328326718762
2446,11036.328326718762
2447,11055.745108394645
2448,11055.745108394645
2449,11077.959484452324
2450,11100.336377241263
2451,11100.336377241263
2452,11100.336377241263
2453,11114.353194307529
2454,11114.353194307529
2455,11114.353194307529
2456,11114.353194307529
2457,11114.353194307529
2458,11114.353194307529
2459,11143.764831800068
2460,11143.764831800068
2461,11143.764831800068
2462,11143.764831800068
2463,11149.969920082098
2464,11150.487602261925
2465,11158.550687173049
2466,11158.550687173049
2467,11161.332801153683
2468,11163.441923209595
2469,11163.441923209595
2470,11163.441923209595
2471,11165.53177518737
2472,11165.53177518737
2473,11165.53177518737
2474,11165.53177518737
2475,11174.113246132847
2476,11174.113246132847
2477,11174.113246132847
2478,11174.113246132847
2479,11174.113246132847
2480,11175.113033717058
2481,11185.904142625306
2482,11185.904142625306
2483,11185.904142625306
2484,11193.239197126097
2485,11197.104203194305
2486,11197.104203194305
2487,11197.104203194305
2488,11200.324989310675
2489,11205.413873199848
2490,11205.413873199848
2491,11205.451204379682
2492,11205.451204379682
2493,11205.451204379682
2494,11205.451204379682
2495,11205.451204379682
2496,11205.451204379682
2497,11205.451204379682
2498,11205.451204379682
2499,11205.451204379682
2500,11205.451204379682
2501,11205.451204379682
2502,11242.090251415788
2503,11242.090251415788
2504,11242.090251415788
2505,11242.090251415788
2506,11273.821495194523
2507,11273.821495194523
2508,11280.143636326193
2509,11284.977016391407
2510,11284.977016391407
2511,11284.977016391407
2512,11284.977016391407
2513,11284.977016391407
2514,11284.977016391407
2515,11284.977016391407
2516,11287.925602060945
2517,11300.730856737253
2518,11302.222639427951
2519,11309.814643706908
2520,11309.814643706908
2521,11312.937140517906
2522,11315.919940535689
2523,11315.919940535689
2524,11315.919940535689
2525,11315.919940535689
2526,11315.919940535689
2527,11315.919940535689
2528,11315.919940535689
2529,11315.919940535689
2530,11315.919940535689
2531,11334.084932315513
2532,11371.246555044494
2533,11371.246555044494
2534,11399.532993257259
2535,11451.153089158004
2536,11483.52092577517
2537,11483.52092577517
2538,11487.191300558321
2539,11487.191300558321
2540,11487.191300558321
2541,11487.191300558321
2542,11487.191300558321
2543,11487.191300558321
2544,11487.191300558321
2545,11487.191300558321
2546,11487.191300558321
2547,11487.191300558321
2548,11487.191300558321
2549,11518.905681429336
2550,11518.905681429336
2551,11546.91820786014
2552,11546.91820786014
2553,11554.308868848058
2554,11554.308868848058
2555,11561.703075640178
2556,11561.703075640178
2557,11561.703075640178
2558,11561.703075640178
2559,11580.542330345688
2560,11580.542330345688
2561,11597.20125053924
2562,11609.016301728027
2563,11621.913644961673
2564,11638.471734915764
2565,11651.489497218881
2566,11651.489497218881
2567,11661.448373379737
2568,11661.648373379738
2569,11676.92288911155
2570,11676.92288911155
2571,11676.92288911155
2572,11676.92288911155
2573,11676.92288911155
2574,11676.92288911155
2575,11676.92288911155
2576,11676.92288911155
2577,11676.92288911155
2578,11676.92288911155
2579,11676.92288911155
2580,11676.92288911155
2581,11676.92288911155
2582,11802.039739419302
2583,11847.873948759312
2584,11847.873948759312
2585,11877.257739621566
2586,11877.257739621566
2587,11923.090508711912
2588,11969.325232040854
2589,11992.958304523918
2590,11995.988133303652
2591,12005.484354525566
2592,12005.484354525566
2593,12005.484354525566
2594,12005.484354525566
2595,12014.87526550004
2596,12014.87526550004
2597,12014.87526550004
2598,12023.655406731414
2599,12030.899973865211
2600,12031.656649224376
2601,12039.098948728375
2602,12047.818919294034
2603,12051.836099640777
2604,12051.836099640777
2605,12051.836099640777
2606,12051.836099640777
2607,12051.836099640777
2608,12051.836099640777
2609,12051.836099640777
2610,12051.836099640777
2611,12063.486671337749
2612,12063.486671337749
2613,12063.486671337749
2614,12063.486671337749
2615,12063.486671337749
2616,12063.486671337749
2617,12063.486671337749
2618,12063.486671337749
2619,12063.486671337749
2620,12107.596592840368
2621,12160.415961886589
2622,12207.017414156033
2623,12241.529940196075
2624,12303.406031323133
2625,12312.96096167132
2626,12312.96096167132
2627,12312.96096167132
2628,12333.099369434465
2629,12333.099369434465
2630,12361.744565807701
2631,12364.94722014922
2632,12364.94722014922
2633,12373.747722352424
2634,12373.747722352424
2635,12373.747722352424
2636,12380.94878148314
2637,12393.649759948867
2638,12395.357595732858
2639,12400.272843366778
2640,12400.272843366778
2641,12401.28731062369
2642,12401.28731062369
2643,12401.28731062369
2644,12401.28731062369
2645,12401.28731062369
2646,12401.28731062369
2647,12401.28731062369
2648,12410.263365540744
2649,12410.263365540744
2650,12410.263365540744
2651,12410.263365540744
2652,12410.263365540744
2653,12410.263365540744
2654,12410.263365540744
2655,12410.263365540744
2656,12410.263365540744
2657,12410.263365540744
2658,12425.38532348992
2659,12433.379481668859
2660,12433.379481668859
2661,12440.755701276468
2662,12440.755701276468
2663,12442.843888072577
2664,12442.843888072577
2665,12442.843888072577
2666,12442.843888072577
2667,12442.843888072577
2668,12442.843888072577
2669,12444.16117473456
2670,12445.764067433209
2671,12445.764067433209
2672,12458.099722877958
2673,12458.549722877959
2674,12458.549722877959
2675,12463.191040857659
2676,12468.804158528685
2677,12468.804158528685
2678,12468.804158528685
2679,12468.804158528685
2680,12468.804158528685
2681,12468.804158528685
2682,12468.804158528685
2683,12468.804158528685
2684,12468.804158528685
2685,12473.322857833791
2686,12479.009038854681
2687,12482.22452930024
2688,12482.22452930024
2689,12539.820563309975
2690,12539.820563309975
2691,12574.544092393813
2692,12574.544092393813
2693,12584.0546903848
2694,12651.929135186692
2695,12651.929135186692
2696,12660.41979272647
2697,12660.41979272647
2698,12660.41979272647
2699,12660.41979272647
2700,12660.41979272647
2701,12660.41979272647
2702,12660.41979272647
2703,12660.41979272647
2704,12660.41979272647
2705,12698.024238432721
2706,12705.6220168399
2707,12721.01156365212
2708,12836.617718933081
2709,12836.617718933081
2710,12874.693573052333
2711,12881.775901876674
2712,12881.775901876674
2713,12907.653134185535
2714,12911.483598116705
2715,12912.083598116706
2716,12915.697818943454
2717,12915.697818943454
2718,12915.697818943454
2719,12915.697818943454
2720,12949.081641498047
2721,12964.170763113492
2722,12981.59427868096
2723,12981.59427868096
2724,12994.229183838117
2725,12994.229183838117
2726,12994.229183838117
2727,12994.229183838117
2728,12994.229183838117
2729,13011.109385917622
2730,13026.000748590406
2731,13041.247926438176
2732,13041.247926438176
2733,13047.867547663693
2734,13058.673765531908
2735,13058.673765531908
2736,13075.895784930439
2737,13086.96496358152
2738,13086.96496358152
2739,13086.96496358152
2740,13086.96496358152
2741,13086.96496358152
2742,13086.96496358152
2743,13086.96496358152
2744,13086.96496358152
2745,13086.96496358152
2746,13086.96496358152
2747,13086.96496358152
2748,13092.918014823903
2749,13110.778011011884
2750,13110.778011011884
2751,13127.289221124252
2752,13134.476806731065
2753,13150.203988567553
2754,13150.203988567553
2755,13150.203988567553
2756,13150.203988567553
2757,13150.203988567553
2758,13150.203988567553
2759,13150.203988567553
2760,13150.203988567553
2761,13150.203988567553
2762,13150.203988567553
2763,13164.238461511075
2764,13164.238461511075
2765,13164.238461511075
2766,13164.238461511075
2767,13164.238461511075
2768,13164.238461511075
2769,13170.094317570693
2770,13170.094317570693
2771,13174.742451285936
2772,13174.742451285936
2773,13179.149759939863
2774,13187.288722375595
2775,13187.288722375595
2776,13187.288722375595
2777,13187.288722375595
2778,13187.288722375595
2779,13187.288722375595
2780,13187.288722375595
2781,13187.288722375595
2782,13228.635175449592
2783,13228.635175449592
2784,13228.635175449592
2785,13229.635175449592
2786,13229.635175449592
2787,13234.303598039678
2788,13238.486140902176
2789,13241.381904841106
2790,13241.381904841106
2791,13241.381904841106
2792,13241.381904841106
2793,13241.381904841106
2794,13241.381904841106
2795,13241.381904841106
2796,13241.381904841106
2797,13250.399201453352
2798,13250.399201453352
2799,13250.399201453352
2800,13254.726895676997
2801,13264.620868908403
2802,13270.742956026445
2803,13274.753371731345
2804,13274.753371731345
2805,13274.753371731345
2806,13294.364911649376
2807,13294.364911649376
2808,13313.782191254484
2809,13313.782191254484
2810,13318.97755969189
2811,13318.97755969189
2812,13323.38630389716
2813,13323.38630389716
2814,13323.38630389716
2815,13323.38630389716
2816,13323.38630389716
2817,13358.052775434371
2818,13427.683649715256
2819,13495.198381202948
2820,13495.198381202948
2821,13495.198381202948
2822,13495.198381202948
2823,13495.198381202948
2824,13495.198381202948
2825,13504.72016370208
2826,13504.72016370208
2827,13509.791208800061
2828,13515.672651838013
2829,13517.433844530899
2830,13517.433844530899
2831,13518.233844530898
2832,13518.233844530898
2833,13518.233844530898
2834,13518.233844530898
2835,13518.233844530898
2836,13518.233844530898
2837,13518.233844530898
2838,13518.250564834094
2839,13518.250564834094
2840,13518.250564834094
2841,13518.250564834094
2842,13518.250564834094
2843,13518.250564834094
2844,13518.250564834094
2845,13518.250564834094
2846,13543.77805765633
2847,13543.77805765633
2848,13552.215998541666
2849,13552.215998541666
2850,13564.54221591364
2851,13577.232385993579
2852,13589.330727164735
2853,13589.330727164735
2854,13597.32817455637
2855,13603.330727641678
2856,13603.330727641678
2857,13603.330727641678
2858,13611.933595458237
2859,13615.91452784326
2860,13615.91452784326
2861,13617.366741136268
2862,13622.497542978124
2863,13622.497542978124
2864,13622.497542978124
2865,13622.497542978124
2866,13622.497542978124
2867,13622.497542978124
2868,13622.497542978124
2869,13622.497542978124
2870,13640.236099980299
2871,13640.236099980299
2872,13651.604010751484
2873,13654.169119396796
2874,13666.205951930817
2875,13666.205951930817
2876,13666.205951930817
2877,13666.205951930817
2878,13666.205951930817
2879,13666.205951930817
2880,13666.205951930817
2881,13666.205951930817
2882,13666.205951930817
2883,13667.572216561748
2884,13667.572216561748
2885,13667.572216561748
2886,13667.572216561748
2887,13667.572216561748
2888,13667.572216561748
2889,13667.572216561748
2890,13667.572216561748
2891,13672.374302310684
2892,13672.374302310684
2893,13672.374302310684
2894,13677.685114804483
2895,13677.685114804483
2896,13677.685114804483
2897,13677.685114804483
2898,13677.685114804483
2899,13677.685114804483
2900,13677.685114804483
2901,13677.685114804483
2902,13677.685114804483
2903,13677.685114804483
2904,13677.685114804483
2905,13679.342741784849
2906,13682.87647468062
2907,13689.084738709435
2908,13689.084738709435
2909,13698.579369617843
2910,13698.579369617843
2911,13725.29930116651
2912,13725.29930116651
2913,13743.385391947102
2914,13746.494921280191
2915,13759.348691406592
2916,13759.348691406592
2917,13767.998759132002
2918,13767.998759132002
2919,13767.998759132002
2920,13767.998759132002
2921,13791.780407076782
2922,13791.780407076782
2923,13791.780407076782
2924,13791.780407076782
2925,13791.780407076782
2926,13791.780407076782
2927,13791.780407076782
2928,13791.780407076782
2929,13791.780407076782
2930,13791.780407076782
2931,13791.780407076782
2932,13791.780407076782
2933,13791.780407076782
2934,13826.891666490677
2935,13850.089507990939
2936,13850.089507990939
2937,13872.994270707113
2938,13872.994270707113
2939,13878.565593487525
2940,13889.87290544379
2941,13889.87290544379
2942,13889.87290544379
2943,13889.87290544379
2944,13889.87290544379
2945,13889.87290544379
2946,13889.87290544379
2947,13933.210750070308
2948,13933.210750070308
2949,13958.399859157164
2950,13958.399859157164
2951,13969.475031352535
2952,13976.651815668434
2953,13976.651815668434
2954,13976.651815668434
2955,14011.273486081864
2956,14011.273486081864
2957,14011.273486081864
2958,14011.273486081864
2959,14011.273486081864
2960,14011.273486081864
2961,14011.273486081864
2962,14011.273486081864
2963,14016.083259056544
2964,14016.083259056544
2965,14016.083259056544
2966,14042.47227988002
2967,14068.07440068089
2968,14068.07440068089
2969,14068.07440068089
2970,14082.296967733624
2971,14082.296967733624
2972,14082.296967733624
2973,14082.296967733624
2974,14094.63023087713
2975,14104.03750949349
2976,14156.736796446177
2977,14162.827414615527
2978,14213.72700006521
2979,14223.05564169043
2980,14223.05564169043
2981,14239.12138677389
2982,14239.12138677389
2983,14239.12138677389
2984,14247.028385827169
2985,14247.028385827169
2986,14247.028385827169
2987,14247.028385827169
2988,14247.028385827169
2989,14275.234701621752
2990,14275.234701621752
2991,14275.234701621752
2992,14275.894825699661
2993,14279.431680070222
2994,14279.431680070222
2995,14279.431680070222
2996,14279.431680070222
2997,14279.431680070222
2998,14279.431680070222
2999,14279.431680070222
3000,14279.431680070222
3001,14279.431680070222
3002,14279.431680070222
3003,14279.431680070222
3004,14298.682620359938
3005,14298.682620359938
3006,14298.682620359938
3007,14307.58003026603
3008,14316.31383312199
3009,14323.188899470393
3010,14323.188899470393
3011,14323.188899470393
3012,14323.188899470393
3013,14323.188899470393
3014,14323.188899470393
3015,14340.499803918718
3016,14340.499803918718
3017,14340.499803918718
3018,14416.786677317297
3019,14416.786677317297
3020,14456.579900702985
3021,14466.475748296234
3022,14466.475748296234
3023,14466.475748296234
3024,14466.475748296234
3025,14466.475748296234
3026,14466.475748296234
3027,14466.475748296234
3028,14491.466345950455
3029,14491.466345950455
3030,14516.254219751185
3031,14516.254219751185
3032,14516.254219751185
3033,14516.254219751185
3034,14516.254219751185
3035,14516.254219751185
3036,14516.254219751185
3037,14528.958081640338
3038,14528.958081640338
3039,14528.958081640338
3040,14539.248570025056
3041,14539.248570025056
3042,14539.248570025056
3043,14539.248570025056
3044,14539.248570025056
3045,14541.216269928407
3046,14556.710512321833
3047,14556.710512321833
3048,14556.710512321833
3049,14556.710512321833
3050,14556.710512321833
3051,14556.710512321833
3052,14556.710512321833
3053,14556.710512321833
3054,14556.710512321833
3055,14556.710512321833
3056,14556.710512321833
3057,14556.710512321833
3058,14556.710512321833
3059,14558.487139263749
3060,14558.487139263749
3061,14558.487139263749
3062,14558.487139263749
3063,14558.487139263749
3064,14558.487139263749
3065,14558.487139263749
3066,14558.487139263749
3067,14578.894692186883
3068,14582.331247532433
3069,14582.331247532433
3070,14582.331247532433
3071,14582.331247532433
3072,14582.331247532433
3073,14582.331247532433
3074,14582.331247532433
3075,14582.331247532433
3076,14582.331247532433
3077,14582.331247532433
3078,14582.331247532433
3079,14582.331247532433
3080,14582.331247532433
3081,14582.331247532433
3082,14582.331247532433
3083,14631.711960073944
3084,14631.711960073944
3085,14631.711960073944
3086,14631.711960073944
3087,14638.513314551416
3088,14638.513314551416
3089,14642.861401249782
3090,14642.861401249782
3091,14642.861401249782
3092,14642.861401249782
3093,14657.168449480674
3094,14657.168449480674
3095,14657.168449480674
3096,14657.168449480674
3097,14657.168449480674
3098,14686.846796313064
3099,14688.513235260922
3100,14688.513235260922
3101,14688.513235260922
3102,14688.513235260922
3103,14688.513235260922
3104,14688.513235260922
3105,14688.513235260922
3106,14688.513235260922
3107,14688.513235260922
3108,14695.752722394578
3109,14695.752722394578
3110,14696.952918152243
3111,14697.452918152243
3112,14697.452918152243
3113,14697.452918152243
3114,14697.452918152243
3115,14697.452918152243
3116,14697.452918152243
3117,14697.452918152243
3118,14697.452918152243
3119,14697.452918152243
3120,14697.452918152243
3121,14697.452918152243
3122,14697.452918152243
3123,14697.452918152243
3124,14697.452918152243
3125,14697.452918152243
3126,14700.17166835422
3127,14700.779875927257
3128,14701.815194957262
3129,14701.815194957262
3130,14701.815194957262
3131,14707.957079665579
3132,14707.957079665579
3133,14709.789708738332
3134,14709.789708738332
3135,14709.789708738332
3136,14709.789708738332
3137,14709.789708738332
3138,14709.789708738332
3139,14709.789708738332
3140,14709.789708738332
3141,14709.789708738332
3142,14741.224228987998
3143,14744.132116584988
3144,14744.132116584988
3145,14744.132116584988
3146,14744.132116584988
3147,14744.132116584988
3148,14744.132116584988
3149,14744.132116584988
3150,14744.132116584988
3151,14765.733433634425
3152,14765.733433634425
3153,14779.61812070899
3154,14787.16439418135
3155,14787.16439418135
3156,14802.77764249181
3157,14813.750234359888
3158,14813.750234359888
3159,14821.33679506046
3160,14826.646563117274
3161,14826.646563117274
3162,14826.646563117274
3163,14826.646563117274
3164,14826.646563117274
3165,14826.646563117274
3166,14826.646563117274
3167,14826.646563117274
3168,14826.646563117274
3169,14826.646563117274
3170,14843.085543391187
3171,14843.085543391187
3172,14859.074265505566
3173,14859.074265505566
3174,14878.591326628215
3175,14878.591326628215
3176,14878.591326628215
3177,14878.591326628215
3178,14878.591326628215
3179,14878.591326628215
3180,14878.591326628215
3181,14878.591326628215
3182,14878.591326628215
3183,14878.591326628215
3184,14878.591326628215
3185,14878.591326628215
3186,14878.591326628215
3187,14878.591326628215
3188,14878.591326628215
3189,14878.591326628215
3190,14878.591326628215
3191,14884.900795487232
3192,14884.900795487232
3193,14884.900795487232
3194,14884.900795487232
3195,14884.900795487232
3196,14888.587816571831
3197,14897.238012124162
3198,14904.098254365012
3199,14904.098254365012
3200,14904.098254365012
3201,14912.21734351293
3202,14912.21734351293
3203,14917.151799577341
3204,14917.151799577341
3205,14917.151799577341
3206,14917.151799577341
3207,14917.151799577341
3208,14917.151799577341
3209,14917.151799577341
3210,14917.151799577341
3211,14917.151799577341
3212,14917.151799577341
3213,14917.151799577341
3214,14917.151799577341
3215,14917.151799577341
3216,14917.151799577341
3217,14917.151799577341
3218,14917.151799577341
3219,14917.151799577341
3220,14918.566077457133
3221,14918.566077457133
3222,14918.566077457133
3223,14918.566077457133
3224,14923.832566978477
3225,14923.832566978477
3226,14923.832566978477
3227,14923.832566978477
3228,14923.832566978477
3229,14923.832566978477
3230,14923.832566978477
3231,14928.823562124177
3232,14928.823562124177
3233,14928.823562124177
3234,14928.823562124177
3235,14928.823562124177
3236,14928.823562124177
3237,14928.823562124177
3238,14928.823562124177
3239,14928.823562124177
3240,14928.823562124177
3241,14928.823562124177
3242,14928.823562124177
3243,14928.823562124177
3244,14928.823562124177
3245,14935.217748145538
3246,14935.217748145538
3247,14936.949973648712
3248,14936.949973648712
3249,14936.949973648712
3250,14936.949973648712
3251,14936.949973648712
3252,14936.949973648712
3253,14936.949973648712
3254,14936.949973648712
3255,14936.949973648712
3256,14936.949973648712
3257,14936.949973648712
3258,14936.949973648712
3259,14936.949973648712
3260,14936.949973648712
3261,14936.949973648712
3262,14936.949973648712
3263,14942.262734553022
3264,14942.262734553022
3265,14942.262734553022
3266,14942.612734553022
3267,14942.612734553022
3268,14942.612734553022
3269,14942.612734553022
3270,14942.612734553022
3271,14942.612734553022
3272,14946.31445184803
3273,14953.834370248642
3274,14953.834370248642
3275,14964.79490239264
3276,14964.79490239264
3277,14964.79490239264
3278,14964.79490239264
3279,14969.001718829977
3280,14969.001718829977
3281,14972.623923663483
3282,14972.623923663483
3283,14972.623923663483
3284,14975.820268342819
3285,14975.820268342819
3286,14975.820268342819
3287,14975.820268342819
3288,14975.820268342819
3289,14975.820268342819
3290,14975.820268342819
3291,14975.820268342819
3292,14975.820268342819
3293,14975.820268342819
3294,14981.803912065381
3295,14991.931692965312
3296,14991.931692965312
3297,14991.931692965312
3298,15032.507343156223
3299,15032.507343156223
3300,15065.004044113766
3301,15065.004044113766
3302,15078.517759165308
3303,15078.517759165308
3304,15078.517759165308
3305,15078.517759165308
3306,15078.517759165308
3307,15078.517759165308
3308,15078.517759165308
3309,15087.959775992109
3310,15127.782224120117
3311,15127.782224120117
3312,15139.407150107161
3313,15145.24168639331
3314,15194.175810022341
3315,15209.896665556022
3316,15241.756649860677
3317,15241.756649860677
3318,15241.756649860677
3319,15241.756649860677
3320,15241.756649860677
3321,15241.756649860677
3322,15241.756649860677
3323,15241.756649860677
3324,15241.756649860677
3325,15241.756649860677
3326,15241.756649860677
3327,15241.756649860677
3328,15241.756649860677
3329,15241.756649860677
3330,15241.756649860677
3331,15241.756649860677
3332,15241.756649860677
3333,15241.756649860677
3334,15241.756649860677
3335,15241.756649860677
3336,15241.756649860677
3337,15241.756649860677
3338,15241.756649860677
3339,15244.635859744858
3340,15244.635859744858
3341,15244.635859744858
3342,15244.635859744858
3343,15244.635859744858
3344,15244.635859744858
3345,15244.635859744858
3346,15244.635859744858
3347,15244.635859744858
3348,15245.9660291593
3349,15249.487012991527
3350,15249.487012991527
3351,15249.487012991527
3352,15249.487012991527
3353,15249.487012991527
3354,15249.487012991527
3355,15253.42489175298
3356,15257.716026522427
3357,15263.055771071115
3358,15280.067813408623
3359,15280.067813408623
3360,15280.067813408623
3361,15280.067813408623
3362,15280.067813408623
3363,15280.067813408623
3364,15280.067813408623
3365,15284.870101564067
3366,15284.870101564067
3367,15284.870101564067
3368,15291.889737967427
3369,15291.889737967427
3370,15291.889737967427
3371,15291.889737967427
3372,15291.889737967427
3373,15291.889737967427
3374,15291.889737967427
3375,15291.889737967427
3376,15291.889737967427
3377,15291.889737967427
3378,15291.889737967427
3379,15291.889737967427
3380,15291.889737967427
3381,15291.889737967427
3382,15299.775807045222
3383,15299.775807045222
3384,15299.775807045222
3385,15299.775807045222
3386,15299.775807045222
3387,15299.775807045222
3388,15299.775807045222
3389,15304.400861780432
3390,15304.400861780432
3391,15304.400861780432
3392,15304.400861780432
3393,15304.400861780432
3394,15304.400861780432
3395,15304.400861780432
3396,15304.400861780432
3397,15304.400861780432
3398,15304.400861780432
3399,15318.920413088541
3400,15318.920413088541
3401,15318.920413088541
3402,15318.920413088541
3403,15318.920413088541
3404,15318.920413088541
3405,15318.920413088541
3406,15318.920413088541
3407,15318.920413088541
3408,15318.920413088541
3409,15318.920413088541
3410,15318.920413088541
3411,15318.920413088541
3412,15318.920413088541
3413,15318.920413088541
3414,15318.920413088541
3415,15318.920413088541
3416,15318.920413088541
3417,15318.920413088541
3418,15318.920413088541
3419,15318.920413088541
3420,15318.920413088541
3421,15318.920413088541
3422,15318.920413088541
3423,15318.920413088541
3424,15318.920413088541
3425,15320.280086869889
3426,15320.280086869889
3427,15320.280086869889
3428,15320.280086869889
3429,15320.280086869889
3430,15320.280086869889
3431,15320.280086869889
3432,15320.280086869889
3433,15320.280086869889
3434,15320.280086869889
3435,15324.463683421809
3436,15324.463683421809
3437,15324.463683421809
3438,15324.463683421809
3439,15324.463683421809
3440,15324.463683421809
3441,15324.463683421809
3442,15324.463683421809
3443,15324.463683421809
3444,15324.463683421809
3445,15324.463683421809
3446,15324.463683421809
3447,15324.463683421809
3448,15324.463683421809
3449,15327.585027675319
3450,15327.585027675319
3451,15327.585027675319
3452,15327.585027675319
3453,15327.585027675319
3454,15327.585027675319
3455,15327.585027675319
3456,15327.585027675319
3457,15330.586721893244
3458,15330.586721893244
3459,15330.586721893244
3460,15330.586721893244
3461,15330.586721893244
3462,15330.586721893244
3463,15330.586721893244
3464,15330.586721893244
3465,15330.586721893244
3466,15330.586721893244
3467,15330.586721893244
3468,15330.586721893244
3469,15330.586721893244
3470,15330.586721893244
3471,15330.586721893244
3472,15330.586721893244
3473,15330.586721893244
3474,15330.586721893244
3475,15330.586721893244
3476,15330.586721893244
3477,15336.090952035767
3478,15336.090952035767
3479,15336.090952035767
3480,15336.090952035767
3481,15336.090952035767
3482,15336.090952035767
3483,15336.090952035767
3484,15336.090952035767
3485,15336.090952035767
3486,15336.090952035767
3487,15336.090952035767
3488,15336.090952035767
3489,15336.090952035767
3490,15336.090952035767
3491,15336.090952035767
3492,15336.090952035767
3493,15336.090952035767
3494,15336.090952035767
3495,15336.090952035767
3496,15338.204474102737
3497,15338.204474102737
3498,15338.204474102737
3499,15338.204474102737
3500,15338.204474102737
3501,15338.204474102737
3502,15338.204474102737
3503,15338.204474102737
3504,15338.204474102737
3505,15338.204474102737
3506,15338.204474102737
3507,15338.204474102737
3508,15338.204474102737
3509,15338.204474102737
3510,15338.204474102737
3511,15338.204474102737
3512,15338.204474102737
3513,15338.204474102737
3514,15338.204474102737
3515,15338.204474102737
3516,15341.306126483434
3517,15341.306126483434
3518,15341.306126483434
3519,15341.306126483434
3520,15341.306126483434
3521,15341.306126483434
3522,15341.306126483434
3523,15341.306126483434
3524,15341.306126483434
3525,15341.306126483434
3526,15344.599998492182
3527,15346.983348148153
3528,15346.983348148153
3529,15346.983348148153
3530,15346.983348148153
3531,15346.983348148153
3532,15346.983348148153
3533,15346.983348148153
3534,15346.983348148153
3535,15346.983348148153
3536,15346.983348148153
3537,15348.072346529189
3538,15351.447515517806
3539,15351.447515517806
3540,15351.447515517806
3541,15351.447515517806
3542,15359.152610020637
3543,15359.152610020637
3544,15359.152610020637
3545,15397.27211875958
3546,15397.27211875958
3547,15397.27211875958
3548,15397.27211875958
3549,15427.514640982028
3550,15427.514640982028
3551,15427.514640982028
3552,15433.451444093424
3553,15433.451444093424
3554,15433.451444093424
3555,15433.451444093424
3556,15433.451444093424
3557,15433.451444093424
3558,15433.451444093424
3559,15555.853956555777
3560,15555.853956555777
3561,15555.853956555777
3562,15555.853956555777
3563,15555.853956555777
3564,15555.853956555777
3565,15570.295098010403
3566,15578.026340072855
3567,15578.026340072855
3568,15578.026340072855
3569,15578.026340072855
3570,15578.026340072855
3571,15578.026340072855
3572,15578.026340072855
3573,15578.026340072855
3574,15578.026340072855
3575,15608.368608682338
3576,15608.368608682338
3577,15608.368608682338
3578,15608.368608682338
3579,15608.368608682338
3580,15608.368608682338
3581,15608.368608682338
3582,15608.368608682338
3583,15625.20794060783
3584,15635.292733829865
3585,15635.292733829865
3586,15635.292733829865
3587,15635.292733829865
3588,15635.292733829865
3589,15635.292733829865
3590,15635.292733829865
3591,15635.292733829865
3592,15636.708859242759
3593,15636.708859242759
3594,15636.708859242759
3595,15668.11822648294
3596,15668.11822648294
3597,15687.325039737862
3598,15687.325039737862
