Time,Junction 3 stop delay
0,0.0
1,0.0
2,0.0
3,0.0
4,0.0
5,0.0
6,0.0
7,0.0
8,0.0
9,0.0
10,0.0
11,0.0
12,0.0
13,0.0
14,0.0
15,0.0
16,0.0
17,0.0
18,0.0
19,0.0
20,0.0
21,0.0
22,0.0
23,0.0
24,0.0
25,0.0
26,0.0
27,0.0
28,0.0
29,0.0
30,0.0
31,0.0
32,0.0
33,0.0
34,0.0
35,0.0
36,0.0
37,0.0
38,0.6291315276670586
39,0.6291315276670586
40,0.6291315276670586
41,0.6291315276670586
42,0.6291315276670586
43,0.6291315276670586
44,0.6291315276670586
45,0.6291315276670586
46,0.6291315276670586
47,0.6291315276670586
48,0.6291315276670586
49,0.6291315276670586
50,0.6291315276670586
51,0.6291315276670586
52,0.6291315276670586
53,0.6291315276670586
54,4.32760180137254
55,4.32760180137254
56,4.32760180137254
57,4.32760180137254
58,4.32760180137254
59,11.751232371272849
60,11.751232371272849
61,11.751232371272849
62,11.751232371272849
63,11.751232371272849
64,11.751232371272849
65,11.989045053121774
66,11.989045053121774
67,11.989045053121774
68,11.989045053121774
69,11.989045053121774
70,11.989045053121774
71,11.989045053121774
72,11.989045053121774
73,11.989045053121774
74,11.989045053121774
75,11.989045053121774
76,11.989045053121774
77,11.989045053121774
78,11.989045053121774
79,11.989045053121774
80,11.989045053121774
81,11.989045053121774
82,11.989045053121774
83,17.209758126952494
84,17.209758126952494
85,17.209758126952494
86,17.209758126952494
87,17.209758126952494
88,17.209758126952494
89,17.209758126952494
90,33.74801484459315
91,33.74801484459315
92,33.74801484459315
93,33.74801484459315
94,37.43102158361896
95,37.43102158361896
96,37.43102158361896
97,37.43102158361896
98,37.43102158361896
99,37.43102158361896
100,37.43102158361896
101,37.43102158361896
102,37.43102158361896
103,37.43102158361896
104,39.10511901400333
105,39.10511901400333
106,39.10511901400333
107,39.10511901400333
108,39.10511901400333
109,39.10511901400333
110,39.10511901400333
111,39.10511901400333
112,39.10511901400333
113,39.10511901400333
114,46.30453268039075
115,76.81609741608756
116,76.81609741608756
117,76.81609741608756
118,76.81609741608756
119,85.35187424762245
120,85.35187424762245
121,85.35187424762245
122,85.35187424762245
123,85.35187424762245
124,85.35187424762245
125,85.35187424762245
126,85.35187424762245
127,85.35187424762245
128,85.35187424762245
129,85.35187424762245
130,85.35187424762245
131,85.35187424762245
132,85.35187424762245
133,85.35187424762245
134,90.86296451220468
135,90.86296451220468
136,90.86296451220468
137,96.79060803431089
138,96.79060803431089
139,96.79060803431089
140,96.79060803431089
141,96.79060803431089
142,96.79060803431089
143,96.79060803431089
144,96.79060803431089
145,96.79060803431089
146,103.82009909661558
147,103.82009909661558
148,104.32009909661558
149,104.32009909661558
150,104.32009909661558
151,104.32009909661558
152,104.32009909661558
153,104.32009909661558
154,104.32009909661558
155,104.32009909661558
156,104.32009909661558
157,120.2156784681231
158,120.2156784681231
159,120.2156784681231
160,120.2156784681231
161,164.81054341774043
162,211.43660421095683
163,211.43660421095683
164,211.43660421095683
165,211.43660421095683
166,211.43660421095683
167,214.83970770921414
168,214.83970770921414
169,214.83970770921414
170,214.83970770921414
171,214.83970770921414
172,234.1767924630634
173,234.1767924630634
174,234.1767924630634
175,234.1767924630634
176,234.1767924630634
177,234.1767924630634
178,234.1767924630634
179,234.1767924630634
180,235.14454770805673
181,235.14454770805673
182,235.14454770805673
183,235.14454770805673
184,235.14454770805673
185,235.14454770805673
186,235.14454770805673
187,235.14454770805673
188,235.14454770805673
189,235.14454770805673
190,235.14454770805673
191,235.26679494394824
192,238.95705155473783
193,238.95705155473783
194,238.95705155473783
195,238.95705155473783
196,238.95705155473783
197,238.95705155473783
198,238.95705155473783
199,238.95705155473783
200,238.95705155473783
201,246.39824162036612
202,272.9326591475797
203,272.9326591475797
204,280.12887877013424
205,280.12887877013424
206,280.12887877013424
207,280.12887877013424
208,280.12887877013424
209,280.12887877013424
210,280.12887877013424
211,280.12887877013424
212,295.40695678811556
213,295.40695678811556
214,295.40695678811556
215,295.40695678811556
216,295.40695678811556
217,318.9491921519891
218,318.9491921519891
219,318.9491921519891
220,340.6485883745152
221,346.447788412976
222,346.447788412976
223,346.447788412976
224,346.447788412976
225,346.447788412976
226,346.447788412976
227,346.447788412976
228,346.447788412976
229,346.447788412976
230,346.447788412976
231,346.447788412976
232,346.447788412976
233,346.447788412976
234,346.447788412976
235,346.447788412976
236,346.447788412976
237,346.447788412976
238,346.447788412976
239,346.447788412976
240,346.447788412976
241,355.86667164828754
242,355.86667164828754
243,355.86667164828754
244,355.86667164828754
245,355.86667164828754
246,358.77389949992676
247,358.77389949992676
248,358.77389949992676
249,358.77389949992676
250,358.77389949992676
251,358.77389949992676
252,358.77389949992676
253,358.77389949992676
254,358.77389949992676
255,358.77389949992676
256,358.77389949992676
257,358.77389949992676
258,358.77389949992676
259,358.77389949992676
260,358.77389949992676
261,372.413709835852
262,388.34356742938036
263,393.3213751698658
264,393.3213751698658
265,393.3213751698658
266,393.3213751698658
267,393.3213751698658
268,393.3213751698658
269,393.3213751698658
270,393.3213751698658
271,393.3213751698658
272,395.38388031247734
273,395.38388031247734
274,395.38388031247734
275,395.38388031247734
276,395.38388031247734
277,395.38388031247734
278,395.38388031247734
279,395.38388031247734
280,395.38388031247734
281,395.38388031247734
282,395.38388031247734
283,395.38388031247734
284,401.58003007995933
285,401.58003007995933
286,406.87265136927516
287,406.87265136927516
288,406.87265136927516
289,406.87265136927516
290,406.87265136927516
291,406.87265136927516
292,406.87265136927516
293,406.87265136927516
294,406.87265136927516
295,406.87265136927516
296,406.87265136927516
297,406.87265136927516
298,406.87265136927516
299,406.87265136927516
300,421.5961527066054
301,421.5961527066054
302,421.5961527066054
303,421.5961527066054
304,421.5961527066054
305,421.5961527066054
306,421.5961527066054
307,421.5961527066054
308,421.5961527066054
309,421.5961527066054
310,421.5961527066054
311,429.0991969679099
312,445.02183173307435
313,445.02183173307435
314,445.02183173307435
315,445.02183173307435
316,445.02183173307435
317,445.02183173307435
318,445.02183173307435
319,445.02183173307435
320,448.11842006878715
321,448.11842006878715
322,448.11842006878715
323,448.11842006878715
324,448.11842006878715
325,448.11842006878715
326,448.11842006878715
327,448.11842006878715
328,448.11842006878715
329,448.11842006878715
330,461.73171652073404
331,461.73171652073404
332,461.73171652073404
333,461.73171652073404
334,461.73171652073404
335,491.4136318230102
336,491.4136318230102
337,491.4136318230102
338,491.4136318230102
339,491.4136318230102
340,491.4136318230102
341,491.4136318230102
342,516.8279410014133
343,521.1439458687446
344,524.0078730623636
345,524.0078730623636
346,524.0078730623636
347,524.0078730623636
348,524.0078730623636
349,524.0078730623636
350,536.3181341682844
351,536.3181341682844
352,536.3181341682844
353,540.661331889327
354,553.351623269648
355,553.351623269648
356,553.351623269648
357,553.351623269648
358,553.351623269648
359,553.351623269648
360,553.351623269648
361,555.7847269566507
362,555.7847269566507
363,555.7847269566507
364,555.7847269566507
365,555.7847269566507
366,555.7847269566507
367,555.7847269566507
368,555.7847269566507
369,555.7847269566507
370,555.7847269566507
371,555.7847269566507
372,558.595786873832
373,558.595786873832
374,558.595786873832
375,558.595786873832
376,558.595786873832
377,558.595786873832
378,558.595786873832
379,558.595786873832
380,558.595786873832
381,568.6693498579687
382,575.8022580056708
383,601.7695298395687
384,601.7695298395687
385,604.7782808541388
386,604.7782808541388
387,604.7782808541388
388,604.7782808541388
389,604.7782808541388
390,604.7782808541388
391,604.7782808541388
392,604.7782808541388
393,604.7782808541388
394,604.7782808541388
395,639.2848549554566
396,645.2162034416488
397,645.2162034416488
398,645.2162034416488
399,645.2162034416488
400,645.2162034416488
401,645.2162034416488
402,645.2162034416488
403,650.80197938848
404,650.80197938848
405,650.80197938848
406,650.80197938848
407,651.7928625358517
408,651.7928625358517
409,651.7928625358517
410,651.7928625358517
411,658.1127550063718
412,658.1127550063718
413,658.1127550063718
414,658.1127550063718
415,658.1127550063718
416,658.1127550063718
417,658.1127550063718
418,658.1127550063718
419,658.1127550063718
420,670.1549336021258
421,671.9413527186791
422,671.9413527186791
423,671.9413527186791
424,671.9413527186791
425,671.9413527186791
426,671.9413527186791
427,671.9413527186791
428,671.9413527186791
429,671.9413527186791
430,671.9413527186791
431,671.9413527186791
432,678.9638158945539
433,695.9938338064028
434,697.4871283039578
435,697.4871283039578
436,697.4871283039578
437,697.4871283039578
438,697.4871283039578
439,697.4871283039578
440,697.4871283039578
441,697.4871283039578
442,704.2694338569523
443,704.2694338569523
444,704.2694338569523
445,704.2694338569523
446,704.2694338569523
447,704.2694338569523
448,704.2694338569523
449,704.2694338569523
450,704.2694338569523
451,723.7560851696602
452,723.7560851696602
453,723.7560851696602
454,723.7560851696602
455,723.7560851696602
456,723.7560851696602
457,723.7560851696602
458,723.7560851696602
459,723.7560851696602
460,723.7560851696602
461,723.7560851696602
462,723.7560851696602
463,728.6411181431786
464,732.7319110219584
465,732.7319110219584
466,732.7319110219584
467,732.7319110219584
468,735.7555090500693
469,735.7555090500693
470,735.7555090500693
471,745.195604912573
472,745.195604912573
473,750.6392945752876
474,756.9888860603708
475,756.9888860603708
476,756.9888860603708
477,761.8167454708271
478,761.8167454708271
479,761.8167454708271
480,761.8167454708271
481,785.7400034088416
482,785.7400034088416
483,785.7400034088416
484,785.7400034088416
485,798.5642458729267
486,807.2673659395234
487,807.2673659395234
488,807.2673659395234
489,807.2673659395234
490,814.1888031699887
491,814.1888031699887
492,814.1888031699887
493,814.1888031699887
494,830.2128499164172
495,830.2128499164172
496,830.2128499164172
497,830.2128499164172
498,847.3888075860056
499,847.3888075860056
500,852.493542756721
501,852.493542756721
502,852.593542756721
503,852.593542756721
504,852.593542756721
505,852.593542756721
506,852.593542756721
507,852.593542756721
508,852.593542756721
509,852.593542756721
510,883.8220326531646
511,883.8220326531646
512,883.8220326531646
513,883.8220326531646
514,883.8220326531646
515,883.8220326531646
516,883.8220326531646
517,915.1504123747417
518,918.1575053022947
519,918.1575053022947
520,918.1575053022947
521,918.1575053022947
522,918.1575053022947
523,918.1575053022947
524,923.4654650351396
525,923.4654650351396
526,923.4654650351396
527,923.4654650351396
528,923.4654650351396
529,923.4654650351396
530,923.4654650351396
531,923.4654650351396
532,923.4654650351396
533,923.4654650351396
534,923.4654650351396
535,923.4654650351396
536,947.1490508190461
537,951.4300727474429
538,951.4300727474429
539,952.0300727474429
540,965.10584365623
541,970.5042303934099
542,970.5042303934099
543,970.5042303934099
544,970.5042303934099
545,970.5042303934099
546,984.6457490833312
547,984.6457490833312
548,984.6457490833312
549,984.6457490833312
550,984.6457490833312
551,984.6457490833312
552,984.6457490833312
553,984.6457490833312
554,984.6457490833312
555,987.3481845209435
556,987.3481845209435
557,989.8737704114494
558,989.8737704114494
559,989.8737704114494
560,989.8737704114494
561,1001.0614532165853
562,1001.0614532165853
563,1001.0614532165853
564,1003.7599201469101
565,1003.7599201469101
566,1027.8990230224294
567,1027.8990230224294
568,1027.8990230224294
569,1027.8990230224294
570,1027.8990230224294
571,1074.5045301995692
572,1074.5045301995692
573,1074.5045301995692
574,1074.5045301995692
575,1110.2802996646037
576,1110.2802996646037
577,1153.4918746068793
578,1168.2263347306773
579,1168.2263347306773
580,1168.2263347306773
581,1168.2263347306773
582,1168.2263347306773
583,1168.2263347306773
584,1168.2263347306773
585,1182.8365263187611
586,1182.8365263187611
587,1189.0934835250055
588,1189.0934835250055
589,1189.0934835250055
590,1197.820367739872
591,1197.820367739872
592,1197.820367739872
593,1197.820367739872
594,1197.820367739872
595,1197.820367739872
596,1205.1211497053002
597,1205.1211497053002
598,1205.1211497053002
599,1205.1211497053002
600,1205.1211497053002
601,1205.1211497053002
602,1205.1211497053002
603,1205.1211497053002
604,1205.1211497053002
605,1205.1211497053002
606,1213.2602942013868
607,1213.2602942013868
608,1213.2602942013868
609,1213.2602942013868
610,1216.2565295044822
611,1216.2565295044822
612,1216.2565295044822
613,1216.2565295044822
614,1216.2565295044822
615,1221.8357276024851
616,1221.8357276024851
617,1221.932463135851
618,1221.932463135851
619,1221.932463135851
620,1221.932463135851
621,1221.932463135851
622,1221.932463135851
623,1221.932463135851
624,1221.932463135851
625,1224.2320474478715
626,1224.2320474478715
627,1224.2320474478715
628,1224.2320474478715
629,1229.2526091619518
630,1229.2526091619518
631,1229.2526091619518
632,1229.2526091619518
633,1229.2526091619518
634,1229.2526091619518
635,1229.2526091619518
636,1229.2526091619518
637,1229.2526091619518
638,1229.2526091619518
639,1229.2526091619518
640,1229.2526091619518
641,1229.2526091619518
642,1229.2526091619518
643,1229.2526091619518
644,1229.2526091619518
645,1230.5203909833529
646,1230.5203909833529
647,1230.5203909833529
648,1230.5203909833529
649,1230.5203909833529
650,1230.5203909833529
651,1230.5203909833529
652,1230.5203909833529
653,1230.5203909833529
654,1230.5203909833529
655,1260.1364604180937
656,1268.5645379990005
657,1268.5645379990005
658,1268.5645379990005
659,1268.5645379990005
660,1268.5645379990005
661,1268.5645379990005
662,1268.5645379990005
663,1268.5645379990005
664,1268.5645379990005
665,1268.5645379990005
666,1270.3616774865359
667,1270.3616774865359
668,1270.3616774865359
669,1270.3616774865359
670,1270.3616774865359
671,1295.9424655030286
672,1295.9424655030286
673,1295.9424655030286
674,1295.9424655030286
675,1295.9424655030286
676,1295.9424655030286
677,1295.9424655030286
678,1295.9424655030286
679,1295.9424655030286
680,1295.9424655030286
681,1295.9424655030286
682,1295.9424655030286
683,1295.9424655030286
684,1295.9424655030286
685,1295.9424655030286
686,1302.6393403861932
687,1307.2272676336602
688,1307.2272676336602
689,1307.2272676336602
690,1307.2272676336602
691,1307.2272676336602
692,1307.2272676336602
693,1307.2272676336602
694,1307.2272676336602
695,1315.367499772057
696,1318.62751166132
697,1325.266604245429
698,1325.266604245429
699,1325.266604245429
700,1325.266604245429
701,1325.7844805080736
702,1325.7844805080736
703,1325.7844805080736
704,1337.9635303590296
705,1347.301711677219
706,1349.333492937129
707,1349.333492937129
708,1349.333492937129
709,1349.333492937129
710,1353.3400786446616
711,1353.3400786446616
712,1353.3400786446616
713,1353.3400786446616
714,1353.3400786446616
715,1356.7016222582456
716,1356.7016222582456
717,1370.3168584290875
718,1371.617391499735
719,1371.617391499735
720,1373.7796746585987
721,1373.7796746585987
722,1373.7796746585987
723,1373.7796746585987
724,1407.1204378895216
725,1409.9562329786102
726,1409.9562329786102
727,1437.7844344872099
728,1437.7844344872099
729,1437.7844344872099
730,1442.8631094013288
731,1442.8631094013288
732,1442.8631094013288
733,1442.8631094013288
734,1442.8631094013288
735,1442.8631094013288
736,1447.3381363286599
737,1451.4576458091053
738,1451.4576458091053
739,1451.4576458091053
740,1451.4576458091053
741,1451.4576458091053
742,1451.4576458091053
743,1451.4576458091053
744,1451.4576458091053
745,1464.927632373847
746,1465.327632373847
747,1481.0159947309264
748,1481.0159947309264
749,1481.0159947309264
750,1481.0159947309264
751,1481.0159947309264
752,1481.0159947309264
753,1481.0159947309264
754,1481.0159947309264
755,1484.9291045821076
756,1487.6392765781357
757,1487.6392765781357
758,1487.6392765781357
759,1495.6694841505862
760,1499.6708566561329
761,1502.4615523502364
762,1502.4615523502364
763,1502.4615523502364
764,1502.4615523502364
765,1502.4615523502364
766,1502.4615523502364
767,1502.4615523502364
768,1502.4615523502364
769,1525.6794633237134
770,1562.7846573782329
771,1562.7846573782329
772,1562.7846573782329
773,1566.1062637965683
774,1566.1062637965683
775,1566.1062637965683
776,1600.8506281263162
777,1600.8506281263162
778,1601.924761653555
779,1603.7124185123225
780,1603.7124185123225
781,1603.7124185123225
782,1603.7124185123225
783,1603.7124185123225
784,1603.7124185123225
785,1603.7124185123225
786,1609.7373859171548
787,1614.6925621750258
788,1614.6925621750258
789,1614.6925621750258
790,1614.6925621750258
791,1640.903156312369
792,1640.903156312369
793,1654.839953784359
794,1654.839953784359
795,1661.7676685946967
796,1661.7676685946967
797,1661.7676685946967
798,1661.7676685946967
799,1661.7676685946967
800,1662.2736072545395
801,1662.2736072545395
802,1662.2736072545395
803,1662.2736072545395
804,1662.2736072545395
805,1662.2736072545395
806,1662.2736072545395
807,1662.2736072545395
808,1674.6261977783531
809,1674.6261977783531
810,1674.6261977783531
811,1693.4010160179612
812,1693.4010160179612
813,1696.7981103360853
814,1696.7981103360853
815,1720.8008759552522
816,1743.0269566348295
817,1753.3654281114889
818,1753.3654281114889
819,1760.6581582371107
820,1775.8332023482735
821,1775.8332023482735
822,1780.9786233460125
823,1780.9786233460125
824,1780.9786233460125
825,1780.9786233460125
826,1784.902334664466
827,1784.902334664466
828,1787.894373276323
829,1790.7375377798874
830,1790.7375377798874
831,1790.7375377798874
832,1790.7375377798874
833,1790.7375377798874
834,1801.4519767511547
835,1801.4519767511547
836,1801.4519767511547
837,1801.4519767511547
838,1801.4519767511547
839,1801.4519767511547
840,1801.4519767511547
841,1801.4519767511547
842,1801.4519767511547
843,1838.6191464979706
844,1838.6191464979706
845,1838.6191464979706
846,1838.6191464979706
847,1856.6958848613288
848,1862.5240428122695
849,1862.5240428122695
850,1862.5240428122695
851,1863.8448021158479
852,1863.8448021158479
853,1863.8448021158479
854,1863.8448021158479
855,1863.8448021158479
856,1863.8448021158479
857,1863.8448021158479
858,1909.5846124620439
859,1909.5846124620439
860,1909.5846124620439
861,1957.183333815235
862,1957.183333815235
863,1992.5910708238675
864,2023.2176384468075
865,2033.7750436603633
866,2041.7617790753404
867,2047.8470592922272
868,2047.8470592922272
869,2047.8470592922272
870,2047.8470592922272
871,2047.8470592922272
872,2047.8470592922272
873,2047.8470592922272
874,2047.8470592922272
875,2047.8470592922272
876,2047.8470592922272
877,2047.8470592922272
878,2053.860779715245
879,2056.358566098134
880,2060.255490183586
881,2064.3385219864713
882,2067.5308415751692
883,2069.036474495161
884,2070.830730721128
885,2071.730730721128
886,2071.730730721128
887,2071.730730721128
888,2071.730730721128
889,2071.730730721128
890,2096.946927870834
891,2096.946927870834
892,2096.946927870834
893,2098.2876943502642
894,2098.2876943502642
895,2113.7544205324234
896,2113.7544205324234
897,2119.989570245903
898,2119.989570245903
899,2125.9144748290214
900,2125.9144748290214
901,2162.1802526243837
902,2162.1802526243837
903,2162.1802526243837
904,2162.1802526243837
905,2162.1802526243837
906,2175.5012617824827
907,2239.5809966589104
908,2292.5119860148397
909,2344.2242639744213
910,2372.6004906120484
911,2395.193061447395
912,2395.193061447395
913,2431.700531983637
914,2441.7575091293616
915,2451.453753300201
916,2451.453753300201
917,2451.453753300201
918,2454.151161436972
919,2454.151161436972
920,2454.151161436972
921,2454.151161436972
922,2454.151161436972
923,2454.151161436972
924,2473.616329646763
925,2473.616329646763
926,2473.616329646763
927,2487.1914881837956
928,2497.315719357296
929,2501.628701257202
930,2501.628701257202
931,2511.5343825228642
932,2512.128418790439
933,2528.7403234948174
934,2528.7403234948174
935,2546.460959217182
936,2546.460959217182
937,2546.460959217182
938,2546.460959217182
939,2546.460959217182
940,2546.460959217182
941,2546.460959217182
942,2546.460959217182
943,2569.465412274549
944,2601.401625669428
945,2613.8732507936215
946,2613.8732507936215
947,2621.8154789376035
948,2621.8154789376035
949,2621.8154789376035
950,2621.8154789376035
951,2621.8154789376035
952,2621.8154789376035
953,2621.8154789376035
954,2621.8154789376035
955,2621.8154789376035
956,2621.8154789376035
957,2621.8154789376035
958,2621.8154789376035
959,2621.8154789376035
960,2621.8154789376035
961,2629.106862548238
962,2629.106862548238
963,2667.417667707459
964,2667.417667707459
965,2671.094043657918
966,2671.094043657918
967,2671.094043657918
968,2671.094043657918
969,2682.9082658081115
970,2709.01272879155
971,2713.374987505606
972,2743.6587622877873
973,2746.363368483204
974,2746.363368483204
975,2746.363368483204
976,2746.363368483204
977,2746.363368483204
978,2746.363368483204
979,2746.363368483204
980,2746.363368483204
981,2781.765950187267
982,2781.765950187267
983,2781.765950187267
984,2795.2624861704453
985,2795.2624861704453
986,2795.2624861704453
987,2795.2624861704453
988,2797.0614212172677
989,2797.0614212172677
990,2797.0614212172677
991,2797.0614212172677
992,2803.0890872379714
993,2803.0890872379714
994,2803.0890872379714
995,2803.0890872379714
996,2804.713518763924
997,2804.713518763924
998,2804.713518763924
999,2804.713518763924
1000,2804.713518763924
1001,2804.713518763924
1002,2804.713518763924
1003,2804.713518763924
1004,2804.713518763924
1005,2804.713518763924
1006,2804.713518763924
1007,2829.8366777035044
1008,2829.8366777035044
1009,2855.0152204055958
1010,2862.678686677088
1011,2865.0867905560867
1012,2865.0867905560867
1013,2867.427108612395
1014,2867.427108612395
1015,2867.427108612395
1016,2867.427108612395
1017,2867.427108612395
1018,2867.427108612395
1019,2867.427108612395
1020,2885.9340785234417
1021,2885.9340785234417
1022,2898.8441550055486
1023,2907.6369447603056
1024,2907.6369447603056
1025,2938.319684653438
1026,2953.984962916786
1027,2961.454338268213
1028,2964.738106391176
1029,2964.738106391176
1030,2964.738106391176
1031,2964.738106391176
1032,2964.738106391176
1033,2964.738106391176
1034,2964.738106391176
1035,2964.738106391176
1036,2993.558973767043
1037,3006.0168971374796
1038,3006.0168971374796
1039,3006.0168971374796
1040,3027.4097618432133
1041,3027.4097618432133
1042,3039.3258856974826
1043,3054.848761168616
1044,3061.5161750826915
1045,3061.5161750826915
1046,3061.5161750826915
1047,3061.5161750826915
1048,3061.5161750826915
1049,3061.5161750826915
1050,3063.898750142822
1051,3063.898750142822
1052,3063.898750142822
1053,3069.750887494164
1054,3069.750887494164
1055,3069.750887494164
1056,3154.792036138928
1057,3154.792036138928
1058,3154.792036138928
1059,3203.532099314016
1060,3203.532099314016
1061,3255.3758333147634
1062,3285.9567605354955
1063,3338.0855795379325
1064,3338.0855795379325
1065,3349.8731546248578
1066,3363.183401252369
1067,3363.183401252369
1068,3371.159253967555
1069,3371.159253967555
1070,3371.159253967555
1071,3371.159253967555
1072,3380.4672474195786
1073,3380.4672474195786
1074,3390.0179292791927
1075,3390.0179292791927
1076,3390.0179292791927
1077,3390.0179292791927
1078,3394.25042618399
1079,3394.25042618399
1080,3402.630961375805
1081,3417.224168165868
1082,3430.9956315965273
1083,3430.9956315965273
1084,3430.9956315965273
1085,3445.1177850465488
1086,3452.5705094895693
1087,3452.5705094895693
1088,3452.5705094895693
1089,3453.5705094895693
1090,3453.5705094895693
1091,3453.5705094895693
1092,3453.5705094895693
1093,3463.8287006083715
1094,3474.968719609004
1095,3474.968719609004
1096,3474.968719609004
1097,3474.968719609004
1098,3482.118735939144
1099,3483.2187359391437
1100,3483.2187359391437
1101,3487.177129911655
1102,3487.177129911655
1103,3487.177129911655
1104,3487.177129911655
1105,3487.177129911655
1106,3487.177129911655
1107,3487.177129911655
1108,3487.177129911655
1109,3487.177129911655
1110,3487.177129911655
1111,3487.177129911655
1112,3487.177129911655
1113,3487.177129911655
1114,3508.602944482503
1115,3561.103357607374
1116,3582.6859143048264
1117,3618.145153929554
1118,3618.145153929554
1119,3647.379454320478
1120,3647.379454320478
1121,3661.4910700057503
1122,3661.4910700057503
1123,3661.4910700057503
1124,3672.9185609449705
1125,3691.7108549283053
1126,3691.8043521680092
1127,3706.6832711903544
1128,3706.6832711903544
1129,3713.401540507932
1130,3713.401540507932
1131,3720.311787003125
1132,3723.155485094392
1133,3723.155485094392
1134,3723.155485094392
1135,3723.155485094392
1136,3723.155485094392
1137,3723.155485094392
1138,3787.0405271970144
1139,3787.0405271970144
1140,3851.442160730192
1141,3892.7308609700176
1142,3924.3066176329894
1143,3924.3066176329894
1144,3924.3066176329894
1145,3935.7498449252816
1146,3958.4375559552104
1147,3964.361020613313
1148,3964.361020613313
1149,3964.361020613313
1150,3969.357091333486
1151,3969.357091333486
1152,3969.357091333486
1153,3997.780221666782
1154,3999.1369465524263
1155,3999.1369465524263
1156,3999.1369465524263
1157,4006.4399989237454
1158,4006.4399989237454
1159,4006.4399989237454
1160,4006.4399989237454
1161,4006.4399989237454
1162,4056.8457169856647
1163,4056.8457169856647
1164,4056.8457169856647
1165,4056.8457169856647
1166,4056.8457169856647
1167,4056.8457169856647
1168,4056.8457169856647
1169,4092.070460057746
1170,4122.682895056926
1171,4123.1603149508455
1172,4158.979389484176
1173,4158.979389484176
1174,4160.795527318942
1175,4160.795527318942
1176,4162.1722179314465
1177,4162.1722179314465
1178,4162.1722179314465
1179,4169.273417291575
1180,4170.606633216769
1181,4170.606633216769
1182,4170.606633216769
1183,4170.606633216769
1184,4170.606633216769
1185,4170.606633216769
1186,4170.606633216769
1187,4170.606633216769
1188,4170.606633216769
1189,4186.919329654646
1190,4218.826319482683
1191,4218.826319482683
1192,4228.151110291637
1193,4229.790738069071
1194,4232.37410411129
1195,4232.37410411129
1196,4232.37410411129
1197,4232.37410411129
1198,4232.37410411129
1199,4233.78036722778
1200,4233.78036722778
1201,4233.78036722778
1202,4233.78036722778
1203,4236.180367227779
1204,4236.180367227779
1205,4239.180367227779
1206,4239.180367227779
1207,4239.180367227779
1208,4239.180367227779
1209,4239.180367227779
1210,4239.180367227779
1211,4239.180367227779
1212,4282.956458871557
1213,4282.956458871557
1214,4299.883760833408
1215,4299.883760833408
1216,4299.883760833408
1217,4328.061986007442
1218,4343.694259265203
1219,4350.301440404122
1220,4350.301440404122
1221,4350.301440404122
1222,4351.893702365603
1223,4357.301051654484
1224,4360.671118017518
1225,4384.24523454771
1226,4401.4273529657685
1227,4401.4273529657685
1228,4401.4273529657685
1229,4414.681143511865
1230,4414.681143511865
1231,4414.681143511865
1232,4426.409248672871
1233,4426.409248672871
1234,4426.409248672871
1235,4426.409248672871
1236,4461.440090612923
1237,4503.0800027073055
1238,4503.0800027073055
1239,4517.164267594196
1240,4531.706906458711
1241,4543.244262826878
1242,4547.429535027759
1243,4547.429535027759
1244,4547.429535027759
1245,4553.519449486863
1246,4561.7043963652895
1247,4561.7043963652895
1248,4575.505206180676
1249,4575.505206180676
1250,4575.505206180676
1251,4578.462260711005
1252,4578.462260711005
1253,4578.462260711005
1254,4578.462260711005
1255,4586.460798215509
1256,4586.460798215509
1257,4619.810577742529
1258,4619.810577742529
1259,4672.698826624952
1260,4676.250611925998
1261,4680.766518388182
1262,4705.078910722835
1263,4706.508411019377
1264,4706.508411019377
1265,4740.118781532285
1266,4740.118781532285
1267,4754.0256289115405
1268,4764.0747750738155
1269,4797.256558333934
1270,4804.569753225759
1271,4806.5497861712565
1272,4806.5497861712565
1273,4809.438730893359
1274,4809.438730893359
1275,4809.438730893359
1276,4809.438730893359
1277,4809.438730893359
1278,4826.570454984897
1279,4834.826827793886
1280,4834.826827793886
1281,4850.882891570349
1282,4850.882891570349
1283,4850.882891570349
1284,4850.882891570349
1285,4859.2060346639655
1286,4859.2060346639655
1287,4861.594121802287
1288,4866.7229167097175
1289,4866.7229167097175
1290,4866.7229167097175
1291,4866.7229167097175
1292,4866.7229167097175
1293,4866.7229167097175
1294,4910.657743929607
1295,4935.4891124838505
1296,4959.019591343737
1297,4959.019591343737
1298,4965.519450469852
1299,4966.9694467423915
1300,4969.266940982536
1301,4972.526861019119
1302,4972.526861019119
1303,4972.526861019119
1304,4972.526861019119
1305,4978.0247044077705
1306,4978.0247044077705
1307,4978.824704407771
1308,4978.824704407771
1309,4979.22470440777
1310,4979.22470440777
1311,4979.22470440777
1312,5022.33077730352
1313,5059.232027547497
1314,5103.820607013402
1315,5129.678511165391
1316,5141.018691423303
1317,5141.018691423303
1318,5153.733647930106
1319,5167.064183649558
1320,5168.499554787245
1321,5173.408743485357
1322,5173.408743485357
1323,5174.008743485358
1324,5182.225394118149
1325,5188.364121771044
1326,5188.364121771044
1327,5188.364121771044
1328,5188.364121771044
1329,5188.364121771044
1330,5188.364121771044
1331,5188.364121771044
1332,5195.981089051277
1333,5195.981089051277
1334,5207.00507005505
1335,5207.00507005505
1336,5207.00507005505
1337,5220.887649400992
1338,5227.9667893604055
1339,5238.790323330291
1340,5241.539131880039
1341,5241.539131880039
1342,5241.539131880039
1343,5246.721199479645
1344,5252.180725370735
1345,5252.180725370735
1346,5252.180725370735
1347,5254.761727142117
1348,5254.761727142117
1349,5254.761727142117
1350,5293.400240303602
1351,5293.400240303602
1352,5330.986334909133
1353,5330.986334909133
1354,5375.601620509297
1355,5375.601620509297
1356,5398.318373837595
1357,5426.2422104512525
1358,5444.091431829443
1359,5449.326872562215
1360,5449.326872562215
1361,5449.326872562215
1362,5449.326872562215
1363,5449.326872562215
1364,5505.009142679028
1365,5505.009142679028
1366,5505.009142679028
1367,5505.009142679028
1368,5505.009142679028
1369,5505.009142679028
1370,5505.009142679028
1371,5505.009142679028
1372,5537.3156278997585
1373,5575.550597466345
1374,5578.542166135465
1375,5599.848942484396
1376,5640.638332393342
1377,5672.441455211922
1378,5672.441455211922
1379,5672.441455211922
1380,5672.441455211922
1381,5672.441455211922
1382,5672.441455211922
1383,5680.019337717241
1384,5680.019337717241
1385,5680.019337717241
1386,5680.019337717241
1387,5701.313142350832
1388,5701.313142350832
1389,5701.313142350832
1390,5722.192566294093
1391,5752.8490313714865
1392,5752.8490313714865
1393,5752.8490313714865
1394,5759.512979441403
1395,5759.512979441403
1396,5759.512979441403
1397,5815.7909505557045
1398,5815.7909505557045
1399,5851.402750107298
1400,5903.533277689274
1401,5923.644078936594
1402,5946.769224706912
1403,5946.769224706912
1404,5960.572247442435
1405,5960.572247442435
1406,5971.067384909146
1407,5974.096920431146
1408,5985.77650953934
1409,6002.404045059412
1410,6002.404045059412
1411,6002.404045059412
1412,6015.805686875516
1413,6025.612096350452
1414,6044.2714335733035
1415,6044.2714335733035
1416,6044.2714335733035
1417,6044.2714335733035
1418,6044.2714335733035
1419,6044.2714335733035
1420,6047.263010486373
1421,6047.263010486373
1422,6047.263010486373
1423,6047.263010486373
1424,6047.263010486373
1425,6047.263010486373
1426,6047.263010486373
1427,6047.263010486373
1428,6098.805067427842
1429,6098.805067427842
1430,6144.884536484498
1431,6144.884536484498
1432,6166.046175726839
1433,6183.066251085834
1434,6188.606823438515
1435,6195.617118367247
1436,6243.993409592646
1437,6243.993409592646
1438,6292.774136220602
1439,6292.774136220602
1440,6335.011398988132
1441,6335.011398988132
1442,6335.011398988132
1443,6384.710973680501
1444,6384.710973680501
1445,6384.710973680501
1446,6384.710973680501
1447,6384.710973680501
1448,6384.810973680502
1449,6384.810973680502
1450,6384.810973680502
1451,6384.810973680502
1452,6384.810973680502
1453,6434.151937877936
1454,6434.151937877936
1455,6457.911988529609
1456,6457.911988529609
1457,6457.911988529609
1458,6486.084844200382
1459,6486.084844200382
1460,6486.084844200382
1461,6508.266632327416
1462,6508.566632327416
1463,6508.566632327416
1464,6539.347344944873
1465,6553.865559165737
1466,6553.865559165737
1467,6567.322107107925
1468,6573.339107118149
1469,6602.774714786644
1470,6603.774714786644
1471,6615.156692444542
1472,6615.156692444542
1473,6625.984728308063
1474,6625.984728308063
1475,6625.984728308063
1476,6625.984728308063
1477,6636.264378486724
1478,6640.947313950769
1479,6640.947313950769
1480,6642.682829705707
1481,6642.682829705707
1482,6642.682829705707
1483,6642.682829705707
1484,6642.682829705707
1485,6642.682829705707
1486,6688.288166024059
1487,6724.399818428282
1488,6724.399818428282
1489,6756.650821859141
1490,6771.442798116331
1491,6771.442798116331
1492,6783.452519806701
1493,6783.452519806701
1494,6783.452519806701
1495,6783.452519806701
1496,6783.452519806701
1497,6789.4946046196665
1498,6797.187648694336
1499,6797.187648694336
1500,6800.32494697265
1501,6800.32494697265
1502,6800.32494697265
1503,6800.32494697265
1504,6807.541887654702
1505,6807.541887654702
1506,6807.541887654702
1507,6807.541887654702
1508,6807.541887654702
1509,6807.541887654702
1510,6807.541887654702
1511,6807.541887654702
1512,6855.570064817106
1513,6855.570064817106
1514,6895.232533714251
1515,6895.232533714251
1516,6935.1329381459345
1517,6942.5525584786765
1518,6953.777607423262
1519,6958.377831345181
1520,6958.377831345181
1521,6958.377831345181
1522,6958.377831345181
1523,6958.377831345181
1524,6958.377831345181
1525,6958.377831345181
1526,6958.377831345181
1527,6958.377831345181
1528,6958.377831345181
1529,6958.377831345181
1530,6979.064277994404
1531,6995.692877260948
1532,6999.257529368804
1533,6999.257529368804
1534,7010.815494498121
1535,7031.955853789311
1536,7033.769552012642
1537,7033.769552012642
1538,7033.769552012642
1539,7056.174077559626
1540,7056.174077559626
1541,7076.4354932697115
1542,7085.960168099289
1543,7106.890435628841
1544,7108.425064675193
1545,7108.425064675193
1546,7108.425064675193
1547,7108.425064675193
1548,7108.425064675193
1549,7108.425064675193
1550,7108.425064675193
1551,7108.425064675193
1552,7108.425064675193
1553,7140.016321405804
1554,7140.016321405804
1555,7140.016321405804
1556,7140.016321405804
1557,7214.81488197385
1558,7286.088068242812
1559,7321.072109109444
1560,7321.072109109444
1561,7321.072109109444
1562,7329.665331845262
1563,7337.17406139995
1564,7337.17406139995
1565,7337.17406139995
1566,7353.0981630502165
1567,7365.685320373602
1568,7380.719542287049
1569,7380.719542287049
1570,7391.283172762801
1571,7395.3162943598945
1572,7398.456598605659
1573,7398.456598605659
1574,7404.956598605659
1575,7404.956598605659
1576,7407.077026413914
1577,7407.077026413914
1578,7407.077026413914
1579,7407.077026413914
1580,7427.254170208238
1581,7427.254170208238
1582,7427.254170208238
1583,7427.254170208238
1584,7427.254170208238
1585,7467.265069923905
1586,7478.951251808311
1587,7478.951251808311
1588,7507.34539815788
1589,7514.667148865493
1590,7514.667148865493
1591,7525.3573935725435
1592,7525.3573935725435
1593,7552.042563649473
1594,7552.042563649473
1595,7564.257219601583
1596,7564.257219601583
1597,7565.7581498852105
1598,7565.7581498852105
1599,7565.7581498852105
1600,7585.453233643064
1601,7585.453233643064
1602,7593.991438822561
1603,7593.991438822561
1604,7628.1211713130815
1605,7652.723618261601
1606,7652.723618261601
1607,7652.723618261601
1608,7673.842158616667
1609,7683.319423966276
1610,7683.319423966276
1611,7683.319423966276
1612,7683.319423966276
1613,7683.319423966276
1614,7707.701414270699
1615,7707.701414270699
1616,7718.109911442574
1617,7737.538104563025
1618,7746.676895731301
1619,7746.676895731301
1620,7746.676895731301
1621,7746.676895731301
1622,7746.676895731301
1623,7754.673362923049
1624,7754.673362923049
1625,7769.960860243485
1626,7769.960860243485
1627,7775.535353232612
1628,7775.535353232612
1629,7775.535353232612
1630,7810.713599160233
1631,7810.713599160233
1632,7810.713599160233
1633,7829.047393041032
1634,7839.759553851619
1635,7839.759553851619
1636,7839.759553851619
1637,7850.128652831085
1638,7853.520250754236
1639,7853.520250754236
1640,7853.520250754236
1641,7853.520250754236
1642,7853.520250754236
1643,7853.520250754236
1644,7855.131786403696
1645,7869.071673789556
1646,7869.071673789556
1647,7875.029437283844
1648,7880.526314106431
1649,7887.836789797537
1650,7887.836789797537
1651,7890.074338291386
1652,7902.181689544389
1653,7902.181689544389
1654,7902.181689544389
1655,7902.181689544389
1656,7911.848275898326
1657,7911.848275898326
1658,7911.848275898326
1659,7911.848275898326
1660,7916.724893980679
1661,7916.724893980679
1662,7916.724893980679
1663,7916.724893980679
1664,7916.724893980679
1665,7916.724893980679
1666,7920.1252481603715
1667,7920.1252481603715
1668,7920.1252481603715
1669,7920.1252481603715
1670,7934.314442383621
1671,7945.733654510413
1672,7948.148738857528
1673,7948.148738857528
1674,7951.393512677706
1675,7955.977710398869
1676,7955.977710398869
1677,7955.977710398869
1678,7955.977710398869
1679,7955.977710398869
1680,7955.977710398869
1681,7955.977710398869
1682,7955.977710398869
1683,7955.977710398869
1684,7955.977710398869
1685,7955.977710398869
1686,7955.977710398869
1687,8006.735865972229
1688,8031.023557997622
1689,8031.023557997622
1690,8054.290843392196
1691,8060.282030751428
1692,8079.098856782878
1693,8082.6526049495915
1694,8082.6526049495915
1695,8082.6526049495915
1696,8082.6526049495915
1697,8082.6526049495915
1698,8082.6526049495915
1699,8098.447466267165
1700,8098.447466267165
1701,8104.012953194313
1702,8104.012953194313
1703,8104.012953194313
1704,8104.012953194313
1705,8132.4460586337955
1706,8132.4460586337955
1707,8133.964267544636
1708,8133.964267544636
1709,8133.964267544636
1710,8139.156366971561
1711,8139.156366971561
1712,8139.156366971561
1713,8139.156366971561
1714,8139.156366971561
1715,8150.088717856089
1716,8161.393297652726
1717,8161.393297652726
1718,8174.120767777794
1719,8182.377825407814
1720,8182.377825407814
1721,8182.377825407814
1722,8182.377825407814
1723,8182.377825407814
1724,8182.377825407814
1725,8182.377825407814
1726,8182.377825407814
1727,8182.377825407814
1728,8182.377825407814
1729,8182.377825407814
1730,8182.377825407814
1731,8193.609524754425
1732,8193.609524754425
1733,8200.86492964838
1734,8200.86492964838
1735,8200.86492964838
1736,8205.436079056433
1737,8222.623347269207
1738,8234.819924032921
1739,8234.819924032921
1740,8234.819924032921
1741,8237.451892154377
1742,8258.356447484937
1743,8258.356447484937
1744,8258.356447484937
1745,8298.56681529173
1746,8298.56681529173
1747,8298.56681529173
1748,8359.260166115937
1749,8359.260166115937
1750,8398.854065837806
1751,8398.854065837806
1752,8449.77311473409
1753,8535.44744879759
1754,8535.44744879759
1755,8558.610362086854
1756,8568.5177930941
1757,8573.182736534549
1758,8573.182736534549
1759,8574.040388943176
1760,8576.36185674691
1761,8580.954662988843
1762,8580.954662988843
1763,8606.225916009982
1764,8606.225916009982
1765,8626.121590499784
1766,8626.121590499784
1767,8626.121590499784
1768,8632.298686193502
1769,8632.298686193502
1770,8632.298686193502
1771,8646.973676750189
1772,8646.973676750189
1773,8657.04821723858
1774,8657.04821723858
1775,8657.04821723858
1776,8660.156662346708
1777,8660.156662346708
1778,8691.377028447565
1779,8693.300126109765
1780,8693.300126109765
1781,8736.223191313498
1782,8776.499092223152
1783,8792.975935271632
1784,8792.975935271632
1785,8797.717150165476
1786,8804.648432452157
1787,8804.648432452157
1788,8804.648432452157
1789,8804.648432452157
1790,8804.648432452157
1791,8804.648432452157
1792,8804.648432452157
1793,8804.648432452157
1794,8818.071193783662
1795,8818.071193783662
1796,8831.699540998237
1797,8831.699540998237
1798,8835.010068424495
1799,8835.010068424495
1800,8835.010068424495
1801,8838.126067526573
1802,8840.523219197728
1803,8842.369654845215
1804,8842.819654845216
1805,8842.819654845216
1806,8911.239909373448
1807,8911.239909373448
1808,8911.239909373448
1809,8919.778288946776
1810,8919.778288946776
1811,8919.778288946776
1812,8929.890761613478
1813,8929.890761613478
1814,8929.890761613478
1815,8952.156515978222
1816,8952.156515978222
1817,8952.156515978222
1818,8952.156515978222
1819,8952.156515978222
1820,8952.156515978222
1821,8982.67838880791
1822,9013.755386937504
1823,9085.65869479764
1824,9085.65869479764
1825,9099.346590722009
1826,9124.942300215049
1827,9134.53017417102
1828,9143.167787083912
1829,9143.167787083912
1830,9143.167787083912
1831,9143.167787083912
1832,9150.09379674463
1833,9150.09379674463
1834,9150.09379674463
1835,9150.09379674463
1836,9150.09379674463
1837,9150.09379674463
1838,9150.09379674463
1839,9150.09379674463
1840,9150.09379674463
1841,9150.09379674463
1842,9154.444012394557
1843,9157.405310489254
1844,9157.405310489254
1845,9157.405310489254
1846,9157.405310489254
1847,9157.405310489254
1848,9157.405310489254
1849,9157.405310489254
1850,9157.405310489254
1851,9176.418964392471
1852,9183.931978151066
1853,9184.974057812988
1854,9184.974057812988
1855,9186.294149952832
1856,9186.294149952832
1857,9186.294149952832
1858,9186.294149952832
1859,9186.294149952832
1860,9186.294149952832
1861,9186.294149952832
1862,9186.294149952832
1863,9269.97246052581
1864,9317.85780692728
1865,9317.85780692728
1866,9325.799728385377
1867,9340.697830023244
1868,9340.697830023244
1869,9344.379179740894
1870,9344.379179740894
1871,9344.379179740894
1872,9348.973142495377
1873,9348.973142495377
1874,9348.973142495377
1875,9348.973142495377
1876,9348.973142495377
1877,9348.973142495377
1878,9348.973142495377
1879,9348.973142495377
1880,9348.973142495377
1881,9348.973142495377
1882,9348.973142495377
1883,9348.973142495377
1884,9348.973142495377
1885,9348.973142495377
1886,9348.973142495377
1887,9348.973142495377
1888,9348.973142495377
1889,9348.973142495377
1890,9348.973142495377
1891,9348.973142495377
1892,9348.973142495377
1893,9348.973142495377
1894,9348.973142495377
1895,9348.973142495377
1896,9348.973142495377
1897,9361.746251346727
1898,9380.464100197034
1899,9380.464100197034
1900,9398.37635409262
1901,9398.37635409262
1902,9404.205843567583
1903,9404.205843567583
1904,9404.205843567583
1905,9404.205843567583
1906,9408.119165042319
1907,9433.126477449829
1908,9435.668538283942
1909,9440.365467238254
1910,9476.871715320887
1911,9476.871715320887
1912,9476.871715320887
1913,9476.871715320887
1914,9476.871715320887
1915,9522.012729620124
1916,9549.02532543011
1917,9549.02532543011
1918,9560.907724530862
1919,9570.088371742475
1920,9578.904087841891
1921,9581.016119133257
1922,9581.016119133257
1923,9581.016119133257
1924,9581.016119133257
1925,9581.016119133257
1926,9581.016119133257
1927,9596.279742321056
1928,9596.279742321056
1929,9596.279742321056
1930,9602.214040827881
1931,9602.214040827881
1932,9618.443558561428
1933,9618.443558561428
1934,9618.443558561428
1935,9618.443558561428
1936,9623.412974901486
1937,9647.052726004824
1938,9647.052726004824
1939,9650.16129548253
1940,9650.16129548253
1941,9650.16129548253
1942,9650.16129548253
1943,9650.16129548253
1944,9650.16129548253
1945,9650.16129548253
1946,9662.66628832158
1947,9662.66628832158
1948,9685.656793471315
1949,9685.656793471315
1950,9685.656793471315
1951,9687.612130134521
1952,9687.612130134521
1953,9687.612130134521
1954,9690.974838599404
1955,9690.974838599404
1956,9693.2587406536
1957,9693.2587406536
1958,9693.2587406536
1959,9693.2587406536
1960,9693.2587406536
1961,9712.879447768997
1962,9712.879447768997
1963,9712.879447768997
1964,9726.607180743444
1965,9749.81580810027
1966,9749.81580810027
1967,9749.81580810027
1968,9760.046976909272
1969,9760.046976909272
1970,9760.046976909272
1971,9760.046976909272
1972,9760.046976909272
1973,9760.046976909272
1974,9760.046976909272
1975,9760.046976909272
1976,9774.264692020051
1977,9774.264692020051
1978,9798.473791594719
1979,9803.11388178953
1980,9803.11388178953
1981,9809.848187220205
1982,9809.848187220205
1983,9809.848187220205
1984,9809.848187220205
1985,9831.258295689571
1986,9847.187684733162
1987,9847.187684733162
1988,9865.113938284372
1989,9871.643817248068
1990,9871.643817248068
1991,9876.332161057131
1992,9876.332161057131
1993,9876.332161057131
1994,9876.332161057131
1995,9876.332161057131
1996,9886.149722751072
1997,9886.149722751072
1998,9886.149722751072
1999,9886.149722751072
2000,9895.54363212256
2001,9895.54363212256
2002,9895.54363212256
2003,9895.54363212256
2004,9895.54363212256
2005,9913.947761802594
2006,9913.947761802594
2007,9913.947761802594
2008,9922.728013505875
2009,9922.728013505875
2010,9922.728013505875
2011,9923.830496105795
2012,9923.830496105795
2013,9923.830496105795
2014,9923.830496105795
2015,9928.169134186695
2016,9928.169134186695
2017,9932.67603310102
2018,9932.67603310102
2019,9937.11196693948
2020,9937.11196693948
2021,9938.390595855755
2022,9938.390595855755
2023,9938.390595855755
2024,9938.390595855755
2025,9938.990595855756
2026,9938.990595855756
2027,9977.523071638801
2028,9977.523071638801
2029,9977.523071638801
2030,9977.523071638801
2031,9977.523071638801
2032,9977.523071638801
2033,10003.950035877855
2034,10028.245372902209
2035,10053.20487410074
2036,10070.193073054577
2037,10073.412214846518
2038,10073.412214846518
2039,10073.412214846518
2040,10073.412214846518
2041,10073.412214846518
2042,10073.412214846518
2043,10073.412214846518
2044,10100.360172325738
2045,10116.816025535321
2046,10116.816025535321
2047,10133.7797576971
2048,10133.7797576971
2049,10133.7797576971
2050,10133.7797576971
2051,10133.7797576971
2052,10149.18330753992
2053,10159.48713489595
2054,10159.48713489595
2055,10159.48713489595
2056,10159.48713489595
2057,10159.48713489595
2058,10159.48713489595
2059,10159.48713489595
2060,10179.19713132687
2061,10219.57492074989
2062,10219.57492074989
2063,10219.57492074989
2064,10261.19151394147
2065,10266.63726612101
2066,10280.213032540863
2067,10280.213032540863
2068,10280.213032540863
2069,10280.213032540863
2070,10280.213032540863
2071,10280.213032540863
2072,10280.213032540863
2073,10280.213032540863
2074,10297.220828834916
2075,10297.220828834916
2076,10297.220828834916
2077,10301.0791595784
2078,10301.0791595784
2079,10301.0791595784
2080,10301.0791595784
2081,10301.0791595784
2082,10301.0791595784
2083,10301.0791595784
2084,10301.0791595784
2085,10312.819170561257
2086,10314.744463923123
2087,10314.744463923123
2088,10314.744463923123
2089,10314.744463923123
2090,10314.744463923123
2091,10314.744463923123
2092,10343.050569428957
2093,10380.07759626595
2094,10388.932528361383
2095,10425.455146614411
2096,10426.928219648655
2097,10426.928219648655
2098,10428.663235156133
2099,10428.663235156133
2100,10428.663235156133
2101,10428.663235156133
2102,10428.663235156133
2103,10428.663235156133
2104,10428.663235156133
2105,10428.663235156133
2106,10428.663235156133
2107,10428.663235156133
2108,10442.697989820954
2109,10442.697989820954
2110,10442.697989820954
2111,10448.209200474033
2112,10458.504244144155
2113,10459.607248712744
2114,10459.607248712744
2115,10459.607248712744
2116,10471.694162991382
2117,10471.694162991382
2118,10481.971299831648
2119,10481.971299831648
2120,10487.812041694697
2121,10500.241370398238
2122,10500.241370398238
2123,10500.241370398238
2124,10500.241370398238
2125,10500.241370398238
2126,10500.241370398238
2127,10500.241370398238
2128,10500.241370398238
2129,10500.241370398238
2130,10500.241370398238
2131,10505.072548856446
2132,10505.072548856446
2133,10506.668956879028
2134,10506.668956879028
2135,10506.668956879028
2136,10506.668956879028
2137,10506.668956879028
2138,10506.668956879028
2139,10506.668956879028
2140,10506.668956879028
2141,10561.067381116927
2142,10561.067381116927
2143,10561.067381116927
2144,10561.067381116927
2145,10577.399821256407
2146,10578.674451221272
2147,10613.266171738
2148,10613.266171738
2149,10613.266171738
2150,10647.552738795504
2151,10647.552738795504
2152,10647.552738795504
2153,10647.552738795504
2154,10647.552738795504
2155,10647.552738795504
2156,10679.043607131909
2157,10710.070375572095
2158,10732.80649583337
2159,10732.80649583337
2160,10738.874572237602
2161,10753.054651801365
2162,10758.243153952357
2163,10761.440571132496
2164,10762.496516281739
2165,10762.496516281739
2166,10762.496516281739
2167,10764.180170877347
2168,10780.884636888195
2169,10794.808345917603
2170,10809.962856747115
2171,10809.962856747115
2172,10809.962856747115
2173,10809.962856747115
2174,10809.962856747115
2175,10809.962856747115
2176,10809.962856747115
2177,10813.1885859443
2178,10814.503156637382
2179,10814.503156637382
2180,10814.503156637382
2181,10814.503156637382
2182,10814.503156637382
2183,10814.503156637382
2184,10841.610219493685
2185,10841.610219493685
2186,10841.610219493685
2187,10841.610219493685
2188,10841.610219493685
2189,10841.610219493685
2190,10841.610219493685
2191,10841.610219493685
2192,10867.240342169076
2193,10883.273674867494
2194,10898.18006167221
2195,10913.560788037543
2196,10913.560788037543
2197,10913.560788037543
2198,10913.560788037543
2199,10913.560788037543
2200,10913.560788037543
2201,11029.165263708932
2202,11029.165263708932
2203,11123.550135460011
2204,11123.550135460011
2205,11123.550135460011
2206,11123.550135460011
2207,11218.606342623321
2208,11223.727904854459
2209,11223.727904854459
2210,11224.127904854458
2211,11224.127904854458
2212,11224.127904854458
2213,11234.58033681059
2214,11243.0294332868
2215,11243.0294332868
2216,11265.523469461876
2217,11269.809033625383
2218,11269.809033625383
2219,11269.809033625383
2220,11284.40192784421
2221,11290.49946480833
2222,11290.49946480833
2223,11290.49946480833
2224,11290.49946480833
2225,11290.49946480833
2226,11290.49946480833
2227,11290.49946480833
2228,11328.852711653357
2229,11347.137813395202
2230,11366.32244797354
2231,11366.32244797354
2232,11384.950074166676
2233,11390.400015670943
2234,11397.537109163934
2235,11397.537109163934
2236,11397.537109163934
2237,11408.54835568465
2238,11415.447005678283
2239,11415.447005678283
2240,11415.447005678283
2241,11465.545905186455
2242,11465.545905186455
2243,11511.458364651067
2244,11511.458364651067
2245,11541.447377294082
2246,11557.4597209192
2247,11576.774233297745
2248,11590.278555037885
2249,11590.278555037885
2250,11590.278555037885
2251,11598.540648632395
2252,11613.803283439573
2253,11621.675782539765
2254,11621.675782539765
2255,11644.15007568022
2256,11644.15007568022
2257,11644.15007568022
2258,11653.929947183748
2259,11653.929947183748
2260,11653.929947183748
2261,11653.929947183748
2262,11653.929947183748
2263,11653.929947183748
2264,11655.808743833393
2265,11659.341891166086
2266,11659.341891166086
2267,11666.410256721903
2268,11668.002611965107
2269,11670.033704140686
2270,11675.433616417577
2271,11675.433616417577
2272,11677.140945385747
2273,11678.952391756344
2274,11685.953941180356
2275,11685.953941180356
2276,11709.58483108308
2277,11716.319321423065
2278,11721.760844681101
2279,11732.244226515591
2280,11732.244226515591
2281,11732.244226515591
2282,11732.244226515591
2283,11732.244226515591
2284,11732.244226515591
2285,11732.244226515591
2286,11732.244226515591
2287,11732.244226515591
2288,11732.244226515591
2289,11732.244226515591
2290,11732.244226515591
2291,11732.244226515591
2292,11732.244226515591
2293,11732.244226515591
2294,11732.244226515591
2295,11732.244226515591
2296,11732.244226515591
2297,11732.244226515591
2298,11732.244226515591
2299,11765.261830819845
2300,11765.261830819845
2301,11765.261830819845
2302,11780.138073598338
2303,11780.138073598338
2304,11789.039587609303
2305,11791.665446279574
2306,11791.665446279574
2307,11796.029682484768
2308,11796.029682484768
2309,11796.029682484768
2310,11796.029682484768
2311,11796.029682484768
2312,11796.029682484768
2313,11796.029682484768
2314,11796.029682484768
2315,11796.029682484768
2316,11796.029682484768
2317,11796.029682484768
2318,11796.029682484768
2319,11845.251035967107
2320,11845.251035967107
2321,11845.251035967107
2322,11845.251035967107
2323,11883.647773545297
2324,11910.719764244925
2325,11910.719764244925
2326,11910.719764244925
2327,11919.260797715137
2328,11919.260797715137
2329,11947.206566562762
2330,11947.206566562762
2331,11947.206566562762
2332,11947.206566562762
2333,11976.403837515114
2334,11976.403837515114
2335,11976.403837515114
2336,12017.754955155207
2337,12117.364767731784
2338,12165.596678454594
2339,12263.109735288741
2340,12287.548835969936
2341,12287.548835969936
2342,12350.032926133632
2343,12350.032926133632
2344,12350.032926133632
2345,12368.206738697945
2346,12387.617744713667
2347,12387.617744713667
2348,12428.627934632803
2349,12446.814994592787
2350,12465.495618995947
2351,12483.507374859797
2352,12503.751568136588
2353,12503.751568136588
2354,12519.251568136588
2355,12524.525206981092
2356,12534.974125050861
2357,12539.114215345558
2358,12543.808481798484
2359,12543.808481798484
2360,12553.241633612744
2361,12553.241633612744
2362,12564.131656657844
2363,12577.67894142178
2364,12577.67894142178
2365,12584.824160445376
2366,12586.583861151563
2367,12586.583861151563
2368,12586.583861151563
2369,12611.021622401522
2370,12628.421622401522
2371,12628.421622401522
2372,12628.421622401522
2373,12628.421622401522
2374,12628.421622401522
2375,12643.915860578774
2376,12643.915860578774
2377,12674.635509758677
2378,12674.635509758677
2379,12674.635509758677
2380,12739.895679953106
2381,12753.414441231274
2382,12765.79930266799
2383,12829.019163895757
2384,12829.019163895757
2385,12878.762703818245
2386,12878.762703818245
2387,12878.762703818245
2388,12898.257983919273
2389,12970.656360474079
2390,13003.432086316327
2391,13018.62702179509
2392,13072.221528302065
2393,13072.221528302065
2394,13093.713860922611
2395,13100.23561640082
2396,13226.410504837786
2397,13233.528538498778
2398,13243.479001730766
2399,13298.161738578028
2400,13299.161738578028
2401,13299.161738578028
2402,13299.161738578028
2403,13299.161738578028
2404,13299.161738578028
2405,13299.161738578028
2406,13299.161738578028
2407,13299.161738578028
2408,13299.161738578028
2409,13299.161738578028
2410,13299.161738578028
2411,13339.32229204215
2412,13377.819065876278
2413,13419.172510016577
2414,13419.172510016577
2415,13438.856824097247
2416,13440.571309336148
2417,13475.958348599861
2418,13497.223891478798
2419,13501.151659509434
2420,13514.505557856883
2421,13514.505557856883
2422,13515.008983083948
2423,13515.008983083948
2424,13515.008983083948
2425,13515.008983083948
2426,13515.008983083948
2427,13515.008983083948
2428,13515.008983083948
2429,13515.008983083948
2430,13515.008983083948
2431,13546.701132733804
2432,13572.18085959636
2433,13572.18085959636
2434,13589.700413019144
2435,13589.700413019144
2436,13589.700413019144
2437,13617.7336118004
2438,13617.7336118004
2439,13660.625608281956
2440,13693.92028776653
2441,13693.92028776653
2442,13700.265554788088
2443,13716.78157879464
2444,13723.417291540862
2445,13723.417291540862
2446,13756.952967799984
2447,13775.45649895938
2448,13791.736779918707
2449,13792.553784024083
2450,13801.448281868326
2451,13801.448281868326
2452,13801.448281868326
2453,13801.448281868326
2454,13801.448281868326
2455,13801.448281868326
2456,13801.448281868326
2457,13801.448281868326
2458,13801.448281868326
2459,13827.255254409958
2460,13827.255254409958
2461,13832.16439512189
2462,13845.097388432703
2463,13845.097388432703
2464,13856.401937218936
2465,13856.401937218936
2466,13856.401937218936
2467,13856.401937218936
2468,13856.401937218936
2469,13856.401937218936
2470,13856.401937218936
2471,13856.401937218936
2472,13856.401937218936
2473,13919.391356136119
2474,13919.391356136119
2475,13919.391356136119
2476,13926.830306686306
2477,13926.830306686306
2478,13964.109379137595
2479,13964.109379137595
2480,13987.520877554714
2481,13987.520877554714
2482,13987.520877554714
2483,13987.520877554714
2484,13987.520877554714
2485,13987.520877554714
2486,13987.520877554714
2487,13991.689854224196
2488,13999.6728470241
2489,14004.652877530863
2490,14009.07019024761
2491,14012.188778323145
2492,14024.615878750006
2493,14029.791047583258
2494,14029.791047583258
2495,14036.16670599044
2496,14037.246299534274
2497,14037.246299534274
2498,14066.009538244682
2499,14066.009538244682
2500,14066.009538244682
2501,14072.745740375363
2502,14077.5662518483
2503,14077.5662518483
2504,14099.729896512357
2505,14099.729896512357
2506,14125.329896512358
2507,14128.284398720232
2508,14128.284398720232
2509,14195.474597140419
2510,14238.49875003232
2511,14238.49875003232
2512,14275.777335273442
2513,14275.777335273442
2514,14275.777335273442
2515,14323.210787074097
2516,14323.210787074097
2517,14340.763400701979
2518,14350.503800114282
2519,14350.503800114282
2520,14373.930774936132
2521,14373.930774936132
2522,14396.54928572058
2523,14396.54928572058
2524,14409.060281550914
2525,14423.177446701278
2526,14435.152085556516
2527,14446.230671451842
2528,14451.14140863281
2529,14460.03523581758
2530,14460.03523581758
2531,14465.13015445215
2532,14471.123605330267
2533,14488.354200988411
2534,14488.354200988411
2535,14488.354200988411
2536,14500.965117087591
2537,14500.965117087591
2538,14500.965117087591
2539,14500.965117087591
2540,14500.965117087591
2541,14500.965117087591
2542,14500.965117087591
2543,14530.044545259008
2544,14563.846605596582
2545,14563.846605596582
2546,14581.46240720197
2547,14586.33683082254
2548,14586.33683082254
2549,14586.33683082254
2550,14617.448540026973
2551,14617.448540026973
2552,14638.253522058347
2553,14647.530014966147
2554,14662.663953238267
2555,14676.75720768804
2556,14676.990541021374
2557,14679.184366296015
2558,14679.184366296015
2559,14679.184366296015
2560,14679.184366296015
2561,14679.184366296015
2562,14679.184366296015
2563,14679.184366296015
2564,14679.184366296015
2565,14679.184366296015
2566,14714.146455426482
2567,14714.146455426482
2568,14714.146455426482
2569,14726.772526763143
2570,14726.772526763143
2571,14726.772526763143
2572,14730.874078408318
2573,14730.874078408318
2574,14730.874078408318
2575,14740.415134096653
2576,14740.415134096653
2577,14740.415134096653
2578,14759.089377684048
2579,14792.462568142155
2580,14807.844090907865
2581,14807.844090907865
2582,14816.975823180355
2583,14816.975823180355
2584,14819.48808622488
2585,14830.832872071653
2586,14847.457502948455
2587,14856.744805215632
2588,14856.744805215632
2589,14857.255637743667
2590,14857.255637743667
2591,14857.255637743667
2592,14859.612889154554
2593,14859.612889154554
2594,14859.612889154554
2595,14859.612889154554
2596,14864.63254969906
2597,14869.849997168096
2598,14869.849997168096
2599,14869.849997168096
2600,14869.849997168096
2601,14869.849997168096
2602,14869.849997168096
2603,14869.849997168096
2604,14869.849997168096
2605,14869.849997168096
2606,14907.173131441272
2607,14907.173131441272
2608,14919.532863610957
2609,14919.532863610957
2610,14919.532863610957
2611,14944.707752344975
2612,14944.707752344975
2613,14945.699257715609
2614,14945.699257715609
2615,14945.699257715609
2616,14945.699257715609
2617,14945.699257715609
2618,14945.699257715609
2619,14945.699257715609
2620,14945.699257715609
2621,14979.986660823835
2622,14979.986660823835
2623,15001.832436393961
2624,15001.832436393961
2625,15019.88243639396
2626,15019.88243639396
2627,15019.88243639396
2628,15049.77595717765
2629,15049.77595717765
2630,15049.77595717765
2631,15072.207060867628
2632,15099.433123792533
2633,15099.433123792533
2634,15121.568682835894
2635,15121.568682835894
2636,15121.568682835894
2637,15121.568682835894
2638,15228.37493427868
2639,15228.37493427868
2640,15228.37493427868
2641,15228.37493427868
2642,15280.42523416121
2643,15297.34963712521
2644,15300.519760810987
2645,15300.519760810987
2646,15300.519760810987
2647,15302.31040087133
2648,15306.634547269443
2649,15328.481074533636
2650,15328.481074533636
2651,15328.481074533636
2652,15338.895308011744
2653,15347.582432559755
2654,15355.283050856442
2655,15355.283050856442
2656,15355.283050856442
2657,15355.283050856442
2658,15355.283050856442
2659,15355.283050856442
2660,15355.283050856442
2661,15355.283050856442
2662,15355.283050856442
2663,15355.283050856442
2664,15355.283050856442
2665,15388.489407708266
2666,15406.128177505696
2667,15420.43830575982
2668,15424.33568135583
2669,15435.789108402541
2670,15435.789108402541
2671,15451.43009257604
2672,15451.43009257604
2673,15451.43009257604
2674,15463.170331988087
2675,15483.58567879907
2676,15483.58567879907
2677,15500.109869049615
2678,15500.109869049615
2679,15500.109869049615
2680,15500.109869049615
2681,15500.109869049615
2682,15500.109869049615
2683,15500.109869049615
2684,15500.109869049615
2685,15509.636826061673
2686,15529.91444710423
2687,15545.780470079875
2688,15545.780470079875
2689,15565.107119727316
2690,15573.310497435923
2691,15582.347576610793
2692,15582.347576610793
2693,15586.69790105625
2694,15586.69790105625
2695,15586.69790105625
2696,15615.482040223893
2697,15615.482040223893
2698,15636.563678403494
2699,15636.563678403494
2700,15652.264853726127
2701,15660.500324209806
2702,15660.500324209806
2703,15660.500324209806
2704,15660.500324209806
2705,15660.500324209806
2706,15677.986761871192
2707,15677.986761871192
2708,15677.986761871192
2709,15677.986761871192
2710,15677.986761871192
2711,15677.986761871192
2712,15677.986761871192
2713,15677.986761871192
2714,15706.380711812504
2715,15706.380711812504
2716,15706.380711812504
2717,15733.396560832796
2718,15773.192061142376
2719,15785.400614112159
2720,15788.099456223454
2721,15798.985640396395
2722,15798.985640396395
2723,15798.985640396395
2724,15802.77282346648
2725,15802.77282346648
2726,15802.77282346648
2727,15802.77282346648
2728,15802.77282346648
2729,15802.77282346648
2730,15802.77282346648
2731,15802.77282346648
2732,15802.77282346648
2733,15802.77282346648
2734,15802.77282346648
2735,15802.77282346648
2736,15802.77282346648
2737,15802.77282346648
2738,15810.07198296173
2739,15822.468263913765
2740,15822.468263913765
2741,15831.781354528193
2742,15831.781354528193
2743,15836.478280144525
2744,15836.478280144525
2745,15836.478280144525
2746,15836.478280144525
2747,15836.478280144525
2748,15855.808897248762
2749,15855.808897248762
2750,15855.808897248762
2751,15855.808897248762
2752,15855.808897248762
2753,15864.62084676422
2754,15910.123398467167
2755,15964.440077241225
2756,15998.378870714303
2757,15998.378870714303
2758,15998.378870714303
2759,16030.166178847629
2760,16038.243922090636
2761,16038.243922090636
2762,16038.243922090636
2763,16040.145943637654
2764,16064.699734499787
2765,16064.699734499787
2766,16064.699734499787
2767,16073.554170354397
2768,16073.554170354397
2769,16086.581730153253
2770,16099.481129527123
2771,16099.481129527123
2772,16099.481129527123
2773,16110.064980313566
2774,16110.064980313566
2775,16133.777150620579
2776,16150.267651176318
2777,16165.692861262176
2778,16181.35839459811
2779,16203.428991726141
2780,16223.652720842678
2781,16223.652720842678
2782,16223.652720842678
2783,16226.304975345536
2784,16226.304975345536
2785,16233.598792074985
2786,16233.598792074985
2787,16233.598792074985
2788,16239.638458035995
2789,16239.638458035995
2790,16239.638458035995
2791,16239.638458035995
2792,16239.638458035995
2793,16288.0158269142
2794,16288.0158269142
2795,16332.652782239882
2796,16372.749485832199
2797,16387.025541488947
2798,16387.025541488947
2799,16387.025541488947
2800,16413.21829353072
2801,16414.259260823623
2802,16420.142261462093
2803,16420.142261462093
2804,16425.075800516457
2805,16425.525800516458
2806,16435.585555632402
2807,16435.585555632402
2808,16444.631702796734
2809,16444.881702796734
2810,16444.881702796734
2811,16444.881702796734
2812,16444.881702796734
2813,16469.119049509605
2814,16469.119049509605
2815,16491.74745133324
2816,16491.74745133324
2817,16527.69178933473
2818,16577.072637671543
2819,16617.157083553317
2820,16617.157083553317
2821,16617.157083553317
2822,16624.48736063314
2823,16624.48736063314
2824,16624.48736063314
2825,16624.48736063314
2826,16625.07102157114
2827,16630.886169922116
2828,16630.886169922116
2829,16672.192044807394
2830,16672.192044807394
2831,16691.6372365657
2832,16703.619227160223
2833,16703.619227160223
2834,16703.619227160223
2835,16703.619227160223
2836,16703.619227160223
2837,16703.619227160223
2838,16703.619227160223
2839,16727.794495761224
2840,16740.70145866237
2841,16740.70145866237
2842,16740.70145866237
2843,16776.596196536993
2844,16782.827012877075
2845,16795.571064064134
2846,16795.571064064134
2847,16795.571064064134
2848,16806.197531485937
2849,16806.197531485937
2850,16806.197531485937
2851,16806.197531485937
2852,16806.197531485937
2853,16806.197531485937
2854,16806.197531485937
2855,16806.197531485937
2856,16806.197531485937
2857,16808.595101797207
2858,16809.607121298308
2859,16810.00712129831
2860,16810.00712129831
2861,16810.00712129831
2862,16812.232360625814
2863,16813.198076082936
2864,16813.198076082936
2865,16813.198076082936
2866,16813.198076082936
2867,16813.198076082936
2868,16847.876240071007
2869,16847.876240071007
2870,16857.48844447587
2871,16857.48844447587
2872,16857.48844447587
2873,16857.48844447587
2874,16857.48844447587
2875,16884.586733247004
2876,16884.586733247004
2877,16884.586733247004
2878,16900.281453490366
2879,16924.195904570697
2880,16928.407179605118
2881,16931.712475835542
2882,16931.712475835542
2883,16931.712475835542
2884,16936.46766614128
2885,16951.581868132344
2886,16973.379000397712
2887,16979.34876196763
2888,16979.34876196763
2889,16979.34876196763
2890,16979.34876196763
2891,16979.34876196763
2892,16979.34876196763
2893,16979.34876196763
2894,16979.34876196763
2895,16979.34876196763
2896,16979.34876196763
2897,16979.34876196763
2898,16979.34876196763
2899,16979.34876196763
2900,16990.090179713407
2901,16998.76859950058
2902,17001.56283999394
2903,17003.983350947376
2904,17003.983350947376
2905,17003.983350947376
2906,17003.983350947376
2907,17007.266562923764
2908,17010.758074859416
2909,17010.758074859416
2910,17011.058074859415
2911,17011.058074859415
2912,17011.058074859415
2913,17061.581431978386
2914,17061.581431978386
2915,17061.581431978386
2916,17070.920419785936
2917,17108.953190388842
2918,17117.15953825616
2919,17140.545815562837
2920,17162.718273089282
2921,17162.718273089282
2922,17162.718273089282
2923,17162.718273089282
2924,17162.718273089282
2925,17162.718273089282
2926,17162.718273089282
2927,17162.718273089282
2928,17162.718273089282
2929,17162.718273089282
2930,17162.718273089282
2931,17162.718273089282
2932,17162.718273089282
2933,17162.718273089282
2934,17162.718273089282
2935,17179.54432293413
2936,17224.740363796816
2937,17224.740363796816
2938,17232.31921532428
2939,17232.31921532428
2940,17233.66321614229
2941,17233.66321614229
2942,17233.66321614229
2943,17233.66321614229
2944,17233.66321614229
2945,17251.447969785706
2946,17251.447969785706
2947,17268.944350679692
2948,17268.944350679692
2949,17268.944350679692
2950,17291.248599213883
2951,17295.49003442617
2952,17295.49003442617
2953,17295.49003442617
2954,17342.118390622243
2955,17342.118390622243
2956,17342.118390622243
2957,17342.118390622243
2958,17342.118390622243
2959,17342.118390622243
2960,17342.118390622243
2961,17342.118390622243
2962,17342.118390622243
2963,17342.118390622243
2964,17342.118390622243
2965,17347.660181783045
2966,17347.660181783045
2967,17352.738576954427
2968,17352.738576954427
2969,17352.738576954427
2970,17352.738576954427
2971,17352.738576954427
2972,17352.738576954427
2973,17352.738576954427
2974,17362.451668429745
2975,17362.451668429745
2976,17362.451668429745
2977,17362.451668429745
2978,17362.451668429745
2979,17378.849131077557
2980,17378.849131077557
2981,17383.223391706215
2982,17383.223391706215
2983,17383.223391706215
2984,17383.223391706215
2985,17383.223391706215
2986,17383.223391706215
2987,17383.223391706215
2988,17383.223391706215
2989,17383.223391706215
2990,17383.223391706215
2991,17383.223391706215
2992,17383.223391706215
2993,17383.223391706215
2994,17397.49901679413
2995,17397.49901679413
2996,17400.920441143167
2997,17400.920441143167
2998,17401.520441143166
2999,17401.520441143166
3000,17401.520441143166
3001,17401.520441143166
3002,17401.520441143166
3003,17401.520441143166
3004,17401.520441143166
3005,17401.520441143166
3006,17403.358373841063
3007,17406.560292869224
3008,17406.560292869224
3009,17406.560292869224
3010,17406.560292869224
3011,17406.560292869224
3012,17406.560292869224
3013,17406.560292869224
3014,17406.560292869224
3015,17406.560292869224
3016,17412.69673342106
3017,17412.69673342106
3018,17418.198114263712
3019,17418.198114263712
3020,17418.198114263712
3021,17443.820655351166
3022,17453.299718484646
3023,17453.299718484646
3024,17453.299718484646
3025,17453.299718484646
3026,17454.008787375325
3027,17454.008787375325
3028,17454.008787375325
3029,17454.008787375325
3030,17454.008787375325
3031,17454.008787375325
3032,17454.008787375325
3033,17454.008787375325
3034,17454.008787375325
3035,17498.126335112076
3036,17522.14476173932
3037,17539.68664523709
3038,17546.57416954853
3039,17546.57416954853
3040,17546.57416954853
3041,17546.57416954853
3042,17546.57416954853
3043,17546.57416954853
3044,17546.57416954853
3045,17549.27699853255
3046,17561.550966526454
3047,17561.550966526454
3048,17561.550966526454
3049,17561.550966526454
3050,17561.550966526454
3051,17561.550966526454
3052,17561.550966526454
3053,17561.550966526454
3054,17561.550966526454
3055,17561.550966526454
3056,17612.673347969114
3057,17612.673347969114
3058,17659.188795972623
3059,17668.07845392669
3060,17668.07845392669
3061,17668.07845392669
3062,17668.07845392669
3063,17668.07845392669
3064,17685.83147860231
3065,17685.83147860231
3066,17685.83147860231
3067,17685.83147860231
3068,17685.83147860231
3069,17685.83147860231
3070,17695.125502855626
3071,17695.125502855626
3072,17695.125502855626
3073,17695.125502855626
3074,17695.125502855626
3075,17695.378854296574
3076,17695.378854296574
3077,17695.378854296574
3078,17696.278854296575
3079,17697.186710785525
3080,17697.186710785525
3081,17697.186710785525
3082,17697.186710785525
3083,17697.186710785525
3084,17697.186710785525
3085,17697.186710785525
3086,17697.186710785525
3087,17697.186710785525
3088,17697.186710785525
3089,17697.186710785525
3090,17697.186710785525
3091,17697.186710785525
3092,17697.186710785525
3093,17697.186710785525
3094,17700.883841371488
3095,17700.883841371488
3096,17700.883841371488
3097,17700.883841371488
3098,17700.883841371488
3099,17700.883841371488
3100,17700.883841371488
3101,17700.883841371488
3102,17700.883841371488
3103,17700.883841371488
3104,17700.883841371488
3105,17700.883841371488
3106,17702.865544066877
3107,17704.928167451835
3108,17752.860894021505
3109,17755.289464423236
3110,17755.289464423236
3111,17755.289464423236
3112,17755.289464423236
3113,17755.289464423236
3114,17755.289464423236
3115,17755.289464423236
3116,17782.70202819673
3117,17782.70202819673
3118,17782.70202819673
3119,17782.70202819673
3120,17782.70202819673
3121,17782.70202819673
3122,17782.70202819673
3123,17782.70202819673
3124,17782.70202819673
3125,17782.70202819673
3126,17782.70202819673
3127,17782.70202819673
3128,17782.70202819673
3129,17782.70202819673
3130,17782.70202819673
3131,17782.70202819673
3132,17782.70202819673
3133,17782.70202819673
3134,17790.9769421288
3135,17790.9769421288
3136,17792.398323512036
3137,17808.17567119666
3138,17813.965323416982
3139,17813.965323416982
3140,17813.965323416982
3141,17813.965323416982
3142,17813.965323416982
3143,17813.965323416982
3144,17816.24758553167
3145,17825.755213841243
3146,17825.755213841243
3147,17825.755213841243
3148,17825.755213841243
3149,17825.755213841243
3150,17825.755213841243
3151,17851.149118584122
3152,17851.149118584122
3153,17885.259869359947
3154,17885.259869359947
3155,17897.59746880291
3156,17897.59746880291
3157,17897.59746880291
3158,17946.83616782873
3159,17946.83616782873
3160,17967.97748165481
3161,17967.97748165481
3162,17977.55551974122
3163,17977.55551974122
3164,17977.55551974122
3165,17977.955519741223
3166,17977.955519741223
3167,17977.955519741223
3168,17977.955519741223
3169,17977.955519741223
3170,17977.955519741223
3171,17977.955519741223
3172,17977.955519741223
3173,17977.955519741223
3174,17977.955519741223
3175,17977.955519741223
3176,17977.955519741223
3177,17977.955519741223
3178,17977.955519741223
3179,17977.955519741223
3180,17983.355721164175
3181,18038.78543255048
3182,18044.548479920904
3183,18074.496972390152
3184,18078.150442054768
3185,18078.150442054768
3186,18078.150442054768
3187,18078.150442054768
3188,18084.27998760009
3189,18084.27998760009
3190,18084.27998760009
3191,18097.722174779658
3192,18103.926100526023
3193,18103.926100526023
3194,18137.246279805095
3195,18137.246279805095
3196,18137.246279805095
3197,18151.43402868358
3198,18151.43402868358
3199,18183.15999419168
3200,18199.679294089
3201,18203.485598583404
3202,18234.877032239172
3203,18234.877032239172
3204,18255.75196967193
3205,18255.75196967193
3206,18255.75196967193
3207,18255.75196967193
3208,18255.75196967193
3209,18255.75196967193
3210,18314.040398351415
3211,18358.9579600102
3212,18358.9579600102
3213,18358.9579600102
3214,18361.797996726546
3215,18361.797996726546
3216,18361.797996726546
3217,18361.797996726546
3218,18361.797996726546
3219,18363.590454511752
3220,18363.590454511752
3221,18363.590454511752
3222,18363.590454511752
3223,18363.590454511752
3224,18380.466751867036
3225,18380.466751867036
3226,18380.466751867036
3227,18380.466751867036
3228,18387.86622713407
3229,18387.86622713407
3230,18387.966227134068
3231,18387.966227134068
3232,18387.966227134068
3233,18387.966227134068
3234,18387.966227134068
3235,18387.966227134068
3236,18387.966227134068
3237,18387.966227134068
3238,18387.966227134068
3239,18415.3170574381
3240,18459.336807815842
3241,18467.274029082353
3242,18467.274029082353
3243,18472.309706624965
3244,18477.125773142092
3245,18482.711336773966
3246,18482.711336773966
3247,18482.711336773966
3248,18482.711336773966
3249,18482.711336773966
3250,18482.711336773966
3251,18492.348949869425
3252,18492.348949869425
3253,18492.348949869425
3254,18492.348949869425
3255,18508.355429529754
3256,18508.355429529754
3257,18519.860535986714
3258,18519.860535986714
3259,18519.860535986714
3260,18524.368233441688
3261,18524.368233441688
3262,18524.368233441688
3263,18524.368233441688
3264,18524.368233441688
3265,18524.368233441688
3266,18524.368233441688
3267,18524.368233441688
3268,18524.368233441688
3269,18524.368233441688
3270,18524.368233441688
3271,18524.368233441688
3272,18524.368233441688
3273,18531.599711117593
3274,18531.599711117593
3275,18531.599711117593
3276,18561.40635268743
3277,18561.40635268743
3278,18561.40635268743
3279,18561.40635268743
3280,18561.40635268743
3281,18561.40635268743
3282,18561.40635268743
3283,18568.464840932687
3284,18568.464840932687
3285,18569.754921706288
3286,18569.754921706288
3287,18569.754921706288
3288,18571.75072852027
3289,18571.75072852027
3290,18571.75072852027
3291,18571.75072852027
3292,18571.75072852027
3293,18571.75072852027
3294,18584.729903966876
3295,18598.711794936236
3296,18598.711794936236
3297,18598.711794936236
3298,18598.711794936236
3299,18598.711794936236
3300,18598.711794936236
3301,18604.90403948048
3302,18604.90403948048
3303,18604.90403948048
3304,18604.90403948048
3305,18604.90403948048
3306,18604.90403948048
3307,18604.90403948048
3308,18604.90403948048
3309,18606.54635077582
3310,18606.54635077582
3311,18606.54635077582
3312,18607.78279816471
3313,18607.78279816471
3314,18607.78279816471
3315,18607.78279816471
3316,18607.78279816471
3317,18607.78279816471
3318,18607.78279816471
3319,18607.78279816471
3320,18607.78279816471
3321,18608.98728136662
3322,18608.98728136662
3323,18608.98728136662
3324,18608.98728136662
3325,18608.98728136662
3326,18608.98728136662
3327,18608.98728136662
3328,18608.98728136662
3329,18608.98728136662
3330,18626.59883412675
3331,18626.59883412675
3332,18626.59883412675
3333,18626.59883412675
3334,18626.59883412675
3335,18626.59883412675
3336,18626.59883412675
3337,18626.59883412675
3338,18626.59883412675
3339,18626.59883412675
3340,18626.59883412675
3341,18626.59883412675
3342,18626.59883412675
3343,18626.59883412675
3344,18626.59883412675
3345,18626.59883412675
3346,18626.59883412675
3347,18626.59883412675
3348,18626.59883412675
3349,18628.121728052036
3350,18628.121728052036
3351,18628.121728052036
3352,18628.121728052036
3353,18628.121728052036
3354,18628.121728052036
3355,18628.121728052036
3356,18628.121728052036
3357,18628.121728052036
3358,18628.121728052036
3359,18628.121728052036
3360,18628.121728052036
3361,18633.563450315116
3362,18640.12117473382
3363,18640.12117473382
3364,18640.12117473382
3365,18640.12117473382
3366,18640.12117473382
3367,18640.12117473382
3368,18640.12117473382
3369,18640.12117473382
3370,18640.12117473382
3371,18640.12117473382
3372,18645.245817859268
3373,18645.245817859268
3374,18645.245817859268
3375,18645.245817859268
3376,18645.245817859268
3377,18645.245817859268
3378,18645.245817859268
3379,18665.55412859999
3380,18665.55412859999
3381,18665.55412859999
3382,18665.55412859999
3383,18665.55412859999
3384,18665.55412859999
3385,18665.55412859999
3386,18665.55412859999
3387,18665.55412859999
3388,18665.55412859999
3389,18665.55412859999
3390,18689.804336011497
3391,18698.53742339943
3392,18698.53742339943
3393,18698.53742339943
3394,18702.146465435646
3395,18702.146465435646
3396,18702.146465435646
3397,18702.146465435646
3398,18702.146465435646
3399,18702.146465435646
3400,18702.146465435646
3401,18702.146465435646
3402,18709.285866483195
3403,18709.285866483195
3404,18709.285866483195
3405,18709.285866483195
3406,18709.285866483195
3407,18709.285866483195
3408,18709.285866483195
3409,18709.285866483195
3410,18709.285866483195
3411,18709.285866483195
3412,18709.285866483195
3413,18709.285866483195
3414,18709.285866483195
3415,18709.285866483195
3416,18709.285866483195
3417,18709.285866483195
3418,18709.285866483195
3419,18734.965221861887
3420,18734.965221861887
3421,18734.965221861887
3422,18734.965221861887
3423,18734.965221861887
3424,18734.965221861887
3425,18738.763703732497
3426,18738.763703732497
3427,18738.763703732497
3428,18738.763703732497
3429,18738.763703732497
3430,18738.763703732497
3431,18738.763703732497
3432,18738.763703732497
3433,18749.303001743934
3434,18749.303001743934
3435,18749.303001743934
3436,18749.303001743934
3437,18749.303001743934
3438,18749.303001743934
3439,18749.303001743934
3440,18749.303001743934
3441,18749.303001743934
3442,18749.303001743934
3443,18749.303001743934
3444,18749.303001743934
3445,18749.303001743934
3446,18749.303001743934
3447,18749.303001743934
3448,18755.118308173718
3449,18761.242970465304
3450,18761.242970465304
3451,18761.242970465304
3452,18761.242970465304
3453,18761.242970465304
3454,18761.242970465304
3455,18761.242970465304
3456,18761.242970465304
3457,18761.242970465304
3458,18761.242970465304
3459,18770.729099368764
3460,18770.729099368764
3461,18770.729099368764
3462,18770.729099368764
3463,18780.41087766563
3464,18780.41087766563
3465,18780.41087766563
3466,18795.82667259553
3467,18807.046335500796
3468,18807.046335500796
3469,18807.046335500796
3470,18807.046335500796
3471,18807.046335500796
3472,18822.1273323749
3473,18822.1273323749
3474,18822.1273323749
3475,18822.1273323749
3476,18822.1273323749
3477,18824.610911024596
3478,18843.44363223673
3479,18843.44363223673
3480,18843.44363223673
3481,18843.44363223673
3482,18847.934974689968
3483,18847.934974689968
3484,18847.934974689968
3485,18847.934974689968
3486,18847.934974689968
3487,18847.934974689968
3488,18847.934974689968
3489,18847.934974689968
3490,18847.934974689968
3491,18847.934974689968
3492,18850.713398802047
3493,18850.713398802047
3494,18850.713398802047
3495,18850.713398802047
3496,18850.713398802047
3497,18858.188267875274
3498,18858.188267875274
3499,18858.188267875274
3500,18872.68949621065
3501,18872.68949621065
3502,18872.68949621065
3503,18872.68949621065
3504,18872.68949621065
3505,18872.68949621065
3506,18872.68949621065
3507,18872.68949621065
3508,18872.68949621065
3509,18872.68949621065
3510,18872.68949621065
3511,18872.68949621065
3512,18872.68949621065
3513,18872.68949621065
3514,18872.68949621065
3515,18872.68949621065
3516,18872.68949621065
3517,18872.68949621065
3518,18908.27958960413
3519,18908.27958960413
3520,18908.27958960413
3521,18908.27958960413
3522,18908.27958960413
3523,18908.27958960413
3524,18908.27958960413
3525,18908.27958960413
3526,18908.27958960413
3527,18908.27958960413
3528,18908.27958960413
3529,18912.220041985758
3530,18912.220041985758
3531,18912.220041985758
3532,18912.220041985758
3533,18912.220041985758
3534,18912.220041985758
3535,18912.220041985758
3536,18912.220041985758
3537,18928.326557980192
3538,18929.83862508397
3539,18929.83862508397
3540,18929.83862508397
3541,18929.83862508397
3542,18929.83862508397
3543,18929.83862508397
3544,18929.83862508397
3545,18929.83862508397
3546,18929.83862508397
3547,18957.14958302438
3548,18957.14958302438
3549,18957.14958302438
3550,18957.14958302438
3551,18957.14958302438
3552,18957.14958302438
3553,18957.14958302438
3554,18957.14958302438
3555,18957.14958302438
3556,18957.14958302438
3557,18957.14958302438
3558,18957.14958302438
3559,18966.473122832012
3560,18981.45119650266
3561,18981.45119650266
3562,18981.45119650266
3563,18983.752822688544
3564,18983.752822688544
3565,18983.752822688544
3566,18983.752822688544
3567,18983.752822688544
3568,18983.752822688544
3569,18983.752822688544
3570,18983.752822688544
3571,18983.752822688544
3572,18983.752822688544
3573,18983.752822688544
3574,18983.752822688544
3575,18983.752822688544
3576,18983.752822688544
3577,18990.43056289781
3578,18990.43056289781
3579,18990.43056289781
3580,18990.43056289781
3581,18990.43056289781
3582,18990.43056289781
3583,18990.43056289781
3584,18990.43056289781
3585,18990.43056289781
3586,18990.43056289781
3587,18993.957427181387
3588,18993.957427181387
3589,18997.258893674232
3590,18997.258893674232
3591,18997.258893674232
