Time,Junction 3 delay
0,0.0
1,0.0
2,0.0
3,0.0
4,0.0
5,0.0
6,0.0
7,0.0
8,0.0
9,0.0
10,0.0
11,0.0
12,0.0
13,0.0
14,0.0
15,0.0
16,0.0
17,0.0
18,0.0
19,0.0
20,0.0
21,0.0
22,0.0
23,0.0
24,0.0
25,0.0
26,0.0
27,0.0
28,0.0
29,0.0
30,0.0
31,0.0
32,0.0
33,0.0
34,0.0
35,0.0
36,0.0
37,0.0
38,0.0
39,0.0
40,0.0
41,0.0
42,0.0
43,0.0
44,0.0
45,2.1900372980697536
46,2.1900372980697536
47,2.1900372980697536
48,2.1900372980697536
49,2.1900372980697536
50,2.1900372980697536
51,2.1900372980697536
52,24.959316299923582
53,24.959316299923582
54,24.959316299923582
55,24.959316299923582
56,24.959316299923582
57,24.959316299923582
58,24.959316299923582
59,24.959316299923582
60,24.959316299923582
61,24.959316299923582
62,24.959316299923582
63,24.959316299923582
64,63.39604667979104
65,63.39604667979104
66,63.39604667979104
67,86.73571790828143
68,86.73571790828143
69,101.76879063301276
70,101.76879063301276
71,116.06385776468663
72,116.06385776468663
73,116.06385776468663
74,116.06385776468663
75,116.06385776468663
76,116.06385776468663
77,116.06385776468663
78,116.06385776468663
79,116.06385776468663
80,116.06385776468663
81,125.91257086496542
82,125.91257086496542
83,125.91257086496542
84,125.91257086496542
85,125.91257086496542
86,125.91257086496542
87,125.91257086496542
88,125.91257086496542
89,125.91257086496542
90,149.07872756238794
91,149.07872756238794
92,153.90547414010817
93,153.90547414010817
94,153.90547414010817
95,170.28611228738706
96,170.28611228738706
97,170.28611228738706
98,170.28611228738706
99,170.28611228738706
100,170.28611228738706
101,170.28611228738706
102,170.28611228738706
103,170.28611228738706
104,170.28611228738706
105,170.28611228738706
106,173.06892391760658
107,173.06892391760658
108,173.06892391760658
109,173.06892391760658
110,173.06892391760658
111,173.06892391760658
112,173.06892391760658
113,173.06892391760658
114,173.06892391760658
115,173.06892391760658
116,173.06892391760658
117,173.06892391760658
118,192.13813068532505
119,192.13813068532505
120,192.13813068532505
121,193.5199743655313
122,193.5199743655313
123,193.5199743655313
124,193.5199743655313
125,194.85315536529052
126,194.85315536529052
127,194.85315536529052
128,194.85315536529052
129,194.85315536529052
130,194.85315536529052
131,194.85315536529052
132,206.46415260870185
133,206.46415260870185
134,206.46415260870185
135,206.46415260870185
136,206.46415260870185
137,206.46415260870185
138,209.69554342194476
139,209.69554342194476
140,209.69554342194476
141,209.69554342194476
142,268.16705398391616
143,302.7559585146234
144,338.6846368536554
145,338.6846368536554
146,338.6846368536554
147,338.6846368536554
148,338.6846368536554
149,385.16280151838214
150,385.16280151838214
151,385.16280151838214
152,385.16280151838214
153,385.16280151838214
154,385.16280151838214
155,414.89182318167184
156,414.89182318167184
157,414.89182318167184
158,414.89182318167184
159,414.89182318167184
160,414.89182318167184
161,414.89182318167184
162,414.89182318167184
163,414.89182318167184
164,414.89182318167184
165,429.53749796730955
166,429.53749796730955
167,441.06796562279794
168,441.06796562279794
169,441.06796562279794
170,441.06796562279794
171,455.12630596351147
172,455.12630596351147
173,455.12630596351147
174,455.12630596351147
175,455.12630596351147
176,455.12630596351147
177,460.458679635386
178,460.458679635386
179,460.458679635386
180,460.458679635386
181,460.458679635386
182,460.458679635386
183,460.458679635386
184,460.458679635386
185,460.458679635386
186,460.458679635386
187,460.458679635386
188,460.458679635386
189,493.19327625029206
190,493.19327625029206
191,493.6392760253901
192,493.6392760253901
193,504.08066370061374
194,533.9584642373792
195,533.9584642373792
196,533.9584642373792
197,533.9584642373792
198,533.9584642373792
199,533.9584642373792
200,533.9584642373792
201,533.9584642373792
202,533.9584642373792
203,533.9584642373792
204,533.9584642373792
205,543.8360928026076
206,557.3399162510162
207,557.3399162510162
208,557.3399162510162
209,558.8324796865559
210,558.8324796865559
211,558.8324796865559
212,558.8324796865559
213,585.0703983866722
214,585.0703983866722
215,585.0703983866722
216,613.3169841092688
217,622.3329465593129
218,622.3329465593129
219,622.3329465593129
220,622.3329465593129
221,622.3329465593129
222,622.3329465593129
223,622.3329465593129
224,622.3329465593129
225,622.3329465593129
226,622.3329465593129
227,622.3329465593129
228,622.3329465593129
229,622.3329465593129
230,622.3329465593129
231,622.3329465593129
232,638.9174454048658
233,638.9174454048658
234,638.9174454048658
235,638.9174454048658
236,638.9174454048658
237,638.9174454048658
238,638.9174454048658
239,638.9174454048658
240,638.9174454048658
241,638.9174454048658
242,638.9174454048658
243,638.9174454048658
244,642.70712647529
245,649.0775039858529
246,649.0775039858529
247,649.0775039858529
248,649.0775039858529
249,649.0775039858529
250,649.0775039858529
251,649.0775039858529
252,649.0775039858529
253,651.8525331576895
254,651.8525331576895
255,651.8525331576895
256,651.8525331576895
257,651.8525331576895
258,651.8525331576895
259,668.2427965151442
260,668.2427965151442
261,668.2427965151442
262,668.2427965151442
263,668.2427965151442
264,668.2427965151442
265,668.2427965151442
266,668.2427965151442
267,668.2427965151442
268,668.2427965151442
269,668.2427965151442
270,668.2427965151442
271,668.9043863267394
272,668.9043863267394
273,668.9043863267394
274,690.7795439323555
275,690.7795439323555
276,690.7795439323555
277,690.7795439323555
278,690.7795439323555
279,690.7795439323555
280,690.7795439323555
281,694.0502479087326
282,710.1636706235711
283,710.1636706235711
284,710.1636706235711
285,710.1636706235711
286,710.1636706235711
287,710.1636706235711
288,710.1636706235711
289,710.1636706235711
290,710.1636706235711
291,710.1636706235711
292,710.1636706235711
293,710.1636706235711
294,710.1636706235711
295,710.1636706235711
296,710.1636706235711
297,710.1636706235711
298,710.1636706235711
299,714.3060016028321
300,714.3060016028321
301,714.3060016028321
302,727.6257026123675
303,727.6257026123675
304,727.6257026123675
305,727.6257026123675
306,727.6257026123675
307,727.6257026123675
308,727.6257026123675
309,727.6257026123675
310,727.6257026123675
311,735.9905242015587
312,745.0522520163647
313,745.0522520163647
314,745.0522520163647
315,745.0522520163647
316,745.0522520163647
317,745.0522520163647
318,745.0522520163647
319,745.0522520163647
320,745.0522520163647
321,745.0522520163647
322,756.3533606726271
323,765.8413634671022
324,765.8413634671022
325,765.8413634671022
326,765.8413634671022
327,765.8413634671022
328,765.8413634671022
329,765.8413634671022
330,798.2374291027563
331,798.2374291027563
332,798.7042406448794
333,798.7042406448794
334,798.7042406448794
335,798.7042406448794
336,799.2488215109281
337,799.2488215109281
338,816.8370140862581
339,816.8370140862581
340,823.175710136668
341,823.175710136668
342,823.175710136668
343,823.175710136668
344,823.175710136668
345,823.175710136668
346,823.175710136668
347,823.175710136668
348,823.175710136668
349,827.1861440747216
350,827.1861440747216
351,827.1861440747216
352,827.1861440747216
353,827.1861440747216
354,827.1861440747216
355,827.1861440747216
356,827.620495588041
357,827.620495588041
358,827.620495588041
359,827.620495588041
360,827.620495588041
361,827.620495588041
362,827.620495588041
363,840.265333454382
364,840.265333454382
365,840.265333454382
366,840.265333454382
367,840.265333454382
368,840.265333454382
369,840.265333454382
370,840.265333454382
371,840.265333454382
372,840.265333454382
373,840.265333454382
374,840.265333454382
375,873.9111813511269
376,880.5545835665662
377,891.5383169749529
378,891.5383169749529
379,891.5383169749529
380,891.8580432892138
381,891.8580432892138
382,891.8580432892138
383,891.8580432892138
384,891.8580432892138
385,922.9861648335335
386,925.8436532752891
387,925.8436532752891
388,925.8436532752891
389,925.8436532752891
390,925.8436532752891
391,925.8436532752891
392,925.8436532752891
393,928.3178133055496
394,928.3178133055496
395,928.3178133055496
396,928.3178133055496
397,928.3178133055496
398,928.3178133055496
399,928.3178133055496
400,928.3178133055496
401,928.3178133055496
402,928.3178133055496
403,962.3726156265468
404,962.3726156265468
405,991.2025090746415
406,991.2025090746415
407,991.2025090746415
408,991.2025090746415
409,991.2025090746415
410,991.2025090746415
411,991.2025090746415
412,991.2025090746415
413,991.2025090746415
414,1006.7898932252658
415,1006.7898932252658
416,1006.7898932252658
417,1021.7430913045405
418,1021.7430913045405
419,1021.7430913045405
420,1021.7430913045405
421,1021.7430913045405
422,1021.7430913045405
423,1021.7430913045405
424,1022.5798328413358
425,1022.5798328413358
426,1022.5798328413358
427,1022.5798328413358
428,1022.5798328413358
429,1022.5798328413358
430,1022.5798328413358
431,1023.2310354216615
432,1023.2310354216615
433,1027.6732576283823
434,1027.6732576283823
435,1027.6732576283823
436,1027.6732576283823
437,1027.6732576283823
438,1027.6732576283823
439,1027.6732576283823
440,1027.6732576283823
441,1027.6732576283823
442,1027.6732576283823
443,1037.948846019073
444,1037.948846019073
445,1066.414542203651
446,1103.737336844152
447,1127.687715237409
448,1127.687715237409
449,1127.687715237409
450,1127.687715237409
451,1127.687715237409
452,1127.687715237409
453,1127.687715237409
454,1131.2829433532747
455,1131.2829433532747
456,1131.2829433532747
457,1131.2829433532747
458,1131.2829433532747
459,1148.2779399623164
460,1148.2779399623164
461,1148.2779399623164
462,1148.2779399623164
463,1148.2779399623164
464,1148.2779399623164
465,1148.2779399623164
466,1148.2779399623164
467,1148.2779399623164
468,1148.2779399623164
469,1148.2779399623164
470,1148.6346397139841
471,1148.7248204187922
472,1149.9143798080377
473,1149.9143798080377
474,1159.2126334280201
475,1159.2126334280201
476,1159.2126334280201
477,1159.2126334280201
478,1159.2126334280201
479,1159.2126334280201
480,1159.2126334280201
481,1159.2126334280201
482,1159.2126334280201
483,1159.2126334280201
484,1159.2126334280201
485,1159.2126334280201
486,1187.242098088439
487,1187.3180136893884
488,1199.0774927097077
489,1199.0774927097077
490,1199.0774927097077
491,1199.0774927097077
492,1244.4208453079755
493,1278.3644804038377
494,1278.3644804038377
495,1323.4628216941712
496,1323.4628216941712
497,1365.9253511866832
498,1365.9253511866832
499,1365.9253511866832
500,1408.0154417169574
501,1431.084987675029
502,1431.084987675029
503,1431.084987675029
504,1478.7329083314908
505,1478.7329083314908
506,1478.7329083314908
507,1520.9292344137612
508,1520.9292344137612
509,1521.9254282006154
510,1521.9254282006154
511,1521.9254282006154
512,1559.0231695692576
513,1607.4801194760682
514,1652.779839329116
515,1652.779839329116
516,1652.779839329116
517,1652.779839329116
518,1674.2332861995528
519,1685.2649119388313
520,1685.2649119388313
521,1685.2649119388313
522,1685.2649119388313
523,1685.2649119388313
524,1685.2649119388313
525,1685.2649119388313
526,1685.2649119388313
527,1738.6291622379545
528,1753.8896498770305
529,1770.9082660443592
530,1770.9082660443592
531,1783.796808611396
532,1787.8128223946815
533,1787.8128223946815
534,1794.7152959074158
535,1794.7152959074158
536,1794.7152959074158
537,1794.7152959074158
538,1794.7152959074158
539,1794.7152959074158
540,1794.7152959074158
541,1811.8468790787565
542,1811.8468790787565
543,1811.8468790787565
544,1861.9471163964238
545,1882.0298800280082
546,1914.7204052988095
547,1926.880481581381
548,1926.880481581381
549,1926.880481581381
550,1926.880481581381
551,1926.880481581381
552,1926.880481581381
553,1926.880481581381
554,1926.880481581381
555,1928.4277245346873
556,1965.9151778553137
557,1992.418033897269
558,1992.418033897269
559,1992.418033897269
560,1992.418033897269
561,2011.5621041598904
562,2049.244137761464
563,2049.244137761464
564,2049.244137761464
565,2049.244137761464
566,2049.244137761464
567,2049.244137761464
568,2049.244137761464
569,2049.244137761464
570,2049.244137761464
571,2049.244137761464
572,2049.244137761464
573,2049.244137761464
574,2079.934542835108
575,2099.971293100983
576,2120.956310893657
577,2120.956310893657
578,2120.956310893657
579,2120.956310893657
580,2120.956310893657
581,2120.956310893657
582,2120.956310893657
583,2120.956310893657
584,2120.956310893657
585,2120.956310893657
586,2120.956310893657
587,2120.956310893657
588,2120.956310893657
589,2120.956310893657
590,2133.9224060992246
591,2144.394957703862
592,2156.7100880052244
593,2156.7100880052244
594,2156.7100880052244
595,2157.4969637143317
596,2157.4969637143317
597,2182.3723139441827
598,2182.3723139441827
599,2182.3723139441827
600,2182.3723139441827
601,2182.3723139441827
602,2182.3723139441827
603,2199.436371871821
604,2199.436371871821
605,2203.277926898083
606,2203.277926898083
607,2203.277926898083
608,2203.277926898083
609,2203.277926898083
610,2203.277926898083
611,2203.277926898083
612,2203.277926898083
613,2204.812529466825
614,2226.3994796410534
615,2227.029912499354
616,2227.029912499354
617,2240.1430221065266
618,2263.102725221526
619,2263.102725221526
620,2263.102725221526
621,2286.034360196608
622,2286.034360196608
623,2286.034360196608
624,2294.932042091947
625,2294.932042091947
626,2294.932042091947
627,2294.932042091947
628,2294.932042091947
629,2294.932042091947
630,2310.190341268952
631,2310.190341268952
632,2310.190341268952
633,2310.190341268952
634,2310.190341268952
635,2330.091035047712
636,2330.091035047712
637,2331.3453346088518
638,2331.3453346088518
639,2331.3453346088518
640,2331.3453346088518
641,2331.3453346088518
642,2331.3453346088518
643,2340.417042679516
644,2340.417042679516
645,2340.417042679516
646,2340.417042679516
647,2340.417042679516
648,2340.417042679516
649,2340.417042679516
650,2340.417042679516
651,2340.417042679516
652,2340.417042679516
653,2340.417042679516
654,2360.468945873043
655,2373.3527580350305
656,2373.3527580350305
657,2373.3527580350305
658,2373.3527580350305
659,2373.3527580350305
660,2373.3527580350305
661,2373.3527580350305
662,2373.3527580350305
663,2373.3527580350305
664,2373.3527580350305
665,2373.3527580350305
666,2408.02080077847
667,2438.7854902213303
668,2441.173220469865
669,2457.3936863383087
670,2457.3936863383087
671,2457.3936863383087
672,2457.3936863383087
673,2457.3936863383087
674,2457.3936863383087
675,2457.3936863383087
676,2457.3936863383087
677,2457.3936863383087
678,2469.350902239364
679,2491.164424630972
680,2491.164424630972
681,2491.164424630972
682,2491.164424630972
683,2491.164424630972
684,2491.164424630972
685,2491.164424630972
686,2491.6095185625777
687,2491.6095185625777
688,2491.6095185625777
689,2491.6095185625777
690,2491.6095185625777
691,2497.252879814421
692,2497.252879814421
693,2497.252879814421
694,2498.910292844028
695,2498.910292844028
696,2498.910292844028
697,2498.910292844028
698,2498.910292844028
699,2498.910292844028
700,2500.702764136162
701,2500.702764136162
702,2500.702764136162
703,2500.702764136162
704,2500.702764136162
705,2534.8384117670453
706,2565.011165070019
707,2574.17358344039
708,2576.5791181214668
709,2576.5791181214668
710,2577.4320656494174
711,2577.4320656494174
712,2577.4320656494174
713,2577.4320656494174
714,2578.0605583127085
715,2578.0605583127085
716,2578.0605583127085
717,2578.0605583127085
718,2578.0605583127085
719,2578.4588724538826
720,2578.4588724538826
721,2578.4588724538826
722,2578.4588724538826
723,2578.4588724538826
724,2599.6431828087943
725,2599.6431828087943
726,2614.9273899848854
727,2634.9715899901025
728,2649.9588474690227
729,2649.9588474690227
730,2649.9588474690227
731,2650.157708274836
732,2650.157708274836
733,2650.157708274836
734,2650.157708274836
735,2692.207843575694
736,2728.920882235016
737,2728.920882235016
738,2769.1423290154958
739,2795.4905959353264
740,2795.4905959353264
741,2813.083856513005
742,2829.4839126323086
743,2829.4839126323086
744,2829.4839126323086
745,2836.091189393158
746,2840.952932894323
747,2840.952932894323
748,2840.952932894323
749,2840.952932894323
750,2840.952932894323
751,2855.5550659430087
752,2855.5550659430087
753,2861.044919306317
754,2865.1069630232073
755,2865.1069630232073
756,2906.853964133909
757,2906.853964133909
758,2906.853964133909
759,2906.853964133909
760,2906.853964133909
761,2906.853964133909
762,2906.853964133909
763,2906.853964133909
764,2910.2379382153963
765,2910.2379382153963
766,2951.5098541529055
767,2954.489443370601
768,2954.489443370601
769,2961.8423166959506
770,2961.8423166959506
771,2961.8423166959506
772,2961.8423166959506
773,2961.8423166959506
774,3002.866102175478
775,3002.866102175478
776,3010.7684522696063
777,3013.9143153626624
778,3013.9143153626624
779,3013.9143153626624
780,3013.9143153626624
781,3016.070574128811
782,3016.070574128811
783,3016.070574128811
784,3016.070574128811
785,3016.6003127059807
786,3017.022589236962
787,3019.1182660039494
788,3019.1182660039494
789,3019.1182660039494
790,3019.1182660039494
791,3019.1182660039494
792,3019.1182660039494
793,3019.1182660039494
794,3019.1182660039494
795,3019.1182660039494
796,3019.214312643222
797,3019.214312643222
798,3019.214312643222
799,3019.214312643222
800,3019.214312643222
801,3019.6346846983542
802,3019.6346846983542
803,3080.7310917757136
804,3139.947282828381
805,3174.7049056903525
806,3174.7049056903525
807,3209.896085315087
808,3209.896085315087
809,3209.896085315087
810,3210.4287349006904
811,3215.298381175885
812,3216.167370299426
813,3216.167370299426
814,3216.167370299426
815,3216.167370299426
816,3216.1930987402025
817,3246.1471395420476
818,3246.5474329335934
819,3294.6634619907018
820,3294.6634619907018
821,3318.3536042040305
822,3351.9339539924963
823,3357.35338483072
824,3374.977882674947
825,3374.977882674947
826,3376.308621359495
827,3376.308621359495
828,3376.308621359495
829,3437.3610009148156
830,3437.3610009148156
831,3484.882018084908
832,3523.1651652674414
833,3566.6368880764226
834,3596.0684326976084
835,3596.0684326976084
836,3618.18987201971
837,3641.2843951544596
838,3656.9178100301056
839,3665.5679748979037
840,3667.5537781434628
841,3667.5537781434628
842,3667.5537781434628
843,3669.3656426286047
844,3669.3656426286047
845,3669.3656426286047
846,3669.3656426286047
847,3669.3656426286047
848,3671.043247735574
849,3671.043247735574
850,3671.043247735574
851,3671.043247735574
852,3671.043247735574
853,3671.043247735574
854,3671.043247735574
855,3671.043247735574
856,3671.043247735574
857,3698.9639203187585
858,3699.510208763005
859,3751.8759162028487
860,3809.0682602491092
861,3809.0682602491092
862,3809.0682602491092
863,3866.1619663082165
864,3866.1619663082165
865,3908.4256858445424
866,3956.975282722805
867,3956.975282722805
868,3989.4331127749874
869,4026.965651930083
870,4026.965651930083
871,4049.843662783041
872,4049.843662783041
873,4056.223001272438
874,4064.9086026290584
875,4064.9086026290584
876,4066.9412672405138
877,4066.9412672405138
878,4066.9412672405138
879,4066.9412672405138
880,4066.9412672405138
881,4066.9412672405138
882,4094.446747823644
883,4094.446747823644
884,4126.756120814167
885,4168.2659295854255
886,4168.2659295854255
887,4183.156522350141
888,4183.156522350141
889,4183.156522350141
890,4183.156522350141
891,4183.156522350141
892,4183.156522350141
893,4183.156522350141
894,4183.156522350141
895,4233.889646594997
896,4280.642679847709
897,4280.642679847709
898,4308.822597157838
899,4346.671808037818
900,4346.671808037818
901,4346.671808037818
902,4346.671808037818
903,4392.487621390305
904,4392.487621390305
905,4392.487621390305
906,4407.170975049457
907,4407.170975049457
908,4432.275767353581
909,4452.444821709145
910,4468.207562284863
911,4484.2504769059915
912,4484.2504769059915
913,4484.2504769059915
914,4502.138104008097
915,4502.138104008097
916,4512.3400313123775
917,4512.3400313123775
918,4516.851855797432
919,4516.851855797432
920,4516.851855797432
921,4516.851855797432
922,4516.977039646359
923,4516.977039646359
924,4516.977039646359
925,4516.977039646359
926,4517.19293584929
927,4517.19293584929
928,4517.19293584929
929,4517.19293584929
930,4517.19293584929
931,4517.19293584929
932,4519.295980183543
933,4519.295980183543
934,4519.295980183543
935,4519.295980183543
936,4536.41990829469
937,4536.41990829469
938,4570.955006597519
939,4605.463708943899
940,4628.405330820386
941,4642.3138698100975
942,4642.3138698100975
943,4648.987589366712
944,4648.987589366712
945,4655.697259989357
946,4655.697259989357
947,4655.697259989357
948,4655.697259989357
949,4655.697259989357
950,4655.697259989357
951,4655.697259989357
952,4655.697259989357
953,4655.697259989357
954,4655.697259989357
955,4655.697259989357
956,4656.194167666496
957,4656.194167666496
958,4691.562210934268
959,4691.562210934268
960,4731.608538725992
961,4766.065742653923
962,4798.154934085004
963,4829.869507962106
964,4860.222904799596
965,4860.222904799596
966,4891.106019982256
967,4914.4363202672985
968,4921.304432221171
969,4948.285723872534
970,4948.285723872534
971,4959.4316020588985
972,5023.545425083894
973,5030.8433257424895
974,5030.8433257424895
975,5041.413541013042
976,5041.413541013042
977,5112.8644505676075
978,5179.242407268183
979,5207.12667575628
980,5264.255132365999
981,5281.203201247818
982,5281.203201247818
983,5305.633645763629
984,5305.633645763629
985,5320.5534787242095
986,5320.5534787242095
987,5320.5534787242095
988,5331.070028877964
989,5366.755517185847
990,5377.710534339512
991,5397.933784897822
992,5408.436305623539
993,5408.436305623539
994,5429.977625821403
995,5433.083350500968
996,5439.78743205911
997,5439.78743205911
998,5439.78743205911
999,5439.957355944658
1000,5439.957355944658
1001,5439.957355944658
1002,5439.957355944658
1003,5439.957355944658
1004,5439.957355944658
1005,5477.2855873820845
1006,5477.2855873820845
1007,5477.2855873820845
1008,5477.2855873820845
1009,5477.2855873820845
1010,5513.176410460708
1011,5513.176410460708
1012,5533.6188055990615
1013,5533.6188055990615
1014,5551.08955592065
1015,5551.08955592065
1016,5576.8787097015775
1017,5589.460598746917
1018,5589.460598746917
1019,5595.100125379673
1020,5599.072338486845
1021,5599.072338486845
1022,5599.072338486845
1023,5599.072338486845
1024,5599.4493884997055
1025,5599.4493884997055
1026,5600.825780642665
1027,5600.825780642665
1028,5600.825780642665
1029,5600.825780642665
1030,5600.825780642665
1031,5600.825780642665
1032,5600.825780642665
1033,5600.880587296164
1034,5600.880587296164
1035,5600.880587296164
1036,5600.880587296164
1037,5647.420733744216
1038,5675.618875184007
1039,5702.734198828569
1040,5726.790430850083
1041,5748.731108745724
1042,5762.677166346672
1043,5782.055940670807
1044,5787.141378967098
1045,5792.585574663259
1046,5809.280846833057
1047,5809.280846833057
1048,5809.280846833057
1049,5812.799236416351
1050,5812.799236416351
1051,5813.635358859355
1052,5862.219397420862
1053,5862.219397420862
1054,5862.219397420862
1055,5921.713701151571
1056,5969.307700872734
1057,6013.28903079569
1058,6013.28903079569
1059,6013.28903079569
1060,6013.28903079569
1061,6013.28903079569
1062,6015.902708810667
1063,6015.902708810667
1064,6015.902708810667
1065,6015.902708810667
1066,6015.902708810667
1067,6016.4116877730985
1068,6017.462134125482
1069,6017.462134125482
1070,6083.358156597982
1071,6083.358156597982
1072,6118.5939428538295
1073,6148.490638263974
1074,6194.155462091027
1075,6194.155462091027
1076,6223.919753713531
1077,6264.855693199507
1078,6310.137003685033
1079,6315.3697925594
1080,6338.433639953107
1081,6358.4185538811835
1082,6384.264124740817
1083,6384.264124740817
1084,6391.236855106484
1085,6392.92571129746
1086,6412.0274054865085
1087,6412.0274054865085
1088,6414.5258442950435
1089,6414.5258442950435
1090,6414.5258442950435
1091,6414.5258442950435
1092,6414.5258442950435
1093,6414.5258442950435
1094,6414.5258442950435
1095,6414.5258442950435
1096,6414.5258442950435
1097,6414.5258442950435
1098,6428.079991250488
1099,6462.73734757052
1100,6462.73734757052
1101,6483.879273064335
1102,6483.879273064335
1103,6518.699181327944
1104,6518.699181327944
1105,6525.2638657199695
1106,6529.2358579109205
1107,6529.2358579109205
1108,6529.2358579109205
1109,6529.2358579109205
1110,6529.2358579109205
1111,6529.2358579109205
1112,6529.2358579109205
1113,6529.2358579109205
1114,6529.2358579109205
1115,6567.921722465213
1116,6604.362970299402
1117,6604.362970299402
1118,6627.162628457475
1119,6650.931526608214
1120,6650.931526608214
1121,6675.507055304886
1122,6701.984020895591
1123,6701.984020895591
1124,6713.173903138689
1125,6713.173903138689
1126,6723.977706998793
1127,6725.033121614923
1128,6725.033121614923
1129,6725.033121614923
1130,6734.241582495729
1131,6734.241582495729
1132,6734.241582495729
1133,6774.019065741031
1134,6806.258574165988
1135,6806.258574165988
1136,6828.7390042819125
1137,6852.918548262155
1138,6866.18228767711
1139,6866.18228767711
1140,6866.690872836694
1141,6866.690872836694
1142,6866.690872836694
1143,6905.105300269794
1144,6906.490480071167
1145,6906.490480071167
1146,6949.19074705961
1147,6981.149134620185
1148,6981.149134620185
1149,6981.149134620185
1150,7022.290676340477
1151,7056.187613853065
1152,7056.187613853065
1153,7103.514334420032
1154,7126.690521752086
1155,7126.690521752086
1156,7157.26643884187
1157,7195.312236827479
1158,7195.312236827479
1159,7195.312236827479
1160,7214.5882658874325
1161,7231.26579715637
1162,7231.26579715637
1163,7245.044836967579
1164,7245.152408752779
1165,7259.86868278522
1166,7260.243039998064
1167,7273.559828095764
1168,7283.255523271966
1169,7283.255523271966
1170,7288.7519419978
1171,7288.7519419978
1172,7288.7519419978
1173,7288.7519419978
1174,7288.7519419978
1175,7288.7519419978
1176,7288.7519419978
1177,7288.7519419978
1178,7344.39111311049
1179,7395.049299251985
1180,7410.984737817066
1181,7410.984737817066
1182,7410.984737817066
1183,7410.984737817066
1184,7412.425580909824
1185,7412.425580909824
1186,7412.425580909824
1187,7412.891853427368
1188,7415.803122711043
1189,7415.803122711043
1190,7415.803122711043
1191,7415.803122711043
1192,7415.803122711043
1193,7415.803122711043
1194,7451.626715081985
1195,7475.773709082393
1196,7475.773709082393
1197,7490.536772458654
1198,7490.536772458654
1199,7507.834466537774
1200,7507.834466537774
1201,7507.834466537774
1202,7507.834466537774
1203,7528.83947140713
1204,7528.83947140713
1205,7550.451617828673
1206,7565.755628631719
1207,7565.755628631719
1208,7612.459123385117
1209,7612.459123385117
1210,7612.459123385117
1211,7633.567970981615
1212,7633.567970981615
1213,7656.689480597145
1214,7700.240167663145
1215,7720.831533949887
1216,7731.610919174268
1217,7731.610919174268
1218,7731.610919174268
1219,7735.830763515062
1220,7735.830763515062
1221,7735.830763515062
1222,7735.830763515062
1223,7735.830763515062
1224,7735.830763515062
1225,7762.462901094029
1226,7762.462901094029
1227,7806.712225012931
1228,7840.860036513014
1229,7880.8682525849945
1230,7924.464080099621
1231,7960.245613954677
1232,7968.235692430413
1233,8000.297225359367
1234,8011.974206940208
1235,8051.608277516236
1236,8066.067245603076
1237,8084.277208369617
1238,8084.277208369617
1239,8108.347412532939
1240,8108.347412532939
1241,8115.796479104759
1242,8122.843816000599
1243,8143.995332489146
1244,8143.995332489146
1245,8151.688160160495
1246,8151.688160160495
1247,8151.688160160495
1248,8151.688160160495
1249,8151.688160160495
1250,8156.109431963546
1251,8158.356895445317
1252,8160.850448565844
1253,8209.387960709459
1254,8209.387960709459
1255,8209.387960709459
1256,8209.387960709459
1257,8254.311828673992
1258,8254.311828673992
1259,8254.311828673992
1260,8254.311828673992
1261,8299.07390233604
1262,8342.54353134538
1263,8342.54353134538
1264,8379.981336482238
1265,8402.566510489682
1266,8405.130243771908
1267,8405.130243771908
1268,8405.130243771908
1269,8405.130243771908
1270,8405.130243771908
1271,8455.364071019514
1272,8502.623478261035
1273,8502.623478261035
1274,8541.025212701183
1275,8580.006452931751
1276,8608.37677601557
1277,8646.345015917444
1278,8665.880942915755
1279,8665.880942915755
1280,8671.073969559342
1281,8671.073969559342
1282,8692.809612706978
1283,8692.809612706978
1284,8707.781371621673
1285,8707.781371621673
1286,8707.781371621673
1287,8763.293764699061
1288,8798.981791430442
1289,8798.981791430442
1290,8798.981791430442
1291,8837.820671451153
1292,8884.835300021352
1293,8928.405245232923
1294,8963.22903873743
1295,8963.22903873743
1296,9002.406190511761
1297,9002.406190511761
1298,9002.406190511761
1299,9041.118221210154
1300,9087.402063349016
1301,9123.998112812222
1302,9123.998112812222
1303,9147.987168763351
1304,9173.982851114477
1305,9173.982851114477
1306,9200.490091605265
1307,9233.344534896834
1308,9258.662507583214
1309,9272.221473050462
1310,9285.82978536417
1311,9300.652097493588
1312,9322.1737283139
1313,9326.51589980929
1314,9326.51589980929
1315,9340.577424421532
1316,9346.710268639172
1317,9350.433034614984
1318,9350.433034614984
1319,9350.433034614984
1320,9350.433034614984
1321,9350.433034614984
1322,9355.121764531947
1323,9355.121764531947
1324,9357.734235558362
1325,9358.950628043602
1326,9358.950628043602
1327,9410.341574657225
1328,9410.341574657225
1329,9424.481932681152
1330,9424.481932681152
1331,9426.706124039083
1332,9426.706124039083
1333,9452.829764718384
1334,9452.829764718384
1335,9452.829764718384
1336,9499.65828975532
1337,9535.587140634925
1338,9535.587140634925
1339,9549.54730202643
1340,9558.133795245207
1341,9558.133795245207
1342,9558.133795245207
1343,9558.133795245207
1344,9558.133795245207
1345,9558.133795245207
1346,9558.133795245207
1347,9558.133795245207
1348,9558.133795245207
1349,9595.027496945746
1350,9595.027496945746
1351,9633.971093689526
1352,9661.094704978166
1353,9686.546035541
1354,9719.146652006133
1355,9744.311216754708
1356,9744.311216754708
1357,9772.400202179017
1358,9801.667475224873
1359,9828.64221496791
1360,9842.258748108175
1361,9855.93241875459
1362,9855.93241875459
1363,9859.664930238489
1364,9859.664930238489
1365,9886.166535030407
1366,9947.295571586172
1367,9984.088447663069
1368,9984.088447663069
1369,9984.088447663069
1370,10050.363854494084
1371,10050.363854494084
1372,10050.363854494084
1373,10102.429752316015
1374,10144.891974606875
1375,10175.093229241584
1376,10175.093229241584
1377,10181.751297406523
1378,10181.751297406523
1379,10181.751297406523
1380,10181.751297406523
1381,10181.751297406523
1382,10186.763122540247
1383,10186.763122540247
1384,10186.763122540247
1385,10233.896799602731
1386,10270.88854425269
1387,10270.88854425269
1388,10316.255186578492
1389,10339.701933102146
1390,10372.433499921284
1391,10411.255062989812
1392,10411.255062989812
1393,10411.255062989812
1394,10425.018507436569
1395,10466.861508618227
1396,10492.505751065162
1397,10504.944367752152
1398,10504.944367752152
1399,10516.188617176645
1400,10516.188617176645
1401,10516.188617176645
1402,10516.188617176645
1403,10516.188617176645
1404,10516.188617176645
1405,10516.188617176645
1406,10516.188617176645
1407,10516.188617176645
1408,10516.188617176645
1409,10516.188617176645
1410,10516.188617176645
1411,10531.661530856574
1412,10531.661530856574
1413,10578.682014071075
1414,10638.565563838849
1415,10638.565563838849
1416,10682.447510293976
1417,10713.217203386981
1418,10749.826007182273
1419,10782.94225442214
1420,10806.80358419282
1421,10842.99120609643
1422,10868.426122001334
1423,10868.426122001334
1424,10868.426122001334
1425,10872.73764308256
1426,10872.73764308256
1427,10872.73764308256
1428,10872.73764308256
1429,10878.568358837487
1430,10878.568358837487
1431,10878.568358837487
1432,10881.030205169445
1433,10881.030205169445
1434,10881.030205169445
1435,10928.747130392374
1436,10971.789202258951
1437,11012.693614081187
1438,11012.693614081187
1439,11040.457832427983
1440,11067.119224007341
1441,11083.118455946656
1442,11109.209995817206
1443,11131.479844094703
1444,11131.479844094703
1445,11131.479844094703
1446,11152.309047995528
1447,11175.919736243792
1448,11196.22250213977
1449,11199.84727733731
1450,11199.84727733731
1451,11244.163803658836
1452,11244.163803658836
1453,11283.430759127423
1454,11283.430759127423
1455,11338.419743375112
1456,11338.419743375112
1457,11377.602088228366
1458,11424.0598860224
1459,11443.778459209316
1460,11443.778459209316
1461,11457.316401818056
1462,11457.316401818056
1463,11457.316401818056
1464,11457.316401818056
1465,11457.316401818056
1466,11457.316401818056
1467,11457.316401818056
1468,11487.345315814257
1469,11543.433991529082
1470,11543.433991529082
1471,11593.853115367649
1472,11645.877044691175
1473,11698.582170025642
1474,11732.560858967821
1475,11769.384571508326
1476,11790.87714976403
1477,11813.41075849926
1478,11858.921431209827
1479,11876.556323169452
1480,11876.556323169452
1481,11895.55978601919
1482,11908.332514384163
1483,11937.39265367843
1484,11937.39265367843
1485,11937.39265367843
1486,11955.961129845404
1487,11958.396486573718
1488,11980.310180662771
1489,12001.018181307983
1490,12001.018181307983
1491,12001.018181307983
1492,12001.018181307983
1493,12040.267269066742
1494,12040.267269066742
1495,12040.267269066742
1496,12044.74002094275
1497,12044.74002094275
1498,12091.107701436165
1499,12148.376071533363
1500,12148.376071533363
1501,12148.376071533363
1502,12183.431382080285
1503,12209.04842433114
1504,12209.04842433114
1505,12209.04842433114
1506,12209.04842433114
1507,12209.04842433114
1508,12209.04842433114
1509,12209.04842433114
1510,12209.04842433114
1511,12246.293473260264
1512,12271.572420338343
1513,12291.027473722723
1514,12301.219619149146
1515,12301.219619149146
1516,12319.177871125567
1517,12335.690782825717
1518,12335.690782825717
1519,12343.939928993757
1520,12351.271098733807
1521,12351.271098733807
1522,12351.653337453909
1523,12351.653337453909
1524,12351.653337453909
1525,12351.653337453909
1526,12353.712790453894
1527,12353.712790453894
1528,12354.784005170639
1529,12402.810622577363
1530,12402.810622577363
1531,12435.551650368761
1532,12468.949366762865
1533,12491.510777855268
1534,12491.510777855268
1535,12507.946036553618
1536,12507.946036553618
1537,12519.565229806296
1538,12523.183337032164
1539,12523.183337032164
1540,12524.039774690851
1541,12524.039774690851
1542,12524.039774690851
1543,12564.579187975558
1544,12564.579187975558
1545,12564.579187975558
1546,12564.579187975558
1547,12564.579187975558
1548,12585.136587688125
1549,12623.987860241643
1550,12623.987860241643
1551,12655.632462782032
1552,12655.632462782032
1553,12655.777001507564
1554,12674.734411857595
1555,12674.734411857595
1556,12689.10567948705
1557,12689.10567948705
1558,12689.10567948705
1559,12689.10567948705
1560,12689.10567948705
1561,12689.10567948705
1562,12714.331845705983
1563,12714.331845705983
1564,12714.331845705983
1565,12714.331845705983
1566,12714.331845705983
1567,12714.331845705983
1568,12714.331845705983
1569,12714.331845705983
1570,12749.574574253984
1571,12771.008359755635
1572,12784.695956569743
1573,12800.496456595487
1574,12800.496456595487
1575,12802.284554799086
1576,12805.50792160064
1577,12805.50792160064
1578,12805.50792160064
1579,12805.50792160064
1580,12805.50792160064
1581,12805.50792160064
1582,12807.718370210192
1583,12865.091984850935
1584,12893.879074323262
1585,12893.879074323262
1586,12928.84998152532
1587,12941.225151378963
1588,12941.225151378963
1589,12941.225151378963
1590,12952.043861408876
1591,12952.043861408876
1592,12964.31449200795
1593,12977.36251633113
1594,12993.33012385663
1595,12993.33012385663
1596,12993.623242026619
1597,13006.700890125083
1598,13052.057763788634
1599,13052.057763788634
1600,13052.057763788634
1601,13065.144021691578
1602,13101.703907403318
1603,13124.021282295314
1604,13124.021282295314
1605,13124.021282295314
1606,13124.021282295314
1607,13124.021282295314
1608,13125.984737952142
1609,13125.984737952142
1610,13145.07424579593
1611,13184.804048135775
1612,13184.804048135775
1613,13184.804048135775
1614,13184.804048135775
1615,13184.804048135775
1616,13184.804048135775
1617,13226.175691614773
1618,13255.935748696493
1619,13255.935748696493
1620,13275.764639571631
1621,13275.764639571631
1622,13298.452844151932
1623,13298.452844151932
1624,13306.073912414224
1625,13306.073912414224
1626,13306.073912414224
1627,13306.073912414224
1628,13306.073912414224
1629,13333.060299411398
1630,13370.938902425414
1631,13382.636200392764
1632,13388.51394389624
1633,13392.460005257517
1634,13398.795725046655
1635,13399.873679548593
1636,13403.191271814538
1637,13403.191271814538
1638,13403.191271814538
1639,13403.191271814538
1640,13403.191271814538
1641,13403.191271814538
1642,13403.191271814538
1643,13403.191271814538
1644,13403.191271814538
1645,13403.68933041813
1646,13403.68933041813
1647,13427.465784190523
1648,13447.51932241351
1649,13447.51932241351
1650,13470.534692617553
1651,13485.37498457757
1652,13498.649981959888
1653,13514.075482883634
1654,13514.075482883634
1655,13514.612170753635
1656,13514.612170753635
1657,13514.612170753635
1658,13514.665678248684
1659,13514.665678248684
1660,13531.765001126741
1661,13531.765001126741
1662,13554.214032641352
1663,13554.214032641352
1664,13565.944174397027
1665,13608.449999559183
1666,13648.17623816481
1667,13661.091773051461
1668,13666.357162742162
1669,13666.357162742162
1670,13674.726462555263
1671,13676.912442431625
1672,13676.912442431625
1673,13676.912442431625
1674,13678.864711150029
1675,13678.864711150029
1676,13678.864711150029
1677,13733.448581144035
1678,13733.448581144035
1679,13779.62276838699
1680,13820.178545116129
1681,13851.861994154753
1682,13899.803858270292
1683,13899.803858270292
1684,13946.026350655373
1685,13946.026350655373
1686,13984.316277407192
1687,13984.316277407192
1688,13986.132728307914
1689,13986.132728307914
1690,14007.392924961583
1691,14037.334648523565
1692,14037.334648523565
1693,14037.334648523565
1694,14060.74008610859
1695,14060.74008610859
1696,14098.505540866092
1697,14098.505540866092
1698,14108.58113116887
1699,14108.58113116887
1700,14108.58113116887
1701,14108.58113116887
1702,14118.178072996106
1703,14160.392807909098
1704,14165.407558509
1705,14165.407558509
1706,14165.407558509
1707,14165.407558509
1708,14165.407558509
1709,14165.407558509
1710,14165.407558509
1711,14165.407558509
1712,14165.407558509
1713,14165.407558509
1714,14189.882786749142
1715,14211.433586535199
1716,14211.433586535199
1717,14262.434723543194
1718,14270.364843833397
1719,14270.364843833397
1720,14270.364843833397
1721,14270.364843833397
1722,14270.364843833397
1723,14271.398678526244
1724,14271.398678526244
1725,14302.96676112818
1726,14302.96676112818
1727,14303.608630872019
1728,14304.23956405925
1729,14304.23956405925
1730,14337.138227735186
1731,14370.736742150804
1732,14370.736742150804
1733,14404.451623684416
1734,14404.451623684416
1735,14426.983670077438
1736,14450.076513791291
1737,14450.076513791291
1738,14468.142927392826
1739,14472.008651437609
1740,14475.815659215797
1741,14475.815659215797
1742,14508.604496014626
1743,14508.604496014626
1744,14541.641046350986
1745,14561.72968483398
1746,14561.72968483398
1747,14601.86242938868
1748,14619.983342764292
1749,14659.385509074447
1750,14659.385509074447
1751,14672.461003163811
1752,14672.85208276749
1753,14680.498582694336
1754,14680.498582694336
1755,14688.03012625669
1756,14707.07452130533
1757,14707.07452130533
1758,14762.243532036096
1759,14766.658704835347
1760,14802.656457873036
1761,14802.656457873036
1762,14802.656457873036
1763,14802.656457873036
1764,14802.656457873036
1765,14834.620774809695
1766,14856.834947824165
1767,14878.400720807962
1768,14878.400720807962
1769,14888.26747868663
1770,14909.339084910252
1771,14909.339084910252
1772,14909.339084910252
1773,14909.339084910252
1774,14909.339084910252
1775,14909.339084910252
1776,14909.339084910252
1777,14909.339084910252
1778,14909.339084910252
1779,14941.46376227526
1780,14987.782625666006
1781,15031.982439286909
1782,15052.720933683187
1783,15097.195086895996
1784,15108.351657236413
1785,15142.500184574617
1786,15151.547321603632
1787,15160.05785597003
1788,15170.15193105204
1789,15170.15193105204
1790,15173.335259117206
1791,15173.335259117206
1792,15173.44068152683
1793,15173.44068152683
1794,15173.44068152683
1795,15182.423100236383
1796,15182.423100236383
1797,15182.423100236383
1798,15193.651221955884
1799,15193.651221955884
1800,15241.519648755884
1801,15271.110994017288
1802,15300.6358316505
1803,15316.352474169293
1804,15326.145356256618
1805,15326.145356256618
1806,15335.349614485167
1807,15335.349614485167
1808,15337.73633118552
1809,15337.73633118552
1810,15337.73633118552
1811,15340.558343545736
1812,15340.558343545736
1813,15344.20236377088
1814,15344.20236377088
1815,15344.20236377088
1816,15399.522365808756
1817,15429.234646588591
1818,15470.457344100685
1819,15509.826389731115
1820,15543.744730461443
1821,15580.340790517059
1822,15612.77447021361
1823,15654.321118497855
1824,15678.980900699247
1825,15711.152763886412
1826,15716.055375215332
1827,15749.155098255396
1828,15749.155098255396
1829,15749.155098255396
1830,15749.155098255396
1831,15749.155098255396
1832,15749.155098255396
1833,15749.155098255396
1834,15749.155098255396
1835,15749.155098255396
1836,15792.611316825083
1837,15792.611316825083
1838,15792.611316825083
1839,15792.611316825083
1840,15793.153507894389
1841,15851.801406461798
1842,15902.488246753344
1843,15929.975336517025
1844,15929.975336517025
1845,15929.975336517025
1846,15932.14544306968
1847,15932.14544306968
1848,15932.14544306968
1849,15932.14544306968
1850,15932.14544306968
1851,15932.826746129014
1852,15932.826746129014
1853,15932.826746129014
1854,15932.826746129014
1855,15956.111628077851
1856,15956.111628077851
1857,15978.295332773607
1858,15993.163421533416
1859,15993.163421533416
1860,16004.283825708977
1861,16004.283825708977
1862,16004.283825708977
1863,16004.283825708977
1864,16004.283825708977
1865,16004.283825708977
1866,16044.942829376487
1867,16044.942829376487
1868,16066.551253186382
1869,16085.939748586496
1870,16092.696413156016
1871,16092.696413156016
1872,16092.696413156016
1873,16121.626381778382
1874,16121.626381778382
1875,16147.167158116721
1876,16147.167158116721
1877,16152.955585776319
1878,16152.955585776319
1879,16172.374405130824
1880,16173.951300047891
1881,16173.951300047891
1882,16173.951300047891
1883,16175.88254441002
1884,16175.88254441002
1885,16175.88254441002
1886,16175.88254441002
1887,16175.88254441002
1888,16179.233637337979
1889,16179.233637337979
1890,16179.71153788352
1891,16216.088687457423
1892,16216.088687457423
1893,16216.088687457423
1894,16216.088687457423
1895,16216.088687457423
1896,16252.115482886946
1897,16252.115482886946
1898,16275.864629252721
1899,16275.864629252721
1900,16289.330642442996
1901,16317.294937301227
1902,16330.120456033468
1903,16330.120456033468
1904,16330.120456033468
1905,16334.191479036856
1906,16334.191479036856
1907,16334.191479036856
1908,16334.191479036856
1909,16334.191479036856
1910,16336.586948112796
1911,16336.586948112796
1912,16366.262569576827
1913,16380.150919521944
1914,16395.38870004407
1915,16395.38870004407
1916,16395.38870004407
1917,16412.701664866534
1918,16424.535366121407
1919,16440.834728575086
1920,16449.20495006114
1921,16452.04636699874
1922,16452.04636699874
1923,16452.04636699874
1924,16452.04636699874
1925,16452.04636699874
1926,16488.8313755779
1927,16488.8313755779
1928,16497.23180648118
1929,16527.14846074479
1930,16549.217824211213
1931,16549.217824211213
1932,16549.217824211213
1933,16549.217824211213
1934,16579.949404784056
1935,16600.427566829287
1936,16600.427566829287
1937,16604.406182761475
1938,16604.406182761475
1939,16604.406182761475
1940,16619.25016989276
1941,16643.545788729713
1942,16652.27546956833
1943,16654.932698198925
1944,16654.932698198925
1945,16654.932698198925
1946,16654.932698198925
1947,16654.932698198925
1948,16654.932698198925
1949,16695.97989875051
1950,16695.97989875051
1951,16695.97989875051
1952,16695.97989875051
1953,16706.735435035695
1954,16706.735435035695
1955,16706.735435035695
1956,16744.801552270867
1957,16775.76983634922
1958,16802.95443810644
1959,16820.25947815634
1960,16826.396709747114
1961,16826.396709747114
1962,16826.396709747114
1963,16826.396709747114
1964,16828.471655022353
1965,16831.816951702553
1966,16831.816951702553
1967,16831.816951702553
1968,16831.816951702553
1969,16831.816951702553
1970,16831.816951702553
1971,16849.195682702342
1972,16857.90794547435
1973,16877.207290787766
1974,16891.63755334084
1975,16893.752502855586
1976,16893.752502855586
1977,16895.350967436483
1978,16932.64321228069
1979,16932.64321228069
1980,16932.64321228069
1981,16968.748355687327
1982,17008.14525230018
1983,17037.767780034035
1984,17042.781775703246
1985,17042.781775703246
1986,17042.781775703246
1987,17042.781775703246
1988,17042.781775703246
1989,17042.781775703246
1990,17042.781775703246
1991,17072.51872489916
1992,17072.51872489916
1993,17082.76226535381
1994,17094.272861248875
1995,17096.716489619193
1996,17096.716489619193
1997,17113.048874085875
1998,17113.048874085875
1999,17113.048874085875
2000,17113.048874085875
2001,17129.81985046067
2002,17129.81985046067
2003,17130.15497669471
2004,17130.15497669471
2005,17130.15497669471
2006,17130.979440610663
2007,17130.979440610663
2008,17134.480836966883
2009,17136.627517100525
2010,17136.627517100525
2011,17136.627517100525
2012,17136.627517100525
2013,17136.627517100525
2014,17137.670084543584
2015,17137.670084543584
2016,17171.38248586452
2017,17172.537342471554
2018,17173.38925572263
2019,17173.38925572263
2020,17173.38925572263
2021,17173.38925572263
2022,17173.904240614007
2023,17224.791531566138
2024,17247.734810910082
2025,17266.093026800674
2026,17266.093026800674
2027,17266.093026800674
2028,17268.069985871505
2029,17268.069985871505
2030,17268.069985871505
2031,17268.069985871505
2032,17268.069985871505
2033,17277.05986007956
2034,17293.656058179582
2035,17320.37325404731
2036,17331.52982312252
2037,17331.52982312252
2038,17331.52982312252
2039,17331.52982312252
2040,17331.52982312252
2041,17333.245804184888
2042,17333.245804184888
2043,17333.245804184888
2044,17333.245804184888
2045,17333.245804184888
2046,17333.245804184888
2047,17333.245804184888
2048,17333.245804184888
2049,17355.105298813512
2050,17355.105298813512
2051,17355.477692801527
2052,17393.917403666543
2053,17393.917403666543
2054,17433.4983812077
2055,17449.323327168167
2056,17461.333480689256
2057,17461.333480689256
2058,17461.333480689256
2059,17461.333480689256
2060,17501.164505560948
2061,17501.164505560948
2062,17543.671624541912
2063,17557.79695687459
2064,17557.79695687459
2065,17597.67938019471
2066,17597.67938019471
2067,17608.743164434483
2068,17647.737059343104
2069,17649.829190762845
2070,17672.13875151193
2071,17672.13875151193
2072,17676.72213898898
2073,17676.72213898898
2074,17676.72213898898
2075,17702.779311089507
2076,17702.779311089507
2077,17702.779311089507
2078,17702.779311089507
2079,17702.779311089507
2080,17726.718954005693
2081,17764.981611224146
2082,17809.69363113153
2083,17825.706278281625
2084,17829.03354699528
2085,17829.03354699528
2086,17850.306039706265
2087,17850.306039706265
2088,17863.343402066326
2089,17874.450148354423
2090,17875.38492152119
2091,17875.38492152119
2092,17875.627138871463
2093,17875.627138871463
2094,17881.11519377686
2095,17881.11519377686
2096,17900.246431030057
2097,17907.85145696156
2098,17908.258007779164
2099,17913.69952779183
2100,17913.69952779183
2101,17913.69952779183
2102,17913.69952779183
2103,17913.69952779183
2104,17913.69952779183
2105,17913.69952779183
2106,17913.69952779183
2107,17913.69952779183
2108,17913.69952779183
2109,17913.69952779183
2110,17913.69952779183
2111,17913.69952779183
2112,17913.69952779183
2113,17913.69952779183
2114,17913.69952779183
2115,17913.69952779183
2116,17967.775356621598
2117,17967.775356621598
2118,17967.775356621598
2119,17989.507682683692
2120,17990.263834133293
2121,18011.5788909792
2122,18030.91848507447
2123,18047.555589551954
2124,18049.964778329922
2125,18056.399061659995
2126,18056.399061659995
2127,18056.399061659995
2128,18056.399061659995
2129,18056.399061659995
2130,18056.399061659995
2131,18107.548363697904
2132,18115.872070455716
2133,18115.872070455716
2134,18126.821315368015
2135,18174.321798729852
2136,18177.788587883882
2137,18217.497638984045
2138,18260.293239176484
2139,18294.48054083716
2140,18294.48054083716
2141,18311.249021913038
2142,18334.18602386189
2143,18334.18602386189
2144,18344.466114503524
2145,18344.466114503524
2146,18344.466114503524
2147,18350.11276885699
2148,18363.965851246947
2149,18363.965851246947
2150,18363.990137682857
2151,18363.990137682857
2152,18363.990137682857
2153,18363.990137682857
2154,18397.28091545037
2155,18397.28091545037
2156,18397.28091545037
2157,18404.407361878897
2158,18404.407361878897
2159,18404.407361878897
2160,18463.71581915225
2161,18478.71103882791
2162,18478.71103882791
2163,18491.410455279325
2164,18552.04706178017
2165,18552.04706178017
2166,18553.69389216113
2167,18553.69389216113
2168,18553.69389216113
2169,18553.69389216113
2170,18553.69389216113
2171,18554.598124393284
2172,18554.598124393284
2173,18554.598124393284
2174,18586.713286857826
2175,18618.08764605106
2176,18653.214691473633
2177,18680.175566598547
2178,18704.64446540848
2179,18729.702259813206
2180,18729.702259813206
2181,18749.364501076612
2182,18765.808514960052
2183,18787.40256981037
2184,18798.578679096077
2185,18798.578679096077
2186,18806.64913091169
2187,18828.4692418006
2188,18828.4692418006
2189,18828.4692418006
2190,18834.455954348225
2191,18834.455954348225
2192,18837.207783044814
2193,18893.65254624177
2194,18893.65254624177
2195,18943.889848020284
2196,18991.162990593777
2197,18991.162990593777
2198,19030.529087531773
2199,19069.079926175207
2200,19072.46402209176
2201,19072.46402209176
2202,19103.01329176852
2203,19103.01329176852
2204,19123.597581617418
2205,19140.00175545299
2206,19180.898513224234
2207,19189.667713748753
2208,19213.819522669113
2209,19218.79613231604
2210,19240.96740474538
2211,19253.10145461233
2212,19258.24198267989
2213,19258.24198267989
2214,19258.24198267989
2215,19258.24198267989
2216,19258.24198267989
2217,19258.24198267989
2218,19263.1296081493
2219,19263.1296081493
2220,19263.1296081493
2221,19263.1296081493
2222,19290.278653414425
2223,19290.278653414425
2224,19290.278653414425
2225,19290.831663491095
2226,19290.831663491095
2227,19326.585870406303
2228,19326.585870406303
2229,19326.585870406303
2230,19358.88806470225
2231,19376.385396518635
2232,19394.16562165297
2233,19394.16562165297
2234,19397.102048547742
2235,19397.102048547742
2236,19397.102048547742
2237,19397.102048547742
2238,19397.102048547742
2239,19433.719211546948
2240,19464.04569978554
2241,19495.284357577504
2242,19515.780753595096
2243,19542.276239424595
2244,19542.276239424595
2245,19562.759807391067
2246,19576.79798977599
2247,19576.79798977599
2248,19586.78676822938
2249,19603.258720959548
2250,19603.258720959548
2251,19603.258720959548
2252,19603.258720959548
2253,19603.258720959548
2254,19603.258720959548
2255,19603.258720959548
2256,19603.258720959548
2257,19603.258720959548
2258,19644.628205628876
2259,19686.67342187305
2260,19724.889800109337
2261,19724.889800109337
2262,19762.79647415937
2263,19762.79647415937
2264,19775.45473642793
2265,19789.667700482205
2266,19797.330148506346
2267,19797.330148506346
2268,19811.000823059356
2269,19820.498586724283
2270,19820.498586724283
2271,19865.44726434096
2272,19865.44726434096
2273,19865.44726434096
2274,19918.535236030835
2275,19953.255702567807
2276,19977.113205661844
2277,20011.367421740473
2278,20038.836253028876
2279,20053.163221172068
2280,20053.163221172068
2281,20057.95097968429
2282,20057.95097968429
2283,20064.046675796508
2284,20064.046675796508
2285,20064.046675796508
2286,20064.046675796508
2287,20064.046675796508
2288,20064.046675796508
2289,20069.140532970534
2290,20069.140532970534
2291,20088.194010954056
2292,20088.194010954056
2293,20088.194010954056
2294,20088.194010954056
2295,20119.74888470475
2296,20162.645607766142
2297,20226.39927548136
2298,20269.695340681268
2299,20306.239103101307
2300,20351.406093670164
2301,20364.14035260891
2302,20367.26505601929
2303,20373.72286024158
2304,20373.72286024158
2305,20377.707831562875
2306,20377.707831562875
2307,20380.650976511322
2308,20384.238480518266
2309,20384.238480518266
2310,20384.238480518266
2311,20384.238480518266
2312,20384.238480518266
2313,20430.76809549607
2314,20464.503910484655
2315,20511.84955709323
2316,20553.887874319615
2317,20590.664720340465
2318,20623.70651546367
2319,20653.334828990064
2320,20679.725920150824
2321,20704.83136023327
2322,20742.04091817446
2323,20779.364508244613
2324,20779.364508244613
2325,20779.364508244613
2326,20803.42410463349
2327,20803.42410463349
2328,20803.42410463349
2329,20803.42410463349
2330,20824.121469101276
2331,20824.121469101276
2332,20824.121469101276
2333,20826.47251796334
2334,20826.47251796334
2335,20826.47251796334
2336,20826.47251796334
2337,20826.47251796334
2338,20866.289738316093
2339,20913.17277065718
2340,20957.54869031396
2341,20957.54869031396
2342,20994.91107892144
2343,21029.243606457934
2344,21067.747716021317
2345,21108.173496143456
2346,21137.002745849975
2347,21159.970452230067
2348,21176.691492464233
2349,21176.691492464233
2350,21181.09561146825
2351,21204.905353410886
2352,21204.905353410886
2353,21233.214392903137
2354,21262.586337597277
2355,21280.293022819584
2356,21280.293022819584
2357,21312.50106870072
2358,21312.50106870072
2359,21332.539315230802
2360,21353.634108421113
2361,21353.634108421113
2362,21353.634108421113
2363,21397.973717625377
2364,21426.57150975201
2365,21432.232048678172
2366,21432.232048678172
2367,21437.8273667264
2368,21437.8273667264
2369,21444.809320509816
2370,21444.809320509816
2371,21444.809320509816
2372,21444.809320509816
2373,21444.809320509816
2374,21475.806095739455
2375,21475.806095739455
2376,21510.74782141444
2377,21540.932771966083
2378,21575.488742135727
2379,21605.095928217626
2380,21625.01515547422
2381,21641.601436781868
2382,21666.476331242648
2383,21666.476331242648
2384,21687.83798025715
2385,21701.003668018202
2386,21701.003668018202
2387,21706.82313310207
2388,21723.412017793307
2389,21736.00837810684
2390,21764.025250457948
2391,21764.025250457948
2392,21764.025250457948
2393,21769.97825998164
2394,21796.539308948843
2395,21841.626226769178
2396,21841.626226769178
2397,21866.856872569177
2398,21882.158363280898
2399,21903.964586263075
2400,21916.102116939583
2401,21939.88147746581
2402,21940.601864872067
2403,21940.601864872067
2404,21940.601864872067
2405,21987.349127187677
2406,22033.014418415758
2407,22079.066878787286
2408,22115.654217377658
2409,22161.116441706505
2410,22161.116441706505
2411,22190.77772862043
2412,22237.867919891574
2413,22261.767115886494
2414,22289.217790828363
2415,22324.111212239517
2416,22324.111212239517
2417,22349.65858046502
2418,22349.65858046502
2419,22349.65858046502
2420,22349.65858046502
2421,22349.65858046502
2422,22349.65858046502
2423,22349.65858046502
2424,22349.718229013182
2425,22349.718229013182
2426,22349.718229013182
2427,22349.718229013182
2428,22349.718229013182
2429,22349.718229013182
2430,22349.718229013182
2431,22387.480225309657
2432,22387.480225309657
2433,22404.51393746998
2434,22430.182285835002
2435,22463.04183779509
2436,22523.185704311603
2437,22543.096475511742
2438,22565.945791482787
2439,22585.715681388974
2440,22585.715681388974
2441,22597.10351628616
2442,22620.700305068913
2443,22620.700305068913
2444,22620.700305068913
2445,22620.700305068913
2446,22620.700305068913
2447,22620.700305068913
2448,22620.700305068913
2449,22620.700305068913
2450,22620.878291752095
2451,22620.878291752095
2452,22620.878291752095
2453,22658.588674165967
2454,22658.588674165967
2455,22695.216403198778
2456,22718.52230995136
2457,22741.06949623826
2458,22764.620171804105
2459,22764.620171804105
2460,22775.635267708432
2461,22775.635267708432
2462,22775.635267708432
2463,22775.635267708432
2464,22775.635267708432
2465,22788.01865865943
2466,22788.01865865943
2467,22788.01865865943
2468,22798.350637421532
2469,22834.22762907789
2470,22875.378578102784
2471,22875.378578102784
2472,22875.378578102784
2473,22875.378578102784
2474,22875.378578102784
2475,22875.378578102784
2476,22887.72192527853
2477,22887.72192527853
2478,22906.064686343987
2479,22910.277364195903
2480,22910.277364195903
2481,22918.584453630665
2482,22954.03338477415
2483,22975.084757000957
2484,22975.084757000957
2485,22975.084757000957
2486,22992.69715581187
2487,22992.69715581187
2488,23008.006363369863
2489,23008.006363369863
2490,23008.006363369863
2491,23032.15183168294
2492,23034.492088311476
2493,23061.415192506964
2494,23061.415192506964
2495,23061.415192506964
2496,23061.415192506964
2497,23077.91736929015
2498,23113.288811413153
2499,23123.07694388527
2500,23123.07694388527
2501,23137.27799899326
2502,23150.713080538448
2503,23150.713080538448
2504,23150.713080538448
2505,23150.713080538448
2506,23150.713080538448
2507,23150.713080538448
2508,23150.713080538448
2509,23150.713080538448
2510,23171.21893836187
2511,23171.21893836187
2512,23191.40480677315
2513,23203.373736116573
2514,23208.78700507594
2515,23208.78700507594
2516,23217.96869985631
2517,23225.25337344574
2518,23233.509503175603
2519,23242.269001145352
2520,23248.866964565343
2521,23258.139661399022
2522,23258.139661399022
2523,23258.139661399022
2524,23269.970893328555
2525,23269.970893328555
2526,23269.970893328555
2527,23275.362237190242
2528,23300.93569778425
2529,23340.176616412435
2530,23364.953447293887
2531,23389.992891517886
2532,23405.411275301663
2533,23414.294746042244
2534,23414.294746042244
2535,23418.295948627227
2536,23418.295948627227
2537,23420.59120070602
2538,23420.59120070602
2539,23420.59120070602
2540,23467.921691225074
2541,23467.921691225074
2542,23508.084879749913
2543,23508.084879749913
2544,23539.499192032665
2545,23566.964103060214
2546,23610.67444440445
2547,23636.78503670326
2548,23681.817478567584
2549,23693.583162527168
2550,23708.793373377008
2551,23708.793373377008
2552,23708.793373377008
2553,23729.388453894095
2554,23731.48574670178
2555,23737.282182374467
2556,23737.282182374467
2557,23737.282182374467
2558,23737.51864499216
2559,23737.51864499216
2560,23739.48902334445
2561,23739.48902334445
2562,23739.48902334445
2563,23739.48902334445
2564,23804.119265926867
2565,23807.6766834818
2566,23807.6766834818
2567,23854.42807215778
2568,23854.42807215778
2569,23900.39102203456
2570,23900.39102203456
2571,23900.39102203456
2572,23917.84412052297
2573,23961.989766729566
2574,23986.54665756929
2575,23995.040233689324
2576,23995.040233689324
2577,23995.040233689324
2578,24013.556686101198
2579,24013.556686101198
2580,24013.556686101198
2581,24013.556686101198
2582,24013.556686101198
2583,24013.556686101198
2584,24013.556686101198
2585,24021.060681108815
2586,24054.626405871066
2587,24063.390706443908
2588,24063.390706443908
2589,24072.218700028912
2590,24078.95429475545
2591,24078.95429475545
2592,24078.95429475545
2593,24079.17061216647
2594,24079.17061216647
2595,24127.32421641194
2596,24127.32421641194
2597,24127.32421641194
2598,24156.772522693136
2599,24199.72767098977
2600,24251.142518444874
2601,24274.330698814112
2602,24304.67731944317
2603,24304.67731944317
2604,24304.67731944317
2605,24319.023809504095
2606,24322.123507648885
2607,24360.71990596248
2608,24399.523629825002
2609,24439.72148236873
2610,24477.932829032874
2611,24477.932829032874
2612,24477.932829032874
2613,24504.67526107181
2614,24529.17540315318
2615,24562.970103095817
2616,24562.970103095817
2617,24562.970103095817
2618,24578.94996643395
2619,24597.38047102633
2620,24617.68557368177
2621,24617.68557368177
2622,24617.68557368177
2623,24648.98584566761
2624,24670.619091036944
2625,24673.982003258716
2626,24673.982003258716
2627,24695.207575335367
2628,24695.207575335367
2629,24695.207575335367
2630,24695.207575335367
2631,24714.075354775487
2632,24719.110608895746
2633,24747.358394425864
2634,24747.358394425864
2635,24747.358394425864
2636,24747.358394425864
2637,24796.82867960034
2638,24805.62744779993
2639,24805.62744779993
2640,24815.968519178477
2641,24815.968519178477
2642,24826.54017841618
2643,24826.54017841618
2644,24826.54017841618
2645,24826.54017841618
2646,24826.54017841618
2647,24826.54017841618
2648,24826.54017841618
2649,24872.964043571745
2650,24923.805903950542
2651,24930.922344531333
2652,24941.670057874264
2653,24948.536755026525
2654,24948.536755026525
2655,24955.432672295163
2656,24978.72131559665
2657,24978.72131559665
2658,24989.308933508335
2659,24989.308933508335
2660,24989.308933508335
2661,24989.308933508335
2662,24989.308933508335
2663,24989.308933508335
2664,24991.53674652076
2665,24991.53674652076
2666,25033.901520456766
2667,25059.531386858005
2668,25083.018555078568
2669,25097.41221394775
2670,25108.342359819013
2671,25108.342359819013
2672,25108.342359819013
2673,25108.342359819013
2674,25129.065553400866
2675,25129.065553400866
2676,25169.919289415127
2677,25208.117912462458
2678,25236.586938259534
2679,25273.620187252312
2680,25324.244496258685
2681,25357.184934488087
2682,25378.943164941993
2683,25378.943164941993
2684,25396.74775249504
2685,25416.27522278417
2686,25420.229042404797
2687,25423.853507981872
2688,25439.13508464637
2689,25439.13508464637
2690,25439.13508464637
2691,25439.13508464637
2692,25439.13508464637
2693,25451.636095853806
2694,25452.062135460612
2695,25452.062135460612
2696,25452.13767583711
2697,25452.13767583711
2698,25452.13767583711
2699,25452.13767583711
2700,25482.405665418275
2701,25482.405665418275
2702,25485.773103497573
2703,25544.808826580418
2704,25544.808826580418
2705,25544.808826580418
2706,25600.478494935
2707,25600.478494935
2708,25615.071292129283
2709,25670.115974860168
2710,25680.499147044986
2711,25680.499147044986
2712,25680.499147044986
2713,25680.499147044986
2714,25680.499147044986
2715,25680.499147044986
2716,25683.42689729693
2717,25683.42689729693
2718,25683.42689729693
2719,25683.42689729693
2720,25683.42689729693
2721,25684.284634509717
2722,25714.57041391808
2723,25728.99663497228
2724,25728.99663497228
2725,25761.520433546233
2726,25771.76183887944
2727,25771.76183887944
2728,25796.92915879306
2729,25796.92915879306
2730,25796.92915879306
2731,25849.176918789235
2732,25849.176918789235
2733,25900.783872019205
2734,25935.099211571996
2735,25968.349408058428
2736,25977.752238113433
2737,25998.819454916837
2738,25998.819454916837
2739,26024.642742681775
2740,26024.642742681775
2741,26024.642742681775
2742,26029.252478972714
2743,26029.252478972714
2744,26029.252478972714
2745,26076.13103050826
2746,26099.63347862738
2747,26123.51621677029
2748,26141.355653136314
2749,26141.355653136314
2750,26149.037141911092
2751,26165.449883354457
2752,26200.188135855296
2753,26209.618097097195
2754,26243.47559367719
2755,26259.48340165732
2756,26259.48340165732
2757,26265.281196113065
2758,26292.83190322161
2759,26297.472488767762
2760,26297.472488767762
2761,26297.472488767762
2762,26297.472488767762
2763,26297.472488767762
2764,26297.472488767762
2765,26297.472488767762
2766,26302.85493799706
2767,26302.85493799706
2768,26326.66058523736
2769,26326.66058523736
2770,26326.66058523736
2771,26328.284737489696
2772,26328.284737489696
2773,26328.284737489696
2774,26366.67767311068
2775,26366.67767311068
2776,26386.227074681978
2777,26398.164221713465
2778,26400.231456882946
2779,26400.231456882946
2780,26400.231456882946
2781,26400.231456882946
2782,26400.231456882946
2783,26400.231456882946
2784,26400.231456882946
2785,26400.231456882946
2786,26431.876826697775
2787,26464.643795394943
2788,26483.337527625616
2789,26499.511840051277
2790,26530.751363613857
2791,26532.192184815816
2792,26554.77314752329
2793,26562.203903649694
2794,26571.257588619777
2795,26571.257588619777
2796,26574.75853370524
2797,26574.75853370524
2798,26576.468919689392
2799,26633.336592964628
2800,26633.336592964628
2801,26633.336592964628
2802,26662.9581141311
2803,26716.351281653202
2804,26732.670866500193
2805,26732.670866500193
2806,26746.135468438217
2807,26786.495186655877
2808,26803.20963177542
2809,26817.292904486865
2810,26817.292904486865
2811,26817.292904486865
2812,26817.292904486865
2813,26817.292904486865
2814,26852.27161854544
2815,26852.27161854544
2816,26875.425238636784
2817,26897.239335844708
2818,26928.072256707983
2819,26955.149156145133
2820,26973.369212989932
2821,26996.93534150681
2822,27015.348475011895
2823,27029.21075104731
2824,27029.21075104731
2825,27047.462828629075
2826,27047.462828629075
2827,27047.462828629075
2828,27047.462828629075
2829,27047.462828629075
2830,27047.462828629075
2831,27097.028685228368
2832,27097.028685228368
2833,27097.028685228368
2834,27146.18455635184
2835,27155.442344077685
2836,27155.442344077685
2837,27155.442344077685
2838,27187.353563921035
2839,27211.066215375402
2840,27213.801729546874
2841,27213.801729546874
2842,27213.801729546874
2843,27215.206887781937
2844,27215.206887781937
2845,27215.206887781937
2846,27215.206887781937
2847,27215.206887781937
2848,27215.206887781937
2849,27215.206887781937
2850,27215.206887781937
2851,27236.24489543977
2852,27255.31771637673
2853,27268.75591667361
2854,27268.75591667361
2855,27282.63458823768
2856,27282.63458823768
2857,27292.81896974797
2858,27302.950340058556
2859,27309.13423683527
2860,27319.58578047359
2861,27319.58578047359
2862,27319.58578047359
2863,27319.58578047359
2864,27352.911611610263
2865,27352.911611610263
2866,27374.45221078575
2867,27374.45221078575
2868,27393.35435023599
2869,27393.35435023599
2870,27393.35435023599
2871,27397.7144165893
2872,27397.7144165893
2873,27397.7144165893
2874,27400.864784319027
2875,27431.644886127873
2876,27461.31542261585
2877,27472.001024190875
2878,27482.68074158642
2879,27482.68074158642
2880,27482.68074158642
2881,27493.524347584214
2882,27512.361726745927
2883,27538.67873078688
2884,27552.381695081425
2885,27552.381695081425
2886,27557.0193429586
2887,27558.397069837672
2888,27558.397069837672
2889,27561.90430699131
2890,27563.766470894854
2891,27563.766470894854
2892,27563.888362344296
2893,27567.36801589206
2894,27567.36801589206
2895,27567.36801589206
2896,27609.971272591116
2897,27609.971272591116
2898,27609.971272591116
2899,27609.971272591116
2900,27609.971272591116
2901,27609.971272591116
2902,27650.52472794436
2903,27682.18747541731
2904,27704.820942956307
2905,27708.49421156222
2906,27708.49421156222
2907,27708.49421156222
2908,27708.49421156222
2909,27708.49421156222
2910,27708.49421156222
2911,27708.49421156222
2912,27708.49421156222
2913,27708.49421156222
2914,27749.277823263605
2915,27749.277823263605
2916,27749.277823263605
2917,27786.382691877552
2918,27786.382691877552
2919,27786.382691877552
2920,27786.382691877552
2921,27786.382691877552
2922,27786.382691877552
2923,27786.382691877552
2924,27786.382691877552
2925,27786.382691877552
2926,27786.382691877552
2927,27786.382691877552
2928,27786.382691877552
2929,27786.984037803893
2930,27787.40048764204
2931,27787.40048764204
2932,27804.413767827326
2933,27804.413767827326
2934,27832.854246025232
2935,27832.854246025232
2936,27860.02417009098
2937,27889.38303800394
2938,27889.38303800394
2939,27889.38303800394
2940,27889.38303800394
2941,27889.38303800394
2942,27889.38303800394
2943,27889.38303800394
2944,27889.38303800394
2945,27889.38303800394
2946,27889.38303800394
2947,27938.382343750935
2948,27951.626221731243
2949,27953.28197786052
2950,27955.58294823232
2951,28005.725288080266
2952,28005.725288080266
2953,28005.725288080266
2954,28005.725288080266
2955,28005.725288080266
2956,28005.725288080266
2957,28005.725288080266
2958,28005.725288080266
2959,28009.860677329216
2960,28009.860677329216
2961,28009.860677329216
2962,28009.860677329216
2963,28009.860677329216
2964,28044.738641384058
2965,28044.738641384058
2966,28044.738641384058
2967,28089.257026653166
2968,28089.257026653166
2969,28128.904819314237
2970,28129.4032596141
2971,28129.4032596141
2972,28129.4032596141
2973,28129.4032596141
2974,28129.4032596141
2975,28129.4032596141
2976,28129.4032596141
2977,28129.4032596141
2978,28129.4032596141
2979,28129.427789795212
2980,28164.330104443812
2981,28194.488287339038
2982,28194.488287339038
2983,28194.488287339038
2984,28194.488287339038
2985,28194.488287339038
2986,28195.94603086241
2987,28196.337468409467
2988,28196.337468409467
2989,28196.337468409467
2990,28196.337468409467
2991,28196.337468409467
2992,28196.337468409467
2993,28196.97730037393
2994,28196.97730037393
2995,28201.3269250805
2996,28201.3269250805
2997,28201.3269250805
2998,28201.3269250805
2999,28201.3269250805
3000,28227.037137133706
3001,28227.037137133706
3002,28227.037137133706
3003,28227.037137133706
3004,28227.037137133706
3005,28227.987071105446
3006,28228.993525594386
3007,28230.45639032789
3008,28230.45639032789
3009,28249.173539235315
3010,28249.173539235315
3011,28249.173539235315
3012,28249.173539235315
3013,28289.861108809462
3014,28291.919778554893
3015,28320.576742305468
3016,28320.576742305468
3017,28347.147411390102
3018,28347.147411390102
3019,28364.186687174944
3020,28379.754140852503
3021,28379.754140852503
3022,28423.064645788443
3023,28423.064645788443
3024,28424.395623346754
3025,28424.395623346754
3026,28424.395623346754
3027,28424.395623346754
3028,28424.395623346754
3029,28456.50270870506
3030,28491.379270204492
3031,28507.28128168715
3032,28507.28128168715
3033,28507.28128168715
3034,28507.28128168715
3035,28507.28128168715
3036,28507.28128168715
3037,28507.28128168715
3038,28507.28128168715
3039,28507.28128168715
3040,28541.021767636226
3041,28574.32627720683
3042,28612.07685819304
3043,28612.07685819304
3044,28612.07685819304
3045,28612.07685819304
3046,28612.07685819304
3047,28612.07685819304
3048,28612.07685819304
3049,28641.677817943804
3050,28641.677817943804
3051,28642.619223531423
3052,28642.619223531423
3053,28666.079073886744
3054,28702.66737884203
3055,28730.18538232063
3056,28730.18538232063
3057,28730.18538232063
3058,28744.80742504812
3059,28744.80742504812
3060,28764.37875681418
3061,28764.37875681418
3062,28764.37875681418
3063,28764.37875681418
3064,28766.677384897925
3065,28766.677384897925
3066,28766.677384897925
3067,28771.079957391164
3068,28771.079957391164
3069,28771.079957391164
3070,28771.079957391164
3071,28771.937640364384
3072,28781.714453962442
3073,28781.714453962442
3074,28781.714453962442
3075,28781.714453962442
3076,28781.714453962442
3077,28781.714453962442
3078,28781.714453962442
3079,28781.714453962442
3080,28781.714453962442
3081,28781.714453962442
3082,28826.964304762038
3083,28826.964304762038
3084,28855.30018614354
3085,28855.79720930526
3086,28855.79720930526
3087,28855.79720930526
3088,28901.831009866943
3089,28921.520211794283
3090,28921.520211794283
3091,28921.520211794283
3092,28921.520211794283
3093,28921.520211794283
3094,28921.520211794283
3095,28923.02719592902
3096,28923.02719592902
3097,28923.02719592902
3098,28923.02719592902
3099,28923.02719592902
3100,28923.02719592902
3101,28954.03645630247
3102,28987.576793381373
3103,29005.751597011327
3104,29005.751597011327
3105,29005.751597011327
3106,29005.751597011327
3107,29005.751597011327
3108,29005.751597011327
3109,29005.751597011327
3110,29005.751597011327
3111,29005.751597011327
3112,29015.575448522555
3113,29015.575448522555
3114,29015.575448522555
3115,29015.575448522555
3116,29059.19791880644
3117,29059.19791880644
3118,29093.26937340248
3119,29102.37142085103
3120,29102.37142085103
3121,29102.37142085103
3122,29102.37142085103
3123,29102.37142085103
3124,29102.37142085103
3125,29104.348336335235
3126,29104.348336335235
3127,29105.0192301955
3128,29118.325933510514
3129,29118.325933510514
3130,29118.325933510514
3131,29118.325933510514
3132,29118.325933510514
3133,29118.325933510514
3134,29118.325933510514
3135,29118.325933510514
3136,29123.303346619505
3137,29131.34763380786
3138,29131.34763380786
3139,29131.34763380786
3140,29131.34763380786
3141,29131.34763380786
3142,29131.34763380786
3143,29131.34763380786
3144,29131.34763380786
3145,29131.34763380786
3146,29153.56977932995
3147,29181.431936777117
3148,29185.26416937538
3149,29185.26416937538
3150,29216.268314543155
3151,29243.648079742332
3152,29243.648079742332
3153,29251.118911414735
3154,29252.125362512415
3155,29252.125362512415
3156,29252.125362512415
3157,29252.125362512415
3158,29252.125362512415
3159,29252.125362512415
3160,29253.366879768215
3161,29254.891649630103
3162,29255.515666431875
3163,29255.515666431875
3164,29255.515666431875
3165,29255.515666431875
3166,29255.515666431875
3167,29308.966384784864
3168,29349.866612352656
3169,29383.067150615978
3170,29421.531939849818
3171,29457.8395050839
3172,29457.8395050839
3173,29479.77104133078
3174,29479.77104133078
3175,29479.77104133078
3176,29503.156571679116
3177,29503.156571679116
3178,29503.156571679116
3179,29529.22314051392
3180,29568.493379971114
3181,29592.9402333905
3182,29609.721273788888
3183,29609.721273788888
3184,29618.36644638999
3185,29626.858095123796
3186,29626.858095123796
3187,29626.858095123796
3188,29626.858095123796
3189,29626.858095123796
3190,29675.612702905666
3191,29694.58134124445
3192,29694.58134124445
3193,29717.10486199885
3194,29717.10486199885
3195,29717.10486199885
3196,29737.870980652886
3197,29763.508584286883
3198,29782.305493521762
3199,29782.305493521762
3200,29782.305493521762
3201,29792.667399929498
3202,29797.835888249785
3203,29797.835888249785
3204,29797.835888249785
3205,29797.835888249785
3206,29814.132183270398
3207,29814.132183270398
3208,29814.132183270398
3209,29848.13181678308
3210,29848.13181678308
3211,29848.13181678308
3212,29848.13181678308
3213,29848.13181678308
3214,29848.13181678308
3215,29848.13181678308
3216,29848.13181678308
3217,29848.13181678308
3218,29848.13181678308
3219,29848.13181678308
3220,29876.2053793639
3221,29876.2053793639
3222,29896.230406153034
3223,29896.230406153034
3224,29915.569427000475
3225,29915.569427000475
3226,29915.569427000475
3227,29942.799154131415
3228,29942.799154131415
3229,29942.799154131415
3230,29950.274593625792
3231,29950.274593625792
3232,29966.63483172234
3233,29966.63483172234
3234,29995.89329181371
3235,30008.32266489639
3236,30009.633561293766
3237,30017.80072329244
3238,30017.80072329244
3239,30017.80072329244
3240,30055.35119279029
3241,30055.35119279029
3242,30055.35119279029
3243,30055.35119279029
3244,30089.25751066864
3245,30089.25751066864
3246,30111.252887798273
3247,30111.252887798273
3248,30111.252887798273
3249,30111.252887798273
3250,30111.252887798273
3251,30111.252887798273
3252,30111.252887798273
3253,30132.978735241213
3254,30132.978735241213
3255,30132.978735241213
3256,30132.978735241213
3257,30158.028777967298
3258,30158.028777967298
3259,30179.439711704494
3260,30182.449447400184
3261,30182.449447400184
3262,30203.586354315226
3263,30203.586354315226
3264,30203.586354315226
3265,30203.586354315226
3266,30203.586354315226
3267,30203.586354315226
3268,30203.586354315226
3269,30203.586354315226
3270,30228.040297526488
3271,30248.66583411967
3272,30269.916109680544
3273,30287.542339221643
3274,30308.545264773875
3275,30327.83093435763
3276,30327.83093435763
3277,30337.372970599474
3278,30337.372970599474
3279,30337.372970599474
3280,30346.50198771154
3281,30346.50198771154
3282,30346.50198771154
3283,30346.50198771154
3284,30372.649998272274
3285,30372.649998272274
3286,30372.649998272274
3287,30372.649998272274
3288,30372.649998272274
3289,30372.649998272274
3290,30372.649998272274
3291,30391.211553264446
3292,30409.809630506683
3293,30409.809630506683
3294,30409.809630506683
3295,30409.809630506683
3296,30409.809630506683
3297,30418.83531088381
3298,30418.83531088381
3299,30418.83531088381
3300,30418.83531088381
3301,30418.83531088381
3302,30418.83531088381
3303,30418.83531088381
3304,30418.83531088381
3305,30418.83531088381
3306,30418.83531088381
3307,30420.25777498219
3308,30436.295340314708
3309,30436.295340314708
3310,30436.295340314708
3311,30436.295340314708
3312,30436.295340314708
3313,30436.295340314708
3314,30436.295340314708
3315,30436.295340314708
3316,30436.295340314708
3317,30446.92457633657
3318,30446.92457633657
3319,30446.92457633657
3320,30465.264313124604
3321,30465.264313124604
3322,30485.552669554872
3323,30485.552669554872
3324,30496.200281208872
3325,30496.200281208872
3326,30496.200281208872
3327,30496.200281208872
3328,30496.200281208872
3329,30496.200281208872
3330,30496.200281208872
3331,30496.200281208872
3332,30496.200281208872
3333,30516.17485776151
3334,30516.17485776151
3335,30516.17485776151
3336,30516.17485776151
3337,30516.17485776151
3338,30516.17485776151
3339,30516.17485776151
3340,30516.17485776151
3341,30516.67687467542
3342,30516.67687467542
3343,30516.67687467542
3344,30516.67687467542
3345,30516.67687467542
3346,30516.67687467542
3347,30516.67687467542
3348,30516.67687467542
3349,30519.0908474614
3350,30519.0908474614
3351,30519.0908474614
3352,30519.0908474614
3353,30519.0908474614
3354,30519.0908474614
3355,30519.0908474614
3356,30519.0908474614
3357,30519.0908474614
3358,30519.0908474614
3359,30535.4687801134
3360,30547.547350533845
3361,30563.044416830733
3362,30574.813789404405
3363,30590.343151767003
3364,30595.701279413424
3365,30595.701279413424
3366,30595.701279413424
3367,30595.701279413424
3368,30596.062665708487
3369,30596.062665708487
3370,30596.062665708487
3371,30596.062665708487
3372,30596.062665708487
3373,30596.062665708487
3374,30625.640608956808
3375,30625.640608956808
3376,30653.426400776647
3377,30655.614987251163
3378,30655.614987251163
3379,30657.49246496827
3380,30657.49246496827
3381,30674.144651984294
3382,30674.144651984294
3383,30674.144651984294
3384,30674.144651984294
3385,30674.144651984294
3386,30710.27232223925
3387,30711.977012883748
3388,30711.977012883748
3389,30741.029414370536
3390,30741.029414370536
3391,30741.029414370536
3392,30741.029414370536
3393,30741.029414370536
3394,30741.029414370536
3395,30741.029414370536
3396,30741.029414370536
3397,30741.029414370536
3398,30741.029414370536
3399,30741.029414370536
3400,30748.8494449613
3401,30751.828476417566
3402,30751.828476417566
3403,30751.828476417566
3404,30751.828476417566
3405,30751.828476417566
3406,30751.828476417566
3407,30751.828476417566
3408,30753.876280554163
3409,30754.80358439532
3410,30754.80358439532
3411,30754.80358439532
3412,30754.80358439532
3413,30755.535205580512
3414,30756.385395699883
3415,30756.385395699883
3416,30756.385395699883
3417,30757.836714073765
3418,30757.836714073765
3419,30757.836714073765
3420,30757.836714073765
3421,30757.836714073765
3422,30757.836714073765
3423,30757.836714073765
3424,30757.836714073765
3425,30758.34532598839
3426,30758.34532598839
3427,30758.34532598839
3428,30758.34532598839
3429,30758.34532598839
3430,30772.967083763157
3431,30772.967083763157
3432,30821.353866661786
3433,30821.353866661786
3434,30821.353866661786
3435,30821.353866661786
3436,30821.353866661786
3437,30821.353866661786
3438,30821.353866661786
3439,30821.353866661786
3440,30821.353866661786
3441,30821.353866661786
3442,30846.50109897653
3443,30846.50109897653
3444,30871.371062220387
3445,30871.371062220387
3446,30871.371062220387
3447,30871.371062220387
3448,30871.371062220387
3449,30871.371062220387
3450,30905.404665899925
3451,30905.404665899925
3452,30910.15722856996
3453,30918.481346786884
3454,30923.98865171948
3455,30923.98865171948
3456,30923.98865171948
3457,30923.98865171948
3458,30923.98865171948
3459,30923.98865171948
3460,30923.98865171948
3461,30923.98865171948
3462,30923.98865171948
3463,30923.98865171948
3464,30923.98865171948
3465,30923.98865171948
3466,30923.98865171948
3467,30923.98865171948
3468,30923.98865171948
3469,30923.98865171948
3470,30924.75024726973
3471,30952.02225187641
3472,30952.02225187641
3473,30952.02225187641
3474,30952.02225187641
3475,30952.02225187641
3476,30952.02225187641
3477,30952.02225187641
3478,30980.095349318326
3479,30980.095349318326
3480,30980.095349318326
3481,30980.095349318326
3482,30980.095349318326
3483,30989.734095920943
3484,31022.223149907273
3485,31022.223149907273
3486,31022.223149907273
3487,31022.223149907273
3488,31022.223149907273
3489,31022.223149907273
3490,31022.223149907273
3491,31022.223149907273
3492,31022.223149907273
3493,31022.223149907273
3494,31022.673160608883
3495,31061.21054021832
3496,31098.97931176611
3497,31098.97931176611
3498,31098.97931176611
3499,31098.97931176611
3500,31098.97931176611
3501,31098.97931176611
3502,31118.3417997735
3503,31118.3417997735
3504,31118.3417997735
3505,31118.3417997735
3506,31118.3417997735
3507,31137.118549455136
3508,31137.118549455136
3509,31137.118549455136
3510,31137.118549455136
3511,31137.118549455136
3512,31137.793765928534
3513,31137.793765928534
3514,31137.793765928534
3515,31137.793765928534
3516,31137.793765928534
3517,31137.793765928534
3518,31137.793765928534
3519,31137.793765928534
3520,31139.796006002533
3521,31139.796006002533
3522,31139.796006002533
3523,31139.796006002533
3524,31139.796006002533
3525,31161.966055762845
3526,31161.966055762845
3527,31161.966055762845
3528,31161.966055762845
3529,31161.966055762845
3530,31161.966055762845
3531,31184.209006389123
3532,31184.209006389123
3533,31196.743280870138
3534,31196.743280870138
3535,31196.743280870138
3536,31196.743280870138
3537,31198.1178632545
3538,31198.57971126399
3539,31198.57971126399
3540,31198.57971126399
3541,31198.57971126399
3542,31198.57971126399
3543,31198.57971126399
3544,31198.57971126399
3545,31198.57971126399
3546,31198.57971126399
3547,31198.57971126399
3548,31220.26553140926
3549,31239.48521761304
3550,31239.48521761304
3551,31239.48521761304
3552,31239.48521761304
3553,31239.48521761304
3554,31239.48521761304
3555,31239.48521761304
3556,31239.48521761304
3557,31239.48521761304
3558,31239.48521761304
3559,31239.667301472346
3560,31239.667301472346
3561,31239.667301472346
3562,31239.667301472346
3563,31239.667301472346
3564,31259.290820232134
3565,31259.290820232134
3566,31259.290820232134
3567,31259.290820232134
3568,31273.713554861915
3569,31273.713554861915
3570,31273.713554861915
3571,31273.713554861915
3572,31273.713554861915
3573,31273.713554861915
3574,31273.713554861915
3575,31285.51603378506
3576,31285.51603378506
3577,31286.416891746063
3578,31286.416891746063
3579,31286.416891746063
3580,31288.11405559004
3581,31288.11405559004
3582,31288.11405559004
3583,31288.11405559004
3584,31288.11405559004
3585,31288.11405559004
3586,31288.11405559004
3587,31288.11405559004
3588,31309.804721570432
3589,31309.804721570432
3590,31309.804721570432
3591,31309.804721570432
3592,31309.804721570432
3593,31309.804721570432
3594,31309.804721570432
3595,31309.804721570432
3596,31309.804721570432
3597,31309.804721570432
3598,31309.804721570432
