Time,Junction 0 delay
0,0.0
1,0.0
2,0.0
3,0.0
4,0.0
5,0.0
6,0.0
7,0.0
8,0.0
9,0.0
10,0.0
11,0.0
12,0.0
13,0.0
14,0.0
15,0.0
16,0.0
17,0.0
18,0.0
19,0.0
20,0.0
21,0.0
22,0.0
23,0.0
24,0.0
25,0.0
26,0.0
27,0.0
28,0.0
29,0.0
30,0.0
31,0.0
32,0.0
33,0.0
34,0.0
35,0.0
36,0.0
37,0.0
38,0.0
39,0.0
40,0.2406261661849483
41,0.2406261661849483
42,1.506538756820345
43,1.506538756820345
44,1.506538756820345
45,1.506538756820345
46,1.506538756820345
47,1.506538756820345
48,1.506538756820345
49,1.506538756820345
50,1.506538756820345
51,1.506538756820345
52,16.03845027949707
53,16.03845027949707
54,16.03845027949707
55,16.03845027949707
56,16.03845027949707
57,16.03845027949707
58,16.03845027949707
59,16.03845027949707
60,16.03845027949707
61,16.03845027949707
62,26.953393341407633
63,46.89359941934156
64,53.73426164791341
65,53.73426164791341
66,78.4162011347633
67,78.4162011347633
68,79.69028157959987
69,79.69028157959987
70,79.69028157959987
71,79.69028157959987
72,79.69028157959987
73,79.69028157959987
74,79.69028157959987
75,79.69028157959987
76,79.69028157959987
77,79.69028157959987
78,79.69028157959987
79,79.69028157959987
80,79.69028157959987
81,79.69028157959987
82,79.69028157959987
83,92.32720635214949
84,92.32720635214949
85,92.32720635214949
86,93.32330262957352
87,93.32330262957352
88,93.32330262957352
89,93.32330262957352
90,93.32330262957352
91,93.32330262957352
92,93.35007726635966
93,93.35007726635966
94,99.4527583263888
95,99.4527583263888
96,99.4527583263888
97,99.4527583263888
98,100.38234949895113
99,100.38234949895113
100,100.38234949895113
101,100.38234949895113
102,100.38234949895113
103,100.38234949895113
104,108.32912120089289
105,108.32912120089289
106,108.32912120089289
107,108.32912120089289
108,108.32912120089289
109,108.32912120089289
110,108.32912120089289
111,108.32912120089289
112,108.32912120089289
113,108.32912120089289
114,108.32912120089289
115,117.32072514047337
116,117.32072514047337
117,117.32072514047337
118,117.32072514047337
119,117.32072514047337
120,117.32072514047337
121,117.32072514047337
122,123.81688756738733
123,154.74513301629105
124,176.2814695569339
125,176.2814695569339
126,176.2814695569339
127,176.2814695569339
128,176.2814695569339
129,176.2814695569339
130,176.2814695569339
131,176.2814695569339
132,176.2814695569339
133,184.91351769527955
134,184.91351769527955
135,184.91351769527955
136,184.91351769527955
137,184.91351769527955
138,184.91351769527955
139,184.91351769527955
140,184.91351769527955
141,184.91351769527955
142,184.91351769527955
143,184.91351769527955
144,200.86574152949964
145,202.80012848221006
146,202.80012848221006
147,202.80012848221006
148,202.80012848221006
149,202.80012848221006
150,202.80012848221006
151,202.80012848221006
152,212.335853087738
153,212.335853087738
154,212.335853087738
155,212.335853087738
156,212.335853087738
157,212.335853087738
158,212.335853087738
159,212.335853087738
160,212.335853087738
161,212.335853087738
162,212.335853087738
163,212.335853087738
164,212.335853087738
165,223.2972299703291
166,223.2972299703291
167,223.2972299703291
168,223.2972299703291
169,223.2972299703291
170,223.2972299703291
171,223.2972299703291
172,223.2972299703291
173,295.6212478443478
174,327.4456313738543
175,372.94385008633697
176,372.94385008633697
177,372.94385008633697
178,372.94385008633697
179,372.94385008633697
180,373.3442610123123
181,373.3442610123123
182,381.1524394187182
183,381.1524394187182
184,381.1524394187182
185,381.1524394187182
186,381.1524394187182
187,381.1524394187182
188,381.1524394187182
189,381.1524394187182
190,381.1524394187182
191,381.1524394187182
192,398.2777534529155
193,398.2777534529155
194,400.8310392107182
195,400.8310392107182
196,400.8310392107182
197,414.85886634609136
198,414.85886634609136
199,414.85886634609136
200,414.85886634609136
201,414.85886634609136
202,438.44795158274576
203,438.44795158274576
204,447.38467897584434
205,450.2252288063812
206,450.2252288063812
207,450.2252288063812
208,450.2252288063812
209,450.2252288063812
210,450.2252288063812
211,450.2252288063812
212,450.2252288063812
213,461.33415506296063
214,470.31007352486375
215,470.31007352486375
216,471.20488883387225
217,471.20488883387225
218,471.9151201255587
219,471.9151201255587
220,471.9151201255587
221,471.9151201255587
222,501.65745521349646
223,501.65745521349646
224,519.0726487174505
225,519.0726487174505
226,519.0726487174505
227,519.0726487174505
228,519.0726487174505
229,519.0726487174505
230,519.0726487174505
231,519.0726487174505
232,520.7611304299314
233,520.7611304299314
234,534.415481799798
235,534.415481799798
236,547.0667267281631
237,549.5832177817848
238,549.5832177817848
239,549.5832177817848
240,549.5832177817848
241,549.5832177817848
242,564.220237861471
243,578.2229204141452
244,578.2229204141452
245,578.2229204141452
246,578.2229204141452
247,578.2229204141452
248,578.2229204141452
249,578.2229204141452
250,578.2229204141452
251,578.2229204141452
252,578.2229204141452
253,578.2229204141452
254,594.2300484311727
255,594.2300484311727
256,604.6626606486094
257,604.6626606486094
258,604.6626606486094
259,604.6626606486094
260,604.6626606486094
261,640.8188862465465
262,640.8188862465465
263,640.8188862465465
264,697.238822010182
265,730.1419675294758
266,730.1419675294758
267,730.1419675294758
268,730.1419675294758
269,730.1419675294758
270,730.1419675294758
271,730.1419675294758
272,730.1419675294758
273,730.1419675294758
274,730.1419675294758
275,730.4783781922448
276,741.4072838697193
277,741.4072838697193
278,741.4072838697193
279,741.4072838697193
280,741.4072838697193
281,741.4072838697193
282,741.4072838697193
283,755.1599300192964
284,777.9471344903734
285,786.5722906288413
286,786.5722906288413
287,786.5722906288413
288,786.5722906288413
289,786.5722906288413
290,786.5722906288413
291,786.5722906288413
292,786.5722906288413
293,786.5722906288413
294,822.3747695435746
295,831.0532668488147
296,835.2486291118861
297,838.2708282263349
298,838.2708282263349
299,838.2708282263349
300,838.2708282263349
301,838.2708282263349
302,838.2708282263349
303,848.7488771745309
304,848.7488771745309
305,860.9179000165598
306,860.9179000165598
307,860.9179000165598
308,860.9179000165598
309,861.9213074822686
310,861.9213074822686
311,881.1309221132616
312,885.0372473653251
313,885.0372473653251
314,885.0372473653251
315,902.432315525097
316,902.432315525097
317,902.432315525097
318,902.432315525097
319,902.432315525097
320,902.432315525097
321,902.432315525097
322,902.432315525097
323,928.2691784456812
324,928.2691784456812
325,963.911845601642
326,963.911845601642
327,980.511770153335
328,980.511770153335
329,980.511770153335
330,980.511770153335
331,980.511770153335
332,1003.8352300594715
333,1021.7205727467662
334,1021.7205727467662
335,1021.7205727467662
336,1021.7205727467662
337,1021.7205727467662
338,1021.7205727467662
339,1021.7205727467662
340,1021.7205727467662
341,1021.7205727467662
342,1021.7205727467662
343,1021.7205727467662
344,1021.7205727467662
345,1021.7205727467662
346,1026.552037722651
347,1026.552037722651
348,1026.552037722651
349,1026.552037722651
350,1026.552037722651
351,1026.552037722651
352,1046.3314415161535
353,1046.3314415161535
354,1046.3314415161535
355,1046.3314415161535
356,1046.3314415161535
357,1046.3314415161535
358,1046.3314415161535
359,1046.3314415161535
360,1046.3314415161535
361,1046.3314415161535
362,1046.3314415161535
363,1057.343147935616
364,1059.3749681630268
365,1059.3749681630268
366,1059.3749681630268
367,1060.7318727399497
368,1060.7318727399497
369,1060.7318727399497
370,1060.7318727399497
371,1060.7318727399497
372,1060.7318727399497
373,1087.447146260281
374,1100.5552937558691
375,1109.894504213102
376,1109.894504213102
377,1121.0405043164005
378,1121.0405043164005
379,1121.0405043164005
380,1121.0405043164005
381,1121.0405043164005
382,1121.0405043164005
383,1121.0405043164005
384,1121.0405043164005
385,1121.0405043164005
386,1121.0405043164005
387,1121.0405043164005
388,1121.0405043164005
389,1121.0405043164005
390,1149.2909993396643
391,1149.2909993396643
392,1149.2909993396643
393,1149.2909993396643
394,1149.2909993396643
395,1149.2909993396643
396,1149.2909993396643
397,1149.2909993396643
398,1149.2909993396643
399,1151.5918170305192
400,1159.4858554506536
401,1159.4858554506536
402,1159.4858554506536
403,1159.4858554506536
404,1159.4858554506536
405,1159.4858554506536
406,1159.4858554506536
407,1159.4858554506536
408,1171.775395580452
409,1171.775395580452
410,1171.775395580452
411,1185.641087363295
412,1200.9152577191317
413,1200.9152577191317
414,1200.9152577191317
415,1200.9152577191317
416,1200.9152577191317
417,1200.9152577191317
418,1200.9152577191317
419,1222.6527981469012
420,1222.6527981469012
421,1232.8950966084888
422,1232.8950966084888
423,1232.8950966084888
424,1232.8950966084888
425,1232.8950966084888
426,1232.8950966084888
427,1232.8950966084888
428,1232.8950966084888
429,1252.0231896231066
430,1252.0231896231066
431,1264.317044146604
432,1278.6155725406281
433,1290.9855453441323
434,1290.9855453441323
435,1290.9855453441323
436,1290.9855453441323
437,1290.9855453441323
438,1293.3094178014876
439,1313.308180937401
440,1313.308180937401
441,1313.308180937401
442,1313.308180937401
443,1326.9984562563022
444,1326.9984562563022
445,1326.9984562563022
446,1326.9984562563022
447,1326.9984562563022
448,1326.9984562563022
449,1326.9984562563022
450,1383.1354013691682
451,1453.6009876289147
452,1505.3808368570608
453,1505.3808368570608
454,1537.3029657123118
455,1546.1823955707446
456,1562.484589916021
457,1564.3310014650085
458,1564.3310014650085
459,1564.3310014650085
460,1591.7486561967437
461,1623.502306355444
462,1648.0930003140456
463,1662.536608304953
464,1676.4788248345324
465,1691.4301416235185
466,1691.4301416235185
467,1701.8074279797654
468,1714.405659026308
469,1714.405659026308
470,1714.405659026308
471,1714.405659026308
472,1714.405659026308
473,1714.405659026308
474,1714.405659026308
475,1714.405659026308
476,1714.405659026308
477,1731.4989138085155
478,1731.4989138085155
479,1750.5186369378646
480,1750.5186369378646
481,1756.1338827691814
482,1756.1338827691814
483,1756.1338827691814
484,1756.1338827691814
485,1756.7288001968216
486,1756.7288001968216
487,1796.2572764458582
488,1813.1247533543315
489,1813.1247533543315
490,1814.9163118662748
491,1814.9163118662748
492,1828.6710264951053
493,1828.6710264951053
494,1830.6388382420323
495,1850.2305568186391
496,1871.5388889277945
497,1891.8175690310406
498,1903.101186226744
499,1910.8403777169995
500,1921.1341307632033
501,1921.1341307632033
502,1921.1341307632033
503,1921.1341307632033
504,1933.2715369610394
505,1933.2715369610394
506,1933.2715369610394
507,1933.2715369610394
508,1933.2715369610394
509,1933.2715369610394
510,1933.2715369610394
511,1933.2715369610394
512,1933.2715369610394
513,1933.2715369610394
514,1933.2715369610394
515,1971.5001272128109
516,1987.389472243174
517,2018.2806289197881
518,2018.2806289197881
519,2042.9723896138273
520,2060.8983552868262
521,2079.9489704363446
522,2079.9489704363446
523,2091.585540461434
524,2091.585540461434
525,2093.966714912722
526,2093.966714912722
527,2096.1613488645867
528,2096.1613488645867
529,2096.1613488645867
530,2096.1613488645867
531,2142.8909441026226
532,2177.796313645722
533,2177.796313645722
534,2177.796313645722
535,2202.90730877713
536,2214.396576725887
537,2240.9843541940772
538,2257.7855391653297
539,2257.7855391653297
540,2270.9688484287626
541,2282.043903131269
542,2293.9064260978603
543,2293.9064260978603
544,2305.835789498162
545,2305.835789498162
546,2311.7408050309446
547,2311.7408050309446
548,2311.7408050309446
549,2313.2423940416334
550,2313.2423940416334
551,2313.2423940416334
552,2313.2423940416334
553,2313.2423940416334
554,2313.2423940416334
555,2351.3063533316067
556,2413.88527114325
557,2439.5699742134134
558,2498.2377400287737
559,2498.2377400287737
560,2517.4305027365103
561,2517.4305027365103
562,2520.933643582777
563,2520.933643582777
564,2521.7106577419054
565,2521.7106577419054
566,2521.7106577419054
567,2521.7106577419054
568,2521.7106577419054
569,2521.7106577419054
570,2521.7106577419054
571,2521.7106577419054
572,2560.3298094436923
573,2560.3298094436923
574,2599.8376934847433
575,2630.314550239418
576,2669.976135354743
577,2669.976135354743
578,2687.9638431462645
579,2687.9638431462645
580,2687.9638431462645
581,2687.9638431462645
582,2745.7981226685383
583,2745.7981226685383
584,2745.7981226685383
585,2787.4535077073665
586,2787.4535077073665
587,2805.1912714868513
588,2805.1912714868513
589,2816.506383739027
590,2827.20602873933
591,2827.20602873933
592,2827.20602873933
593,2827.20602873933
594,2827.20602873933
595,2827.20602873933
596,2827.20602873933
597,2827.20602873933
598,2827.20602873933
599,2866.391640178609
600,2906.045809737191
601,2942.486626148522
602,2960.6730845450966
603,2977.5058393492673
604,3009.26935543542
605,3025.076311553645
606,3025.076311553645
607,3034.159905665477
608,3041.934149107674
609,3041.934149107674
610,3041.934149107674
611,3041.934149107674
612,3041.934149107674
613,3041.934149107674
614,3041.934149107674
615,3041.934149107674
616,3085.4288960660965
617,3085.4288960660965
618,3112.3616143498175
619,3119.7185747785757
620,3119.7185747785757
621,3119.7185747785757
622,3119.7185747785757
623,3119.7185747785757
624,3119.7185747785757
625,3189.81881913239
626,3189.81881913239
627,3230.420157395762
628,3283.4318437988577
629,3307.3636976957678
630,3354.063316461313
631,3371.6771317723287
632,3387.644272924068
633,3392.6786852227788
634,3392.6786852227788
635,3392.6786852227788
636,3395.9099575406667
637,3395.9099575406667
638,3395.9099575406667
639,3395.9099575406667
640,3395.9099575406667
641,3395.9099575406667
642,3422.8589269884587
643,3446.4040413097314
644,3448.6510455795446
645,3469.226221906004
646,3469.226221906004
647,3469.226221906004
648,3488.1415235008367
649,3498.8344819412205
650,3504.9786115838915
651,3504.9786115838915
652,3504.9786115838915
653,3504.9786115838915
654,3504.9786115838915
655,3504.9786115838915
656,3504.9786115838915
657,3504.9786115838915
658,3504.9786115838915
659,3504.9786115838915
660,3535.194060724445
661,3561.392761337846
662,3571.952312324992
663,3590.96590292643
664,3590.96590292643
665,3595.7767656845253
666,3595.7767656845253
667,3627.746622388659
668,3627.746622388659
669,3654.7277748639362
670,3656.8041643469423
671,3672.6393532812785
672,3689.37584873921
673,3689.37584873921
674,3689.37584873921
675,3706.4461711307317
676,3706.4461711307317
677,3706.4461711307317
678,3706.4461711307317
679,3706.4461711307317
680,3706.4461711307317
681,3706.4461711307317
682,3706.4461711307317
683,3706.4461711307317
684,3706.4461711307317
685,3706.4461711307317
686,3706.4461711307317
687,3729.549355605873
688,3729.549355605873
689,3753.4780516124215
690,3757.4245723683434
691,3757.4245723683434
692,3769.327563144598
693,3782.405475137109
694,3782.405475137109
695,3782.405475137109
696,3876.7648903345053
697,3936.9160595924254
698,4021.035754956034
699,4078.0839235970648
700,4111.830352271442
701,4111.830352271442
702,4131.375541976
703,4149.6628631145895
704,4153.712166144585
705,4153.712166144585
706,4172.278808921848
707,4182.239679804882
708,4204.173233704855
709,4204.173233704855
710,4222.3138344590425
711,4222.951677471326
712,4235.5110255152
713,4235.5110255152
714,4235.5110255152
715,4248.148175260888
716,4248.148175260888
717,4285.3292360508085
718,4313.511264173448
719,4313.511264173448
720,4339.274188430301
721,4339.274188430301
722,4339.274188430301
723,4353.5153332682785
724,4356.405935273225
725,4368.329776918454
726,4368.329776918454
727,4368.329776918454
728,4368.329776918454
729,4368.329776918454
730,4368.329776918454
731,4368.329776918454
732,4368.329776918454
733,4368.329776918454
734,4368.329776918454
735,4405.29953685989
736,4424.583770943323
737,4424.583770943323
738,4433.711215218659
739,4433.711215218659
740,4433.711215218659
741,4454.059691246858
742,4454.059691246858
743,4454.059691246858
744,4470.411223019078
745,4470.411223019078
746,4470.411223019078
747,4470.411223019078
748,4470.411223019078
749,4470.411223019078
750,4509.537876310273
751,4509.537876310273
752,4519.479917208575
753,4551.425921744832
754,4551.425921744832
755,4557.874839285863
756,4557.874839285863
757,4557.874839285863
758,4557.874839285863
759,4557.874839285863
760,4557.874839285863
761,4557.874839285863
762,4557.874839285863
763,4557.874839285863
764,4557.874839285863
765,4557.874839285863
766,4557.874839285863
767,4594.778816124421
768,4628.371114438034
769,4662.836402835584
770,4672.867136867672
771,4682.459569871122
772,4686.493755791671
773,4686.493755791671
774,4697.76978764358
775,4697.76978764358
776,4699.335801430583
777,4702.041594479017
778,4702.041594479017
779,4702.041594479017
780,4702.041594479017
781,4702.041594479017
782,4702.041594479017
783,4702.041594479017
784,4755.362573681819
785,4786.937803810711
786,4786.937803810711
787,4837.410099745946
788,4862.619813910213
789,4862.619813910213
790,4864.58483038313
791,4864.58483038313
792,4864.58483038313
793,4911.417246229654
794,4911.417246229654
795,4911.417246229654
796,4947.187804542432
797,4979.876285963206
798,5010.6059130850945
799,5010.6059130850945
800,5010.6059130850945
801,5028.548860533756
802,5059.890244684369
803,5059.890244684369
804,5076.256903277212
805,5088.936996826905
806,5111.031821502138
807,5111.031821502138
808,5136.678920163777
809,5142.429746141002
810,5153.430789654689
811,5153.430789654689
812,5178.576083325193
813,5204.941851632889
814,5220.14955549922
815,5245.8379756917675
816,5267.225289312536
817,5267.225289312536
818,5288.950269268491
819,5306.217725013048
820,5306.217725013048
821,5319.5605166845335
822,5319.5605166845335
823,5328.64255842668
824,5340.074593222518
825,5350.210741654723
826,5358.967008007635
827,5358.967008007635
828,5365.49293567561
829,5365.49293567561
830,5369.532576110703
831,5369.532576110703
832,5371.6160978284
833,5372.474176596244
834,5372.474176596244
835,5434.575839988554
836,5434.575839988554
837,5496.833775794089
838,5534.155288391792
839,5589.442643019232
840,5636.606107820423
841,5692.934551925075
842,5692.934551925075
843,5730.727186772499
844,5773.302659218044
845,5802.004750302049
846,5827.046784134384
847,5845.670947444079
848,5858.287832363485
849,5858.287832363485
850,5863.020602382437
851,5883.113764860137
852,5883.113764860137
853,5964.7392557039875
854,6032.164028164587
855,6095.50346225891
856,6095.50346225891
857,6149.373993220152
858,6180.984217685838
859,6228.730349787164
860,6269.130178617018
861,6295.807388287987
862,6321.524683941843
863,6346.262007275402
864,6351.784985131781
865,6364.039765840382
866,6376.616546452234
867,6391.256540849556
868,6400.609992515501
869,6400.609992515501
870,6403.8960921396765
871,6403.8960921396765
872,6403.8960921396765
873,6403.8960921396765
874,6403.8960921396765
875,6403.8960921396765
876,6403.8960921396765
877,6477.056776568973
878,6542.612128114752
879,6609.822027008419
880,6609.822027008419
881,6656.6120601772145
882,6722.463501619142
883,6762.232464947532
884,6762.232464947532
885,6809.165275930615
886,6863.449458931793
887,6863.449458931793
888,6902.602148965924
889,6902.602148965924
890,6934.366724399717
891,6961.420896347292
892,6983.51523392593
893,7010.868756611911
894,7010.868756611911
895,7035.193220378833
896,7060.317165987304
897,7070.935336320658
898,7097.203853742441
899,7097.203853742441
900,7119.458112030124
901,7119.458112030124
902,7142.5323528077515
903,7167.005748475265
904,7186.076504704664
905,7199.815852916565
906,7208.458059062092
907,7214.100982282754
908,7229.942958088562
909,7229.942958088562
910,7240.436229977272
911,7251.694926353994
912,7259.589618766388
913,7341.89925675123
914,7341.89925675123
915,7411.315789048598
916,7493.854090185248
917,7574.608369968205
918,7637.203139222567
919,7714.36646023574
920,7794.3457696449395
921,7863.550069298793
922,7940.074902486523
923,8016.852958111494
924,8085.5013792009995
925,8131.625637334208
926,8199.023709458424
927,8199.023709458424
928,8256.50083487921
929,8256.50083487921
930,8315.257862315164
931,8361.717648682008
932,8394.037972218137
933,8442.62184039185
934,8486.738091186255
935,8486.738091186255
936,8524.556052930568
937,8531.12747241622
938,8531.12747241622
939,8567.98330211343
940,8567.98330211343
941,8596.105907014025
942,8621.50680906626
943,8661.147799662207
944,8661.147799662207
945,8734.874225090036
946,8808.771738035064
947,8808.771738035064
948,8878.262959980217
949,8943.774861704433
950,9014.733348771986
951,9077.567179727112
952,9077.567179727112
953,9143.294931164457
954,9188.097513204697
955,9202.286061244324
956,9257.5370140892
957,9300.538090580512
958,9300.538090580512
959,9329.291700948197
960,9369.119715450084
961,9369.119715450084
962,9375.040113794528
963,9401.66540811279
964,9401.66540811279
965,9424.156032233932
966,9424.156032233932
967,9424.156032233932
968,9424.156032233932
969,9424.156032233932
970,9543.278012368615
971,9543.278012368615
972,9625.583696413683
973,9735.913190058582
974,9828.87242501256
975,9828.87242501256
976,9912.954803892255
977,9929.137672987485
978,10007.1198900476
979,10087.275709841066
980,10162.081086934788
981,10162.081086934788
982,10232.284951507288
983,10301.960911621567
984,10368.928048678783
985,10425.043119249192
986,10462.808050270642
987,10462.808050270642
988,10490.141363329198
989,10490.141363329198
990,10490.141363329198
991,10490.141363329198
992,10514.806378822199
993,10541.74276748047
994,10570.938036070504
995,10570.938036070504
996,10579.792718903827
997,10599.266445383248
998,10599.266445383248
999,10599.266445383248
1000,10698.12315793193
1001,10698.12315793193
1002,10788.89426872587
1003,10889.027299394758
1004,10889.027299394758
1005,10989.013282057282
1006,11080.531748491308
1007,11080.531748491308
1008,11157.792067316186
1009,11238.444520552124
1010,11296.694557851308
1011,11378.241286736147
1012,11406.76864278833
1013,11406.76864278833
1014,11454.845183812675
1015,11454.845183812675
1016,11537.306752004744
1017,11548.133184316217
1018,11622.573503499594
1019,11622.573503499594
1020,11689.651611910636
1021,11758.312077396899
1022,11758.312077396899
1023,11822.87361924094
1024,11876.298091159422
1025,11940.489170234307
1026,11940.489170234307
1027,11995.79422933015
1028,11995.79422933015
1029,12043.627015257482
1030,12100.27323969139
1031,12100.27323969139
1032,12146.40338057067
1033,12146.40338057067
1034,12201.39837663939
1035,12238.007734120545
1036,12273.937592032702
1037,12303.318576647394
1038,12303.318576647394
1039,12340.866992176268
1040,12369.057942708938
1041,12369.057942708938
1042,12384.010517812225
1043,12402.236327492881
1044,12410.285467564696
1045,12410.285467564696
1046,12442.959682193756
1047,12450.529656366156
1048,12472.455745061328
1049,12472.455745061328
1050,12472.455745061328
1051,12472.455745061328
1052,12472.455745061328
1053,12472.455745061328
1054,12586.883621544546
1055,12586.883621544546
1056,12671.110531976034
1057,12784.761642692094
1058,12784.761642692094
1059,12917.257879028288
1060,13033.844366631485
1061,13142.23802420901
1062,13142.23802420901
1063,13142.23802420901
1064,13232.724445342963
1065,13306.010277999103
1066,13306.010277999103
1067,13354.638572838292
1068,13354.638572838292
1069,13442.614988453135
1070,13523.579145832673
1071,13609.920260699711
1072,13690.934713369084
1073,13690.934713369084
1074,13763.9706073097
1075,13835.968170670798
1076,13904.126074983484
1077,13904.126074983484
1078,13904.126074983484
1079,13966.981371320304
1080,14028.285179427918
1081,14085.21744651423
1082,14086.482584517147
1083,14140.424861240701
1084,14140.424861240701
1085,14182.644104483923
1086,14220.904667986664
1087,14220.904667986664
1088,14220.904667986664
1089,14263.429187269243
1090,14263.429187269243
1091,14263.429187269243
1092,14292.548632263119
1093,14292.548632263119
1094,14310.357862338478
1095,14310.357862338478
1096,14310.357862338478
1097,14310.357862338478
1098,14415.991375600126
1099,14537.858886038748
1100,14641.219068407463
1101,14746.932643499724
1102,14746.932643499724
1103,14854.486691222048
1104,14958.784436769289
1105,15045.261871029232
1106,15045.261871029232
1107,15164.756886104902
1108,15255.834269978286
1109,15399.530778507677
1110,15517.811571051494
1111,15660.236626581325
1112,15740.958365302198
1113,15876.605196785125
1114,15876.605196785125
1115,15973.411754381134
1116,16061.198868834803
1117,16061.198868834803
1118,16132.843293281518
1119,16196.079835651357
1120,16248.87992859306
1121,16312.591813351846
1122,16314.017546643221
1123,16365.734996264046
1124,16405.489222589586
1125,16405.489222589586
1126,16453.55604224478
1127,16483.726526523027
1128,16483.726526523027
1129,16516.05984083186
1130,16516.05984083186
1131,16553.18067057251
1132,16568.05269686686
1133,16568.05269686686
1134,16580.767382261565
1135,16595.0008956689
1136,16595.0008956689
1137,16595.0008956689
1138,16671.775676071782
1139,16780.980519477973
1140,16899.340793539555
1141,16993.427676593918
1142,17086.617661314962
1143,17086.617661314962
1144,17154.579216016362
1145,17154.579216016362
1146,17249.43340271665
1147,17299.272329712032
1148,17369.639575391237
1149,17369.639575391237
1150,17436.37825632096
1151,17485.947959414825
1152,17485.947959414825
1153,17534.023299586162
1154,17609.002294495036
1155,17684.616450730013
1156,17696.59465828306
1157,17744.045094459896
1158,17744.045094459896
1159,17807.166866277676
1160,17807.166866277676
1161,17867.57701820305
1162,17923.53035323983
1163,17973.799660814875
1164,18020.031792384663
1165,18020.031792384663
1166,18067.45362333461
1167,18106.053758399135
1168,18145.055424474045
1169,18181.998353188887
1170,18214.878551588983
1171,18247.580379591884
1172,18268.715135762053
1173,18268.715135762053
1174,18299.57186814811
1175,18331.67714743089
1176,18358.31976098224
1177,18387.372700260432
1178,18414.445900462128
1179,18445.866865427797
1180,18472.821198299855
1181,18472.821198299855
1182,18500.804856029015
1183,18500.804856029015
1184,18524.32330337869
1185,18547.956057990123
1186,18551.653245313762
1187,18578.411313223954
1188,18583.178411985766
1189,18583.178411985766
1190,18583.178411985766
1191,18583.178411985766
1192,18583.178411985766
1193,18606.027975124016
1194,18767.890588248658
1195,18767.890588248658
1196,18915.284156347796
1197,18915.284156347796
1198,19068.66314497808
1199,19068.66314497808
1200,19197.938348751675
1201,19322.830898769316
1202,19322.830898769316
1203,19322.830898769316
1204,19449.034647722478
1205,19573.94039573852
1206,19573.94039573852
1207,19693.610270436322
1208,19786.707763974315
1209,19890.132463402937
1210,19989.319516322666
1211,20116.841468937553
1212,20116.841468937553
1213,20208.708528435545
1214,20298.721503253848
1215,20394.004129623096
1216,20481.66668862461
1217,20550.978323490403
1218,20631.347733776878
1219,20705.22084223312
1220,20779.036061250565
1221,20841.111892201443
1222,20901.122369578516
1223,20953.25820560024
1224,21001.930115436066
1225,21064.968793792134
1226,21114.692081359815
1227,21169.279599581114
1228,21214.200385436743
1229,21263.56207917426
1230,21306.367666963182
1231,21324.773421113965
1232,21337.02598522351
1233,21355.109478492563
1234,21355.109478492563
1235,21391.75498943492
1236,21416.220952460702
1237,21416.220952460702
1238,21416.220952460702
1239,21543.984804905143
1240,21719.81235534581
1241,21840.157637705277
1242,21975.825192622204
1243,21975.825192622204
1244,22104.72495610068
1245,22104.72495610068
1246,22205.97818733596
1247,22308.900736230004
1248,22433.504634176763
1249,22595.028934162652
1250,22595.028934162652
1251,22726.10979470038
1252,22834.92741670495
1253,22995.809476108185
1254,22995.809476108185
1255,23137.530364513113
1256,23237.889096912153
1257,23237.889096912153
1258,23335.061183642996
1259,23412.87623015109
1260,23510.679970229306
1261,23510.679970229306
1262,23510.679970229306
1263,23576.760923198322
1264,23663.39888597506
1265,23720.308166827923
1266,23832.667166304127
1267,23927.353079213077
1268,23992.621008170805
1269,24040.930294253274
1270,24097.305373817057
1271,24149.523680178896
1272,24198.48909936886
1273,24229.650282025596
1274,24256.784159263087
1275,24256.784159263087
1276,24370.061859301535
1277,24459.50621317547
1278,24459.50621317547
1279,24554.97879021269
1280,24657.19828046256
1281,24752.69185827492
1282,24752.69185827492
1283,24849.683002243248
1284,24917.286898341576
1285,24917.286898341576
1286,25010.61949746576
1287,25109.446820422872
1288,25169.88974066784
1289,25169.88974066784
1290,25264.773643143195
1291,25355.089028125047
1292,25355.089028125047
1293,25429.783111107954
1294,25517.992824911948
1295,25585.815992115047
1296,25668.368686461294
1297,25746.69786254228
1298,25826.08349323762
1299,25901.794818066053
1300,25901.794818066053
1301,25980.911105848485
1302,26010.41613389319
1303,26010.41613389319
1304,26082.632249672173
1305,26161.04743645107
1306,26222.60450112
1307,26292.21822693447
1308,26339.03595908275
1309,26379.14061645387
1310,26443.81933590467
1311,26511.82367265089
1312,26511.82367265089
1313,26511.82367265089
1314,26572.146274845585
1315,26572.146274845585
1316,26572.146274845585
1317,26572.146274845585
1318,26615.796174083276
1319,26666.8447468926
1320,26695.63308412245
1321,26698.719409594276
1322,26698.719409594276
1323,26726.139367286338
1324,26726.139367286338
1325,26726.139367286338
1326,26726.139367286338
1327,26726.139367286338
1328,26726.139367286338
1329,26726.139367286338
1330,26835.02037323123
1331,26948.096101392683
1332,27073.28804189655
1333,27180.60101053285
1334,27283.955485585175
1335,27283.955485585175
1336,27386.42713476134
1337,27486.516652933642
1338,27486.516652933642
1339,27595.892138953284
1340,27696.032122772343
1341,27796.71203113856
1342,27896.704268669077
1343,27993.145394280622
1344,28085.157538727435
1345,28180.8289411167
1346,28238.16694861717
1347,28238.16694861717
1348,28324.398059801137
1349,28416.48168273446
1350,28500.795224147623
1351,28570.949982969258
1352,28660.758980256345
1353,28660.758980256345
1354,28660.758980256345
1355,28710.993456818494
1356,28782.046623823295
1357,28850.04417889679
1358,28912.73600711526
1359,28912.73600711526
1360,28912.73600711526
1361,28968.345196361202
1362,29030.709419983992
1363,29030.709419983992
1364,29030.709419983992
1365,29030.709419983992
1366,29070.550527435924
1367,29070.550527435924
1368,29070.550527435924
1369,29105.956671337437
1370,29190.98152563013
1371,29190.98152563013
1372,29190.98152563013
1373,29190.98152563013
1374,29406.073866400155
1375,29636.32537423111
1376,29848.615484780672
1377,30044.19818282897
1378,30044.19818282897
1379,30240.995427492722
1380,30391.30972382586
1381,30578.063473520764
1382,30708.65310478449
1383,30829.91628381781
1384,31005.08124381719
1385,31180.18471981624
1386,31350.762026999233
1387,31521.27448868173
1388,31675.687683980173
1389,31822.14334912264
1390,31822.14334912264
1391,31965.7090118139
1392,32107.94302007045
1393,32107.94302007045
1394,32239.102694956004
1395,32239.102694956004
1396,32346.30130641614
1397,32439.922572603282
1398,32531.173760501228
1399,32531.173760501228
1400,32611.7807630248
1401,32691.104254225047
1402,32758.545677915426
1403,32758.545677915426
1404,32815.467459210995
1405,32819.21407807865
1406,32872.56051281948
1407,32872.56051281948
1408,32872.56051281948
1409,32900.36074193815
1410,32933.38636375397
1411,32952.89792690037
1412,32963.78330295297
1413,32963.78330295297
1414,32967.343129263434
1415,32980.165603564434
1416,32980.165603564434
1417,32980.165603564434
1418,32982.275980499755
1419,32982.275980499755
1420,33127.56211789362
1421,33127.56211789362
1422,33276.061430058406
1423,33408.46259211536
1424,33408.46259211536
1425,33408.46259211536
1426,33521.49153145995
1427,33630.959815883056
1428,33768.607117431646
1429,33768.607117431646
1430,33917.75021855069
1431,34048.07460552953
1432,34176.2174455962
1433,34295.420265531575
1434,34295.420265531575
1435,34410.948087525336
1436,34507.944355643966
1437,34594.268562268546
1438,34594.268562268546
1439,34705.72690550213
1440,34705.72690550213
1441,34802.383624777205
1442,34884.4018146229
1443,34884.4018146229
1444,34992.47336566499
1445,34992.47336566499
1446,35079.73710700508
1447,35170.361299728116
1448,35257.04986633471
1449,35342.771294468985
1450,35342.771294468985
1451,35428.709638569206
1452,35510.200369314574
1453,35510.200369314574
1454,35590.136345958046
1455,35664.71280991104
1456,35728.80715585477
1457,35806.17726547496
1458,35863.57281046571
1459,35921.27078645062
1460,35921.27078645062
1461,35921.27078645062
1462,35963.9328214984
1463,35963.9328214984
1464,36180.020382380455
1465,36180.020382380455
1466,36351.25276130014
1467,36554.78325692692
1468,36771.331287634945
1469,36934.11903276838
1470,37125.02901471508
1471,37267.20911002229
1472,37433.01099550748
1473,37574.9470779534
1474,37726.44540795139
1475,37885.81248432391
1476,38009.20189092872
1477,38097.890953518974
1478,38147.56694284086
1479,38232.500309041745
1480,38232.500309041745
1481,38347.74724231057
1482,38407.566642987105
1483,38407.566642987105
1484,38445.65570715768
1485,38577.74233466649
1486,38604.11952698407
1487,38605.89280583235
1488,38605.89280583235
1489,38653.01095437714
1490,38653.01095437714
1491,38749.13274914613
1492,38752.76546821618
1493,38831.697049616945
1494,38899.608655151176
1495,38899.608655151176
1496,38899.608655151176
1497,38899.608655151176
1498,38954.83135127635
1499,38962.073385201154
1500,38962.073385201154
1501,39126.58514307601
1502,39287.34188717506
1503,39508.63652557469
1504,39508.63652557469
1505,39662.26476444242
1506,39819.271209215854
1507,40039.07842837414
1508,40187.785256304865
1509,40407.560845176595
1510,40589.71346997762
1511,40776.36110354254
1512,40956.4623100151
1513,40956.4623100151
1514,41130.69233331201
1515,41277.074605381575
1516,41414.716994474315
1517,41414.716994474315
1518,41414.716994474315
1519,41414.716994474315
1520,41549.62764818184
1521,41549.62764818184
1522,41549.62764818184
1523,41687.91483017745
1524,41824.96756180393
1525,41824.96756180393
1526,41960.29314223898
1527,41960.29314223898
1528,42089.26549372996
1529,42089.26549372996
1530,42217.256933441044
1531,42217.256933441044
1532,42217.256933441044
1533,42345.0562026575
1534,42445.985982028666
1535,42445.985982028666
1536,42573.92091432284
1537,42573.92091432284
1538,42573.92091432284
1539,42573.92091432284
1540,42573.92091432284
1541,42691.6340380798
1542,42799.94343632727
1543,42799.94343632727
1544,42874.642027327136
1545,43049.39646392343
1546,43049.39646392343
1547,43049.39646392343
1548,43238.163478208095
1549,43238.163478208095
1550,43418.63882416839
1551,43418.63882416839
1552,43652.01936041693
1553,43773.679016554204
1554,43896.980677621315
1555,44006.27258417489
1556,44141.11341024386
1557,44280.64683556698
1558,44280.64683556698
1559,44393.576230742714
1560,44537.89098606835
1561,44644.28459786969
1562,44777.70390164606
1563,44869.68304750404
1564,44959.78839966297
1565,45066.84042319167
1566,45130.83689257866
1567,45227.81720776097
1568,45319.40988713856
1569,45416.56980860004
1570,45515.58258215874
1571,45579.828550063576
1572,45657.989546739875
1573,45714.85319010359
1574,45779.0944565726
1575,45847.29398180765
1576,45892.66316673999
1577,45942.58072853533
1578,45980.59344578961
1579,46010.546760326484
1580,46057.413052122654
1581,46083.50206754327
1582,46109.297190482146
1583,46154.41766840337
1584,46154.41766840337
1585,46166.194103714995
1586,46198.160805481
1587,46219.42630255284
1588,46219.42630255284
1589,46220.91208115122
1590,46220.91208115122
1591,46220.91208115122
1592,46220.91208115122
1593,46458.7536929451
1594,46665.648175328904
1595,46665.648175328904
1596,46879.79634029643
1597,47065.202944111814
1598,47239.56026736201
1599,47461.730163672066
1600,47629.322297881256
1601,47629.322297881256
1602,47815.77889697832
1603,47933.33052644729
1604,47933.33052644729
1605,47933.33052644729
1606,47933.33052644729
1607,48053.50028606254
1608,48267.23655012927
1609,48377.62605869388
1610,48377.62605869388
1611,48508.979350754926
1612,48624.39700528112
1613,48624.39700528112
1614,48624.39700528112
1615,48717.12255205961
1616,48717.12255205961
1617,48811.22647816871
1618,48811.22647816871
1619,48811.22647816871
1620,48930.055921440224
1621,48972.98487435614
1622,48972.98487435614
1623,49115.547110156884
1624,49198.99990167382
1625,49313.523881635396
1626,49341.22345406446
1627,49341.22345406446
1628,49369.44900430415
1629,49558.84396036508
1630,49702.87752758762
1631,49702.87752758762
1632,49892.81388076114
1633,49892.81388076114
1634,49892.81388076114
1635,49892.81388076114
1636,49892.81388076114
1637,50098.10706965629
1638,50320.43807121334
1639,50536.89445600686
1640,50727.60522754512
1641,50889.75379010864
1642,50889.75379010864
1643,51067.229734868466
1644,51229.337236678155
1645,51229.337236678155
1646,51388.537314047266
1647,51538.478068485536
1648,51538.478068485536
1649,51694.29849959236
1650,51694.29849959236
1651,51836.39090017208
1652,51947.61677231848
1653,51947.61677231848
1654,52101.47250810268
1655,52261.36035183073
1656,52385.81727720183
1657,52484.85431393944
1658,52642.054873518144
1659,52739.120559331684
1660,52777.89136422919
1661,52887.61164160975
1662,52967.674441906616
1663,53072.19082111303
1664,53117.28971577472
1665,53202.282716746275
1666,53202.282716746275
1667,53202.282716746275
1668,53202.282716746275
1669,53358.92406643545
1670,53501.55485357829
1671,53642.063496965195
1672,53766.21408359515
1673,53880.28622395623
1674,54015.786003794485
1675,54131.28631790849
1676,54131.28631790849
1677,54243.67129976274
1678,54243.67129976274
1679,54338.59537496789
1680,54424.355250753775
1681,54503.43565038777
1682,54503.43565038777
1683,54584.21322341348
1684,54640.26400081093
1685,54716.56849228071
1686,54716.56849228071
1687,54778.55601355127
1688,54853.13825273645
1689,54853.13825273645
1690,54899.75823237477
1691,54971.17864242102
1692,55024.62782131319
1693,55057.47551737828
1694,55057.47551737828
1695,55088.33765512655
1696,55144.49041026336
1697,55180.2555068012
1698,55211.248612274176
1699,55211.248612274176
1700,55235.53358343407
1701,55235.53358343407
1702,55273.844267856985
1703,55280.98461509586
1704,55280.98461509586
1705,55282.358737892326
1706,55302.27162892187
1707,55340.74498378718
1708,55342.90335740832
1709,55342.90335740832
1710,55382.29113819602
1711,55382.29113819602
1712,55412.343270634876
1713,55412.343270634876
1714,55412.343270634876
1715,55606.36986782334
1716,55606.36986782334
1717,55810.5314610236
1718,56000.42919470718
1719,56000.42919470718
1720,56160.49732975219
1721,56317.41117419218
1722,56462.312680908006
1723,56592.670783850386
1724,56592.670783850386
1725,56720.093362195024
1726,56845.28386529914
1727,56950.15223051853
1728,57064.98330669339
1729,57098.41592369541
1730,57178.276729842364
1731,57178.276729842364
1732,57281.39561508526
1733,57307.13926493411
1734,57384.55293843622
1735,57483.006748584645
1736,57496.341684034975
1737,57553.07754741582
1738,57553.07754741582
1739,57606.10574070078
1740,57681.433683317206
1741,57681.433683317206
1742,57738.611772587945
1743,57738.611772587945
1744,57770.27219122822
1745,57809.16191547849
1746,57809.16191547849
1747,57839.16252007971
1748,57839.16252007971
1749,57864.709615363645
1750,57886.98337438486
1751,57886.98337438486
1752,57886.98337438486
1753,58052.29864153442
1754,58241.35513661876
1755,58241.35513661876
1756,58395.780361064084
1757,58395.780361064084
1758,58569.775691328956
1759,58714.67560112061
1760,58878.10981023589
1761,59019.35567772221
1762,59136.878708586904
1763,59305.80428039844
1764,59419.525873754894
1765,59561.115865556705
1766,59561.115865556705
1767,59661.479217976485
1768,59749.84945287287
1769,59831.21885597082
1770,59831.21885597082
1771,59910.45773223096
1772,59990.864669855255
1773,59990.864669855255
1774,60049.58319669338
1775,60093.299698779534
1776,60115.743322328344
1777,60152.361994587525
1778,60185.40391408417
1779,60185.40391408417
1780,60185.40391408417
1781,60185.40391408417
1782,60185.40391408417
1783,60185.40391408417
1784,60185.40391408417
1785,60340.368423219785
1786,60493.16229138013
1787,60663.028057317075
1788,60663.028057317075
1789,60790.56094013025
1790,60895.37834690195
1791,60983.40926096286
1792,60983.40926096286
1793,61094.90809862724
1794,61182.76633032684
1795,61279.67878976305
1796,61279.67878976305
1797,61308.56583764948
1798,61396.83461663348
1799,61483.73711462619
1800,61483.73711462619
1801,61561.08854229587
1802,61631.30863323284
1803,61694.12273769893
1804,61739.9525600158
1805,61739.9525600158
1806,61774.16847884531
1807,61871.46792147607
1808,61957.82995395671
1809,62036.165218888396
1810,62080.25850447213
1811,62080.25850447213
1812,62169.227977758754
1813,62257.058335660135
1814,62275.83774973905
1815,62275.83774973905
1816,62275.83774973905
1817,62275.83774973905
1818,62349.877692462964
1819,62418.545177839274
1820,62487.78103461465
1821,62554.74573365685
1822,62617.51556978931
1823,62617.51556978931
1824,62677.8376013346
1825,62746.70663007864
1826,62804.63762194816
1827,62867.18298317243
1828,62907.51152151935
1829,62969.14870811346
1830,63018.13242595314
1831,63018.13242595314
1832,63018.13242595314
1833,63065.75220759308
1834,63123.34958180877
1835,63155.81172083755
1836,63155.81172083755
1837,63202.81721166072
1838,63239.19556433418
1839,63239.19556433418
1840,63266.483631893476
1841,63266.483631893476
1842,63292.42217071099
1843,63311.89812807385
1844,63311.89812807385
1845,63311.89812807385
1846,63311.89812807385
1847,63424.94115223357
1848,63542.556303263686
1849,63611.11346588956
1850,63611.11346588956
1851,63673.82094474985
1852,63771.51378300155
1853,63771.51378300155
1854,63875.14881345284
1855,63966.595748917425
1856,64040.737282047434
1857,64094.38882973552
1858,64158.29249524072
1859,64245.86059554962
1860,64245.86059554962
1861,64335.053455349385
1862,64343.26618607457
1863,64351.64762959951
1864,64419.81679746629
1865,64419.81679746629
1866,64478.81802153225
1867,64478.81802153225
1868,64478.81802153225
1869,64478.81802153225
1870,64520.91578967949
1871,64619.75501669455
1872,64718.9138366502
1873,64770.851882951385
1874,64770.851882951385
1875,64826.746939344965
1876,64917.914805421904
1877,64984.6487655036
1878,65046.4351952204
1879,65066.538252673214
1880,65107.72649486982
1881,65147.882355576185
1882,65186.28250066466
1883,65214.992878655576
1884,65244.74407300527
1885,65280.91972915516
1886,65280.91972915516
1887,65280.91972915516
1888,65386.67685576243
1889,65448.78218053948
1890,65448.78218053948
1891,65539.74803583066
1892,65539.74803583066
1893,65617.16356900784
1894,65690.37728522319
1895,65752.95846817855
1896,65823.07162723847
1897,65879.03530515054
1898,65879.03530515054
1899,65881.50641854721
1900,65936.74516594237
1901,65936.74516594237
1902,65990.61009776469
1903,66032.53305477466
1904,66057.72001377371
1905,66099.1837249994
1906,66099.40926150758
1907,66099.40926150758
1908,66126.12558598306
1909,66126.12558598306
1910,66135.63238424524
1911,66135.63238424524
1912,66145.24866104145
1913,66145.24866104145
1914,66145.24866104145
1915,66153.79514939288
1916,66153.79514939288
1917,66153.79514939288
1918,66153.79514939288
1919,66241.4275224329
1920,66314.82215189589
1921,66394.03922996332
1922,66465.10748245154
1923,66465.10748245154
1924,66541.34789285493
1925,66600.83071987162
1926,66600.83071987162
1927,66646.6779769584
1928,66744.40756970894
1929,66794.79169136593
1930,66854.41450541925
1931,66902.7907721536
1932,66902.7907721536
1933,66967.09409372852
1934,67016.34282553548
1935,67016.34282553548
1936,67016.34282553548
1937,67016.34282553548
1938,67102.47746544599
1939,67169.64284811477
1940,67243.54204920688
1941,67306.3961017566
1942,67391.44190263964
1943,67444.36996930515
1944,67496.8711587793
1945,67496.8711587793
1946,67538.75528390624
1947,67578.92354879275
1948,67593.44980248199
1949,67623.85184129812
1950,67652.57709218598
1951,67677.3884960009
1952,67703.4270947017
1953,67724.15766166325
1954,67745.96241170284
1955,67763.23119261836
1956,67763.23119261836
1957,67763.23119261836
1958,67776.70342311147
1959,67788.54309674712
1960,67799.35918873621
1961,67799.77720593278
1962,67799.77720593278
1963,67839.08088116947
1964,67874.47563312904
1965,67908.27701496429
1966,67942.42696355788
1967,67942.42696355788
1968,67974.68020328798
1969,68004.71846708015
1970,68033.6061508634
1971,68033.6061508634
1972,68033.6061508634
1973,68033.6061508634
1974,68058.30136643285
1975,68058.30136643285
1976,68070.081114549
1977,68070.081114549
1978,68070.081114549
1979,68076.68621695918
1980,68076.68621695918
1981,68076.68621695918
1982,68076.68621695918
1983,68076.68621695918
1984,68076.68621695918
1985,68076.68621695918
1986,68154.07465291316
1987,68154.07465291316
1988,68244.82056233512
1989,68298.02907816667
1990,68373.98514534291
1991,68373.98514534291
1992,68443.18300194616
1993,68506.621239386
1994,68506.621239386
1995,68565.85542175187
1996,68593.4443480534
1997,68593.4443480534
1998,68625.20684900832
1999,68637.70088110087
2000,68667.25088927522
2001,68667.25088927522
2002,68711.12809362693
2003,68757.68809502598
2004,68800.98158799978
2005,68800.98158799978
2006,68845.4194368038
2007,68845.4194368038
2008,68884.53560515883
2009,68901.1525977773
2010,68931.46164128215
2011,68931.46164128215
2012,68951.24775179714
2013,68951.24775179714
2014,68970.70157833661
2015,68970.70157833661
2016,68970.70157833661
2017,68983.1876226739
2018,69002.50560578227
2019,69016.31505956726
2020,69016.31505956726
2021,69027.24797807331
2022,69027.24797807331
2023,69037.46983092261
2024,69037.46983092261
2025,69037.46983092261
2026,69037.46983092261
2027,69076.40878148729
2028,69116.1157917692
2029,69116.1157917692
2030,69153.99940810533
2031,69153.99940810533
2032,69192.65200540696
2033,69227.34092661263
2034,69262.86997223401
2035,69285.12859707863
2036,69285.12859707863
2037,69319.28296814152
2038,69350.11231926977
2039,69350.11231926977
2040,69350.11231926977
2041,69378.27903711575
2042,69399.54836927942
2043,69421.91730905436
2044,69421.91730905436
2045,69430.20286573483
2046,69438.22915086093
2047,69445.14682002238
2048,69445.14682002238
2049,69448.89551906475
2050,69448.89551906475
2051,69634.06653051854
2052,69634.06653051854
2053,69764.57393250048
2054,69764.57393250048
2055,69903.97072937059
2056,69999.10312256108
2057,70101.2963187841
2058,70177.52739812902
2059,70265.47910279097
2060,70357.18365033864
2061,70431.45350974114
2062,70505.97694438482
2063,70562.68870010212
2064,70594.0465036828
2065,70661.26007570807
2066,70661.26007570807
2067,70691.16990213457
2068,70728.71336125232
2069,70742.720800532
2070,70756.1331738233
2071,70756.1331738233
2072,70763.95274127973
2073,70763.95274127973
2074,70763.95274127973
2075,70763.95274127973
2076,70836.81591494622
2077,70907.24746195778
2078,70972.98081852977
2079,71033.02562284924
2080,71089.10303354597
2081,71144.40283413889
2082,71144.40283413889
2083,71187.71615167758
2084,71233.67326581811
2085,71233.67326581811
2086,71233.67326581811
2087,71274.2466014669
2088,71274.2466014669
2089,71302.01526956532
2090,71302.01526956532
2091,71302.01526956532
2092,71302.01526956532
2093,71329.57852206107
2094,71329.57852206107
2095,71329.57852206107
2096,71357.91304600851
2097,71375.6164725467
2098,71394.32104906328
2099,71412.79692752795
2100,71412.79692752795
2101,71412.79692752795
2102,71430.04010604534
2103,71446.02101995762
2104,71446.02101995762
2105,71446.02101995762
2106,71453.45471201012
2107,71453.45471201012
2108,71453.45471201012
2109,71453.45471201012
2110,71453.45471201012
2111,71534.32770767769
2112,71611.87717504564
2113,71687.22008243596
2114,71687.22008243596
2115,71754.46620193837
2116,71801.95675740435
2117,71861.02241922749
2118,71861.02241922749
2119,71912.8381399863
2120,71912.8381399863
2121,71958.10677043274
2122,71958.10677043274
2123,71989.91224473335
2124,72012.99759507061
2125,72043.69216582616
2126,72070.93567153972
2127,72075.81229804122
2128,72078.40410335922
2129,72078.40410335922
2130,72083.8625800195
2131,72083.8625800195
2132,72083.8625800195
2133,72083.8625800195
2134,72189.66755435574
2135,72189.66755435574
2136,72278.87179779194
2137,72378.14456305317
2138,72467.04744604346
2139,72467.04744604346
2140,72550.45410922251
2141,72550.45410922251
2142,72600.56807404885
2143,72632.96120368542
2144,72715.42537453672
2145,72752.89777578939
2146,72752.89777578939
2147,72752.89777578939
2148,72752.89777578939
2149,72823.52598158777
2150,72823.52598158777
2151,72896.09255078877
2152,72971.97403832864
2153,72971.97403832864
2154,73038.8073063551
2155,73106.14412900679
2156,73162.23598699126
2157,73162.23598699126
2158,73223.49129962083
2159,73273.45737859323
2160,73324.9139637469
2161,73366.57773050941
2162,73379.91116791383
2163,73390.33134486072
2164,73394.85935272196
2165,73408.55599060035
2166,73408.55599060035
2167,73442.76156473052
2168,73442.76156473052
2169,73476.8936908883
2170,73515.04588874876
2171,73541.00461570914
2172,73574.7505855113
2173,73574.7505855113
2174,73590.13617971966
2175,73604.24693078958
2176,73604.24693078958
2177,73628.4232875391
2178,73637.26697916347
2179,73655.18123456296
2180,73666.78521263678
2181,73682.08921340015
2182,73682.08921340015
2183,73687.35651901225
2184,73703.13543001094
2185,73778.23280874756
2186,73852.33155418871
2187,73930.09023596946
2188,73930.09023596946
2189,73999.63898926682
2190,74063.16154167488
2191,74116.21754006938
2192,74156.23256664808
2193,74209.18046024
2194,74209.18046024
2195,74248.64775003628
2196,74281.68360157454
2197,74304.79849811678
2198,74315.78489581683
2199,74357.67836136497
2200,74357.67836136497
2201,74398.66056142081
2202,74422.35846797553
2203,74422.35846797553
2204,74422.35846797553
2205,74422.35846797553
2206,74462.9135520654
2207,74503.44675525825
2208,74503.44675525825
2209,74541.16170206346
2210,74577.76848826444
2211,74577.76848826444
2212,74597.1679208375
2213,74597.1679208375
2214,74611.80207216485
2215,74678.33431978538
2216,74790.0325190163
2217,74790.0325190163
2218,74852.64117408858
2219,74915.8987144905
2220,74960.09776296618
2221,74960.09776296618
2222,75015.11266735483
2223,75071.51849405827
2224,75071.51849405827
2225,75124.15472968575
2226,75149.48631768128
2227,75188.47207840043
2228,75211.8960817036
2229,75254.79129270134
2230,75287.73413251639
2231,75313.62922779203
2232,75313.62922779203
2233,75340.96592115676
2234,75340.96592115676
2235,75356.1913419545
2236,75379.77633739787
2237,75405.80461374915
2238,75405.80461374915
2239,75415.89545577993
2240,75415.89545577993
2241,75439.77355843359
2242,75439.77355843359
2243,75439.77355843359
2244,75439.77355843359
2245,75439.77355843359
2246,75455.36096508685
2247,75455.36096508685
2248,75455.36096508685
2249,75455.36096508685
2250,75455.36096508685
2251,75498.76385242499
2252,75540.53283723441
2253,75563.45587966181
2254,75563.45587966181
2255,75606.8023082472
2256,75631.41801245
2257,75652.8937070681
2258,75652.8937070681
2259,75652.8937070681
2260,75652.8937070681
2261,75681.5647036356
2262,75681.5647036356
2263,75714.89603335684
2264,75741.06148905534
2265,75779.79621408634
2266,75820.8410905625
2267,75845.78477242238
2268,75862.64902138963
2269,75869.53688582734
2270,75873.86999695069
2271,75873.86999695069
2272,75898.38202467017
2273,75914.57729584952
2274,75914.57729584952
2275,75923.22939826896
2276,75937.89617679047
2277,75937.89617679047
2278,75937.89617679047
2279,75937.89617679047
2280,75937.89617679047
2281,76063.81755436091
2282,76063.81755436091
2283,76160.73153506948
2284,76239.05139564324
2285,76239.05139564324
2286,76324.60208543387
2287,76373.63992632332
2288,76414.82459777525
2289,76414.82459777525
2290,76414.82459777525
2291,76465.94930313881
2292,76517.60518932067
2293,76552.48719303381
2294,76552.48719303381
2295,76552.48719303381
2296,76552.48719303381
2297,76552.48719303381
2298,76635.5481724297
2299,76759.44791090871
2300,76886.00582607124
2301,77011.09924693791
2302,77035.04861283764
2303,77035.04861283764
2304,77035.04861283764
2305,77136.41883049262
2306,77260.2036088536
2307,77260.2036088536
2308,77344.87355049334
2309,77373.52415898257
2310,77497.50422913366
2311,77580.95275237631
2312,77658.163426992
2313,77669.54214379172
2314,77762.20821262586
2315,77762.20821262586
2316,77849.53523520015
2317,77859.75569068035
2318,77931.19138815237
2319,77940.55185906608
2320,77940.55185906608
2321,77979.83453633834
2322,77979.83453633834
2323,78040.86797698586
2324,78075.79790991121
2325,78104.06107447307
2326,78149.3487245749
2327,78149.3487245749
2328,78227.55214617965
2329,78227.55214617965
2330,78286.4532100657
2331,78358.8440959181
2332,78435.88247676869
2333,78487.69905415688
2334,78487.69905415688
2335,78487.69905415688
2336,78487.69905415688
2337,78561.12647608241
2338,78616.82686118584
2339,78616.82686118584
2340,78648.67779052789
2341,78694.83707158586
2342,78694.83707158586
2343,78753.01845382004
2344,78809.4962627685
2345,78846.60540390892
2346,78885.95507105772
2347,78927.8379391421
2348,78973.61348014855
2349,78997.42150889718
2350,79017.81692664674
2351,79058.65556332338
2352,79082.32570850129
2353,79100.33719433338
2354,79123.70679267445
2355,79141.21052920065
2356,79155.291022583
2357,79155.291022583
2358,79167.1846596883
2359,79177.57497721404
2360,79177.57497721404
2361,79185.74355792359
2362,79198.61782277575
2363,79198.61782277575
2364,79213.98172214115
2365,79213.98172214115
2366,79296.85528981815
2367,79380.88175122174
2368,79471.7159576368
2369,79574.97747691679
2370,79659.21049130167
2371,79762.6700321009
2372,79841.79337244596
2373,79899.13183283323
2374,79899.13183283323
2375,79974.01606988744
2376,80024.50231279664
2377,80093.87980743658
2378,80093.87980743658
2379,80152.95290137698
2380,80241.33301450111
2381,80286.1353118369
2382,80356.44505156044
2383,80408.77346044545
2384,80459.4275477313
2385,80528.78816060815
2386,80571.9006609471
2387,80623.01804572735
2388,80664.25243433758
2389,80690.13879105973
2390,80690.13879105973
2391,80738.3834150715
2392,80769.56878436974
2393,80790.82881545463
2394,80825.90505268288
2395,80841.6718980275
2396,80858.05339893418
2397,80865.35111539756
2398,80875.30091147708
2399,80878.3700228214
2400,80878.3700228214
2401,80897.00524583919
2402,80897.00524583919
2403,80910.4407340836
2404,81056.08618353662
2405,81122.88599308813
2406,81257.62320877862
2407,81400.64776648839
2408,81501.14605045012
2409,81643.23612489093
2410,81766.44185928929
2411,81886.16278388126
2412,81971.13133418464
2413,82033.62291530332
2414,82046.04118473564
2415,82092.32890545824
2416,82138.03717764524
2417,82176.23862268792
2418,82217.28637405914
2419,82259.327753215
2420,82259.327753215
2421,82297.25151318789
2422,82297.25151318789
2423,82330.53586461696
2424,82337.86469935815
2425,82376.91688513244
2426,82413.32065011478
2427,82446.19710559107
2428,82483.61398795173
2429,82483.61398795173
2430,82516.49086910955
2431,82551.05593136993
2432,82556.2859403973
2433,82588.05531056113
2434,82611.78772433124
2435,82611.78772433124
2436,82611.78772433124
2437,82611.78772433124
2438,82632.57201300665
2439,82632.57201300665
2440,82632.57201300665
2441,82655.1552296725
2442,82676.84153214986
2443,82676.84153214986
2444,82676.84153214986
2445,82687.70319704035
2446,82701.2139032251
2447,82719.5553158943
2448,82719.5553158943
2449,82734.73115068313
2450,82734.73115068313
2451,82734.73115068313
2452,82789.25350415618
2453,82844.1015959406
2454,82895.58292893821
2455,82949.11250317932
2456,82989.62710941253
2457,83040.84990198826
2458,83073.34377448437
2459,83124.48833691458
2460,83124.48833691458
2461,83154.45158703913
2462,83304.85763433288
2463,83395.2760822718
2464,83574.37508147562
2465,83740.00878473719
2466,83740.00878473719
2467,83901.21233927911
2468,83901.21233927911
2469,84040.01147477848
2470,84183.6475834377
2471,84183.6475834377
2472,84183.6475834377
2473,84255.5614325961
2474,84322.66570288375
2475,84360.46602134027
2476,84360.46602134027
2477,84414.70477803017
2478,84441.92171325166
2479,84485.21968014234
2480,84485.21968014234
2481,84522.99113289393
2482,84522.99113289393
2483,84522.99113289393
2484,84562.516040339
2485,84587.23364274073
2486,84593.08050686712
2487,84593.08050686712
2488,84599.77860059598
2489,84627.04737646594
2490,84629.41050643726
2491,84645.31503180409
2492,84645.31503180409
2493,84662.56219960406
2494,84662.56219960406
2495,84677.46486740891
2496,84677.46486740891
2497,84691.69661205592
2498,84691.69661205592
2499,84698.68811641206
2500,84698.68811641206
2501,84698.68811641206
2502,84698.68811641206
2503,84882.80603347323
2504,84985.72601068992
2505,84985.72601068992
2506,85160.90469945206
2507,85160.90469945206
2508,85339.03109324002
2509,85339.03109324002
2510,85507.7057760891
2511,85508.74712275014
2512,85657.57495989051
2513,85790.44250028094
2514,85911.3308073287
2515,86036.63491367757
2516,86111.71279904718
2517,86227.59547434021
2518,86293.4122610953
2519,86353.63217327549
2520,86353.63217327549
2521,86413.95681985811
2522,86418.60998166376
2523,86475.40443652678
2524,86525.55443788978
2525,86557.60449550304
2526,86587.2712376919
2527,86587.2712376919
2528,86590.81723101245
2529,86623.11274445949
2530,86636.96244255209
2531,86636.96244255209
2532,86636.96244255209
2533,86663.95797685531
2534,86663.95797685531
2535,86858.43102777888
2536,87038.71052369867
2537,87171.704742168
2538,87314.81112316324
2539,87488.26637643813
2540,87652.41472332095
2541,87751.78175460635
2542,87913.06825785752
2543,87913.06825785752
2544,87913.06825785752
2545,88051.39808774619
2546,88212.69417805613
2547,88212.69417805613
2548,88302.50627128045
2549,88458.77975456182
2550,88570.87771585431
2551,88570.87771585431
2552,88631.26253721456
2553,88735.0632253302
2554,88837.59735831086
2555,88939.54609226427
2556,89009.24487770023
2557,89068.00212750459
2558,89174.59694905621
2559,89262.66177520822
2560,89343.14534974306
2561,89422.01893043942
2562,89487.65506751934
2563,89554.96826542805
2564,89554.96826542805
2565,89613.06209802678
2566,89642.74268331793
2567,89698.1260705252
2568,89698.1260705252
2569,89742.2747113971
2570,89783.3522230107
2571,89824.07281325696
2572,89864.97973848658
2573,89905.82120846807
2574,89976.10277978702
2575,89976.10277978702
2576,90036.67237481431
2577,90088.43053335097
2578,90088.43053335097
2579,90139.27581768703
2580,90196.01126401497
2581,90242.38999981088
2582,90242.38999981088
2583,90278.36234990903
2584,90337.88148117924
2585,90337.88148117924
2586,90375.0812171781
2587,90398.13616926855
2588,90456.83855468052
2589,90456.83855468052
2590,90488.03421717403
2591,90517.58625534513
2592,90555.55817792079
2593,90607.92869751483
2594,90619.4920122944
2595,90619.4920122944
2596,90631.083623801
2597,90631.083623801
2598,90631.083623801
2599,90660.70112920129
2600,90681.88500730623
2601,90722.19525813118
2602,90722.19525813118
2603,90751.51625367871
2604,90754.80951571812
2605,90754.80951571812
2606,90967.01501803681
2607,90967.01501803681
2608,91155.52843061849
2609,91155.52843061849
2610,91356.48247104074
2611,91541.25469538038
2612,91639.38422619023
2613,91639.38422619023
2614,91753.4902231746
2615,91942.29096132048
2616,92078.25018101725
2617,92261.22198535838
2618,92313.11383330327
2619,92446.89798906993
2620,92602.8350434096
2621,92678.30587647406
2622,92822.67612369453
2623,92855.79994380729
2624,93018.68007707271
2625,93179.98281602049
2626,93280.08915552335
2627,93405.96832192678
2628,93488.94391942788
2629,93593.85918800463
2630,93669.34215405943
2631,93669.34215405943
2632,93772.07129040369
2633,93832.91320045199
2634,93884.60064255499
2635,93884.60064255499
2636,93939.66247934788
2637,93987.05489376078
2638,94006.59958822253
2639,94027.21133762803
2640,94027.21133762803
2641,94060.11633077827
2642,94081.38564003306
2643,94081.38564003306
2644,94185.08260901648
2645,94270.22605717274
2646,94270.22605717274
2647,94294.82215972882
2648,94387.62566371572
2649,94440.19175086945
2650,94523.18475531628
2651,94610.60482163081
2652,94615.73488423164
2653,94615.73488423164
2654,94615.73488423164
2655,94760.15747946136
2656,94881.23267515039
2657,94999.08863194428
2658,95139.78985749728
2659,95270.85645133123
2660,95402.60411498994
2661,95517.19686905567
2662,95610.61492131074
2663,95710.3605089169
2664,95802.1122111646
2665,95892.87334472279
2666,95972.90127990715
2667,95993.83711113267
2668,96072.44886337822
2669,96109.37306128866
2670,96153.79692622037
2671,96222.16316470868
2672,96222.16316470868
2673,96299.2034420597
2674,96377.19031901214
2675,96443.34107711755
2676,96505.54901276811
2677,96505.54901276811
2678,96562.1823823121
2679,96562.1823823121
2680,96633.88829754338
2681,96633.88829754338
2682,96708.38539905877
2683,96751.7750452616
2684,96751.7750452616
2685,96827.3999743293
2686,96879.99709583797
2687,96879.99709583797
2688,96879.99709583797
2689,96918.02556410142
2690,96955.36849601466
2691,96955.36849601466
2692,96955.36849601466
2693,97009.75974738899
2694,97034.95635760772
2695,97034.95635760772
2696,97086.42048399303
2697,97086.42048399303
2698,97086.42048399303
2699,97086.42048399303
2700,97086.42048399303
2701,97204.55371484165
2702,97300.319577033
2703,97300.319577033
2704,97420.90244469582
2705,97535.4778637762
2706,97633.40237480006
2707,97673.99417629107
2708,97763.33265688476
2709,97849.00896154287
2710,97871.79816197637
2711,97871.79816197637
2712,97918.13468749574
2713,98019.25408205367
2714,98075.99158907778
2715,98075.99158907778
2716,98152.72727259311
2717,98233.39583167169
2718,98306.07564254296
2719,98399.09017434642
2720,98461.9359192702
2721,98483.52810498544
2722,98563.7747281992
2723,98563.7747281992
2724,98563.7747281992
2725,98641.80887282413
2726,98709.80462761656
2727,98775.27105906892
2728,98827.81044853154
2729,98878.08422246584
2730,98918.7775251382
2731,98918.7775251382
2732,98956.65954329277
2733,98989.44968650391
2734,99006.907862863
2735,99044.48612991528
2736,99044.48612991528
2737,99044.48612991528
2738,99079.07767128841
2739,99113.36352678177
2740,99146.43845441898
2741,99166.17693078335
2742,99171.23517475704
2743,99204.40231192096
2744,99204.40231192096
2745,99233.43887242982
2746,99233.43887242982
2747,99332.04810283586
2748,99333.43844861284
2749,99423.00806240927
2750,99515.98327713912
2751,99615.542078616
2752,99692.33861772118
2753,99770.8862978277
2754,99845.61447895865
2755,99845.61447895865
2756,99917.09054136359
2757,99969.44484685759
2758,100024.45392742517
2759,100068.91083247223
2760,100102.71350533544
2761,100102.71350533544
2762,100199.49933217162
2763,100199.49933217162
2764,100199.49933217162
2765,100261.50806037553
2766,100383.05237117822
2767,100471.24480240545
2768,100471.24480240545
2769,100562.6556158127
2770,100562.6556158127
2771,100621.88865675828
2772,100621.88865675828
2773,100738.62844419829
2774,100807.90409934286
2775,100807.90409934286
2776,100885.07006322482
2777,100885.07006322482
2778,100885.07006322482
2779,100929.49394543987
2780,100991.99808074479
2781,100991.99808074479
2782,101027.62893060336
2783,101067.24277853714
2784,101098.3597599003
2785,101098.3597599003
2786,101127.56072950336
2787,101146.83096628256
2788,101166.50536130973
2789,101192.3565583664
2790,101219.78265288852
2791,101233.54199549013
2792,101253.15541431648
2793,101276.76544902175
2794,101365.70661494223
2795,101409.17939150205
2796,101422.60689885792
2797,101422.60689885792
2798,101476.84663789115
2799,101476.84663789115
2800,101476.84663789115
2801,101515.96189494434
2802,101515.96189494434
2803,101685.25942645234
2804,101851.84795873892
2805,101997.56989188743
2806,102106.54005607954
2807,102265.78393129488
2808,102394.39186920488
2809,102536.7500507662
2810,102536.7500507662
2811,102636.18153353095
2812,102775.47725461284
2813,102775.47725461284
2814,102860.62718460397
2815,102990.94120428473
2816,102990.94120428473
2817,103103.52608976616
2818,103201.9883351705
2819,103289.7683952643
2820,103375.26033724334
2821,103455.18871538992
2822,103455.18871538992
2823,103537.50197649728
2824,103619.38067369272
2825,103732.70400664482
2826,103806.04579992968
2827,103880.62110605944
2828,103946.70836645566
2829,104026.35756265468
2830,104026.35756265468
2831,104106.63506550406
2832,104106.63506550406
2833,104138.53126266626
2834,104184.87487500788
2835,104244.91074662947
2836,104244.91074662947
2837,104299.890978457
2838,104332.58204642791
2839,104361.76434952815
2840,104392.67044589017
2841,104437.51378756227
2842,104479.43057423929
2843,104519.54669006138
2844,104550.95691340313
2845,104591.13517760977
2846,104630.28271064529
2847,104670.17015973799
2848,104704.95762715412
2849,104704.95762715412
2850,104734.47047596038
2851,104734.47047596038
2852,104734.47047596038
2853,104752.97094633312
2854,104752.97094633312
2855,104752.97094633312
2856,104778.97527367076
2857,104810.18128533936
2858,104842.38015431733
2859,104842.38015431733
2860,104862.49698330431
2861,104862.49698330431
2862,104862.49698330431
2863,104942.98862656763
2864,105017.42993788265
2865,105152.67074573536
2866,105284.07250853544
2867,105408.10576365382
2868,105408.10576365382
2869,105427.90497773593
2870,105427.90497773593
2871,105427.90497773593
2872,105427.90497773593
2873,105553.7730572262
2874,105554.77347743706
2875,105554.77347743706
2876,105678.50195674566
2877,105794.63933487055
2878,105903.5399358489
2879,106010.9956748345
2880,106010.9956748345
2881,106112.02826954967
2882,106119.87472162014
2883,106214.29913093704
2884,106298.3479343989
2885,106373.8011206234
2886,106437.23402131903
2887,106503.18143456247
2888,106541.57034678507
2889,106589.64933486523
2890,106633.44084245282
2891,106633.44084245282
2892,106677.0184308414
2893,106677.0184308414
2894,106677.0184308414
2895,106779.9310970338
2896,106915.22320716409
2897,107020.56991665899
2898,107141.17306637691
2899,107274.19876670244
2900,107375.97768783044
2901,107501.36548547645
2902,107602.58078424967
2903,107693.6053364874
2904,107799.80583260137
2905,107889.42037627062
2906,107968.4251711823
2907,108059.61758309972
2908,108137.58630862129
2909,108212.41870599354
2910,108287.41093876446
2911,108342.84529252692
2912,108415.29867045084
2913,108460.53289181752
2914,108532.72830735071
2915,108590.2195797143
2916,108590.2195797143
2917,108636.67105857986
2918,108701.72147894063
2919,108738.13916212344
2920,108783.96174221335
2921,108825.3385434214
2922,108864.15338868707
2923,108864.15338868707
2924,108864.15338868707
2925,108897.06336679806
2926,108928.20312478907
2927,108928.20312478907
2928,108959.41101876725
2929,108977.72696469144
2930,108977.72696469144
2931,108990.78425696556
2932,109020.37722984003
2933,109042.66256806091
2934,109057.4156348987
2935,109057.4156348987
2936,109057.4156348987
2937,109061.58065003855
2938,109061.58065003855
2939,109233.68244507536
2940,109395.32556786045
2941,109506.87913199476
2942,109627.05504230964
2943,109783.06235427293
2944,109933.58895853806
2945,109933.58895853806
2946,109969.79108209217
2947,110116.15615338818
2948,110257.12327954831
2949,110328.95313069683
2950,110457.59587296112
2951,110457.59587296112
2952,110572.4223901826
2953,110572.4223901826
2954,110685.40740313835
2955,110796.58095606673
2956,110904.57639596809
2957,110904.57639596809
2958,111010.92541726228
2959,111010.92541726228
2960,111010.92541726228
2961,111010.92541726228
2962,111109.62135964814
2963,111109.62135964814
2964,111109.62135964814
2965,111109.62135964814
2966,111188.9612261763
2967,111188.9612261763
2968,111202.232807725
2969,111296.94458726644
2970,111387.65580933812
2971,111474.75084671732
2972,111474.75084671732
2973,111474.75084671732
2974,111549.47239957048
2975,111549.47239957048
2976,111622.6562830916
2977,111622.6562830916
2978,111622.6562830916
2979,111686.78593015925
2980,111686.78593015925
2981,111733.3483982409
2982,111733.3483982409
2983,111733.3483982409
2984,111862.4097841974
2985,112003.24100407191
2986,112112.39653989795
2987,112241.91980373701
2988,112241.91980373701
2989,112361.54040535532
2990,112468.5389323998
2991,112528.23882727277
2992,112637.31353436223
2993,112637.31353436223
2994,112744.34606513935
2995,112840.62482339989
2996,112874.72647568128
2997,112966.94545022408
2998,112966.94545022408
2999,113006.51753761346
3000,113042.2340794699
3001,113129.9920776383
3002,113144.46883917556
3003,113159.94153963475
3004,113159.94153963475
3005,113238.21091432488
3006,113238.21091432488
3007,113272.01382351376
3008,113329.71025010635
3009,113329.71025010635
3010,113353.0488666016
3011,113353.0488666016
3012,113364.67073957762
3013,113377.10130809719
3014,113377.10130809719
3015,113542.47158674775
3016,113542.47158674775
3017,113654.77392188483
3018,113809.41882186156
3019,113902.97739766676
3020,114054.99086790544
3021,114134.40708033473
3022,114276.76131478374
3023,114403.69358894596
3024,114532.2878850867
3025,114625.4089022993
3026,114625.4089022993
3027,114740.55470904167
3028,114831.67197083414
3029,114831.67197083414
3030,114893.47773929525
3031,114969.47685774413
3032,115002.33349995472
3033,115002.33349995472
3034,115002.33349995472
3035,115054.98790383936
3036,115069.04250266329
3037,115069.04250266329
3038,115069.04250266329
3039,115174.67940373368
3040,115174.67940373368
3041,115266.22751539246
3042,115351.43647066709
3043,115505.89308693701
3044,115505.89308693701
3045,115660.04545672768
3046,115769.62249000337
3047,115923.68286574435
3048,116021.67972503025
3049,116165.85359920826
3050,116300.9991117859
3051,116408.22579730111
3052,116520.78501072015
3053,116520.78501072015
3054,116628.25615682182
3055,116709.93961320863
3056,116827.71757329263
3057,116827.71757329263
3058,116891.90252459043
3059,116949.05498499017
3060,116979.461634897
3061,116979.461634897
3062,116979.461634897
3063,117062.80889410737
3064,117192.14499033845
3065,117321.56040072878
3066,117462.35760346822
3067,117571.50061415063
3068,117571.50061415063
3069,117658.88091925622
3070,117715.94291779365
3071,117797.13121674204
3072,117797.13121674204
3073,117848.13397495635
3074,117864.95504459053
3075,117895.74653111548
3076,117895.74653111548
3077,117895.74653111548
3078,117911.0927289526
3079,117911.0927289526
3080,117914.7217248915
3081,117914.7217248915
3082,117914.7217248915
3083,117914.7217248915
3084,117914.7217248915
3085,117914.7217248915
3086,117997.946872729
3087,117997.946872729
3088,118052.39306124073
3089,118121.99085681954
3090,118164.50146518243
3091,118164.50146518243
3092,118200.02744141023
3093,118240.63743107252
3094,118295.52962667326
3095,118306.62992925028
3096,118347.30546050673
3097,118352.69784175519
3098,118357.58761624848
3099,118357.58761624848
3100,118357.58761624848
3101,118357.58761624848
3102,118357.58761624848
3103,118357.58761624848
3104,118357.58761624848
3105,118426.15460250003
3106,118457.50737454425
3107,118490.16576636124
3108,118490.16576636124
3109,118514.06827912161
3110,118528.94049885496
3111,118538.84552918783
3112,118538.84552918783
3113,118538.84552918783
3114,118538.84552918783
3115,118574.19224150224
3116,118634.46336987677
3117,118695.04691577535
3118,118695.04691577535
3119,118750.15169105116
3120,118750.15169105116
3121,118768.43332513823
3122,118791.64342558087
3123,118840.25072473068
3124,118840.25072473068
3125,118850.21816628896
3126,118851.88840959799
3127,118851.88840959799
3128,118851.88840959799
3129,118872.45733915601
3130,118872.45733915601
3131,118872.45733915601
3132,118872.45733915601
3133,118900.39754442553
3134,118926.16342183625
3135,118964.84100331404
3136,118964.84100331404
3137,119002.91752141074
3138,119002.91752141074
3139,119017.61150270025
3140,119017.61150270025
3141,119017.61150270025
3142,119046.97384825921
3143,119079.77678055748
3144,119079.77678055748
3145,119079.77678055748
3146,119102.65426636602
3147,119118.6284415499
3148,119129.09326828971
3149,119129.09326828971
3150,119129.09326828971
3151,119131.92664150876
3152,119134.35676151294
3153,119134.35676151294
3154,119134.35676151294
3155,119134.35676151294
3156,119134.35676151294
3157,119134.35676151294
3158,119163.51861936807
3159,119163.51861936807
3160,119210.14606781273
3161,119244.60847645602
3162,119244.60847645602
3163,119262.7002090441
3164,119262.7002090441
3165,119262.7002090441
3166,119262.7002090441
3167,119270.12729927378
3168,119270.12729927378
3169,119270.12729927378
3170,119270.12729927378
3171,119270.12729927378
3172,119270.12729927378
3173,119270.12729927378
3174,119270.12729927378
3175,119270.12729927378
3176,119311.62767884614
3177,119311.62767884614
3178,119353.12433079291
3179,119382.24048087151
3180,119382.24048087151
3181,119394.36551585629
3182,119394.36551585629
3183,119394.36551585629
3184,119394.36551585629
3185,119427.15571370558
3186,119463.54720299563
3187,119486.73281827212
3188,119502.32736386826
3189,119502.32736386826
3190,119512.41532050262
3191,119512.41532050262
3192,119523.17895315445
3193,119525.02192302459
3194,119527.489134706
3195,119531.46936616296
3196,119531.46936616296
3197,119538.88426870102
3198,119538.88426870102
3199,119542.9160100377
3200,119542.9160100377
3201,119542.9160100377
3202,119542.9160100377
3203,119542.9160100377
3204,119565.30642431146
3205,119565.30642431146
3206,119565.30642431146
3207,119565.30642431146
3208,119566.74858407756
3209,119566.74858407756
3210,119566.74858407756
3211,119566.74858407756
3212,119573.10530253252
3213,119580.59722576762
3214,119594.68263332716
3215,119594.68263332716
3216,119606.08581147162
3217,119614.9200049655
3218,119614.9200049655
3219,119614.9200049655
3220,119614.9200049655
3221,119614.9200049655
3222,119614.9200049655
3223,119667.25030618647
3224,119690.49359820614
3225,119739.943013081
3226,119744.89027706803
3227,119744.89027706803
3228,119744.89027706803
3229,119744.89027706803
3230,119744.89027706803
3231,119744.89027706803
3232,119745.12320315924
3233,119754.55980051428
3234,119754.55980051428
3235,119768.07720043964
3236,119769.30737425621
3237,119782.35632137823
3238,119786.3456861026
3239,119789.4991386324
3240,119796.28322144115
3241,119796.28322144115
3242,119800.93150993926
3243,119804.76516431867
3244,119804.76516431867
3245,119804.76516431867
3246,119804.76516431867
3247,119804.76516431867
3248,119804.76516431867
3249,119860.90699595965
3250,119860.90699595965
3251,119882.58634805903
3252,119916.24160752012
3253,119944.43808631827
3254,119944.43808631827
3255,119944.43808631827
3256,119955.11738580142
3257,119955.11738580142
3258,119958.67756886318
3259,119999.71744869168
3260,120033.9797168833
3261,120033.9797168833
3262,120056.08621425756
3263,120075.51056014096
3264,120105.22534233055
3265,120117.45735194508
3266,120117.45735194508
3267,120133.52700498574
3268,120133.52700498574
3269,120133.52700498574
3270,120150.19393224048
3271,120150.19393224048
3272,120173.35365456805
3273,120173.35365456805
3274,120173.35365456805
3275,120173.35365456805
3276,120191.9458849751
3277,120195.83091814218
3278,120195.83091814218
3279,120247.10508002683
3280,120271.32398650753
3281,120271.32398650753
3282,120300.93143315753
3283,120314.45452891613
3284,120314.45452891613
3285,120314.45452891613
3286,120314.45452891613
3287,120325.91347686722
3288,120325.91347686722
3289,120325.91347686722
3290,120325.91347686722
3291,120325.91347686722
3292,120325.91347686722
3293,120325.91347686722
3294,120326.38640699099
3295,120326.38640699099
3296,120326.38640699099
3297,120360.30599693439
3298,120393.57917182335
3299,120393.57917182335
3300,120416.56366209702
3301,120416.56366209702
3302,120416.56366209702
3303,120416.56366209702
3304,120416.56366209702
3305,120447.92927030796
3306,120459.48196747657
3307,120474.66070284136
3308,120474.66070284136
3309,120474.66070284136
3310,120474.66070284136
3311,120474.66070284136
3312,120474.66070284136
3313,120474.66070284136
3314,120503.3301345619
3315,120537.71222979887
3316,120537.71222979887
3317,120537.71222979887
3318,120537.71222979887
3319,120537.71222979887
3320,120537.71222979887
3321,120537.71222979887
3322,120537.71222979887
3323,120569.56911094702
3324,120569.56911094702
3325,120602.19080091594
3326,120602.19080091594
3327,120602.19080091594
3328,120614.94670496017
3329,120614.94670496017
3330,120614.94670496017
3331,120614.94670496017
3332,120614.94670496017
3333,120614.94670496017
3334,120628.43156570774
3335,120628.43156570774
3336,120650.57603225159
3337,120650.57603225159
3338,120650.57603225159
3339,120650.57603225159
3340,120650.57603225159
3341,120650.57603225159
3342,120650.57603225159
3343,120650.57603225159
3344,120650.57603225159
3345,120650.57603225159
3346,120658.92192615228
3347,120658.92192615228
3348,120658.92192615228
3349,120658.92192615228
3350,120658.92192615228
3351,120658.92192615228
3352,120658.92192615228
3353,120658.92192615228
3354,120693.49814125351
3355,120708.65260965585
3356,120708.65260965585
3357,120730.19537862307
3358,120753.90618564923
3359,120753.90618564923
3360,120757.55599985764
3361,120757.55599985764
3362,120757.55599985764
3363,120757.55599985764
3364,120764.40813729883
3365,120764.40813729883
3366,120764.40813729883
3367,120764.40813729883
3368,120764.40813729883
3369,120764.40813729883
3370,120764.40813729883
3371,120764.40813729883
3372,120789.92655707574
3373,120789.92655707574
3374,120789.92655707574
3375,120815.25785714117
3376,120825.96702870504
3377,120826.6894311633
3378,120826.6894311633
3379,120828.34133309044
3380,120828.34133309044
3381,120828.34133309044
3382,120828.34133309044
3383,120828.34133309044
3384,120869.0655179284
3385,120869.0655179284
3386,120891.04365712043
3387,120914.81538659321
3388,120914.81538659321
3389,120914.81538659321
3390,120914.81538659321
3391,120916.9366124211
3392,120916.9366124211
3393,120916.9366124211
3394,120916.9366124211
3395,120916.9366124211
3396,120933.19329554621
3397,120933.19329554621
3398,120938.01449960069
3399,120938.01449960069
3400,120938.01449960069
3401,120938.01449960069
3402,120938.01449960069
3403,120955.54416711208
3404,120955.54416711208
3405,120955.54416711208
3406,120967.40974733612
3407,120973.06683168058
3408,120973.06683168058
3409,120973.06683168058
3410,120973.06683168058
3411,120973.06683168058
3412,120973.06683168058
3413,120973.06683168058
3414,120991.73650335186
3415,121010.07909160804
3416,121023.28582888
3417,121023.28582888
3418,121023.28582888
3419,121023.28582888
3420,121023.28582888
3421,121023.28582888
3422,121023.28582888
3423,121023.28582888
3424,121023.28582888
3425,121042.74374192658
3426,121044.09053103582
3427,121044.09053103582
3428,121044.09053103582
3429,121044.09053103582
3430,121044.09053103582
3431,121044.09053103582
3432,121045.20772262667
3433,121045.20772262667
3434,121057.28562328237
3435,121073.36170872512
3436,121090.54615117933
3437,121104.69987662308
3438,121105.6674158096
3439,121112.35434818757
3440,121112.35434818757
3441,121113.06615333422
3442,121113.06615333422
3443,121113.06615333422
3444,121113.06615333422
3445,121113.06615333422
3446,121113.06615333422
3447,121113.06615333422
3448,121113.06615333422
3449,121113.06615333422
3450,121113.06615333422
3451,121130.76741778027
3452,121156.42541228174
3453,121180.82803386045
3454,121180.82803386045
3455,121180.82803386045
3456,121180.82803386045
3457,121180.82803386045
3458,121180.82803386045
3459,121180.82803386045
3460,121250.97448730667
3461,121302.59226646685
3462,121302.59226646685
3463,121302.59226646685
3464,121319.27340446261
3465,121328.80196376638
3466,121328.80196376638
3467,121328.80196376638
3468,121328.80196376638
3469,121328.80196376638
3470,121345.38469414784
3471,121345.38469414784
3472,121349.56434597773
3473,121349.56434597773
3474,121349.56434597773
3475,121349.56434597773
3476,121349.56434597773
3477,121349.56434597773
3478,121349.56434597773
3479,121349.56434597773
3480,121356.4117715519
3481,121356.4117715519
3482,121367.38985464352
3483,121367.93792601202
3484,121367.93792601202
3485,121367.93792601202
3486,121367.93792601202
3487,121367.93792601202
3488,121367.93792601202
3489,121367.93792601202
3490,121367.93792601202
3491,121367.93792601202
3492,121389.4753393942
3493,121402.35686743444
3494,121409.70112317946
3495,121409.70112317946
3496,121418.89793066475
3497,121418.89793066475
3498,121418.89793066475
3499,121418.89793066475
3500,121418.89793066475
3501,121418.89793066475
3502,121418.89793066475
3503,121418.89793066475
3504,121418.89793066475
3505,121418.89793066475
3506,121445.94401912965
3507,121449.53892224698
3508,121469.28041925961
3509,121469.28041925961
3510,121469.28041925961
3511,121469.28041925961
3512,121469.28041925961
3513,121469.28041925961
3514,121469.28041925961
3515,121469.28041925961
3516,121469.28041925961
3517,121533.56866199312
3518,121582.58174340954
3519,121609.85932973566
3520,121658.83635815607
3521,121672.62315431696
3522,121672.62315431696
3523,121672.62315431696
3524,121672.62315431696
3525,121672.62315431696
3526,121672.62315431696
3527,121683.2378652176
3528,121683.2378652176
3529,121689.81930287223
3530,121689.81930287223
3531,121689.81930287223
3532,121689.81930287223
3533,121689.81930287223
3534,121689.81930287223
3535,121689.81930287223
3536,121689.81930287223
3537,121718.00473353772
3538,121724.8109181889
3539,121724.8109181889
3540,121746.26982537785
3541,121746.26982537785
3542,121746.26982537785
3543,121746.26982537785
3544,121746.26982537785
3545,121746.26982537785
3546,121746.26982537785
3547,121746.26982537785
3548,121752.0013298235
3549,121752.0013298235
3550,121773.43301356684
3551,121774.70605949993
3552,121774.70605949993
3553,121775.61856357378
3554,121775.61856357378
3555,121775.61856357378
3556,121775.61856357378
3557,121775.61856357378
3558,121815.74794014146
3559,121815.74794014146
3560,121815.74794014146
3561,121815.74794014146
3562,121816.65003946751
3563,121816.65003946751
3564,121816.65003946751
3565,121816.65003946751
3566,121816.65003946751
3567,121816.65003946751
3568,121816.65003946751
3569,121816.65003946751
3570,121816.65003946751
3571,121816.65003946751
3572,121816.65003946751
3573,121816.65003946751
3574,121816.65003946751
3575,121821.32085123012
3576,121821.32085123012
3577,121821.32085123012
3578,121821.32085123012
3579,121821.32085123012
3580,121821.32085123012
3581,121821.32085123012
3582,121821.32085123012
3583,121821.32085123012
3584,121821.32085123012
3585,121821.32085123012
3586,121821.32085123012
3587,121821.32085123012
3588,121829.3579209278
3589,121836.28336838508
3590,121836.28336838508
3591,121836.28336838508
3592,121836.28336838508
3593,121836.28336838508
3594,121837.07324401825
3595,121837.07324401825
3596,121837.07324401825
3597,121837.07324401825
3598,121837.07324401825
