Time,Global accumulated Delay
0,0.0
1,0.0
2,0.0
3,0.0
4,0.0
5,0.0
6,0.0
7,0.0
8,0.0
9,0.0
10,0.0
11,0.0
12,0.0
13,0.0
14,0.0
15,0.0
16,0.03302335116744112
17,0.2868570611609186
18,0.9106144286330374
19,1.8906089072804462
20,3.2054086569492677
21,4.922068031593431
22,7.12598269903569
23,9.674464250305617
24,12.456238086923904
25,15.438872834589858
26,18.699356233503153
27,22.17995751058826
28,25.848499346933547
29,29.67727202915074
30,33.6600991755083
31,37.86044979649151
32,42.198325389629574
33,46.82635550318034
34,51.87021344410087
35,56.917258951122
36,62.39210695270498
37,68.12808883890285
38,74.03393249642343
39,80.02708838931864
40,86.22376904722552
41,92.6469111381849
42,99.257226900216
43,106.03253835054974
44,112.96818360230722
45,119.97861788218896
46,126.12418023735711
47,132.3614540011249
48,138.54225745927602
49,145.08406349493595
50,152.09550829314253
51,159.48147388637122
52,167.16831414640674
53,175.20154362556013
54,183.67886942810387
55,192.34276976220775
56,200.75422402008087
57,208.6939236656741
58,215.4705367869287
59,221.99633569473096
60,228.38733003812848
61,234.46318872793853
62,240.14208088469832
63,245.44220781771904
64,250.586542366365
65,255.90663979416297
66,261.33471481597826
67,266.68305232779716
68,271.73207859589957
69,276.70208965093667
70,281.6170422498842
71,286.544214980955
72,291.5207554673644
73,296.7993387013933
74,302.3205678397002
75,308.04053973908754
76,313.9163918578942
77,319.8809447212886
78,325.876517244849
79,331.91106906175196
80,337.9897498962108
81,344.0130152339947
82,349.9971834191679
83,355.6045007851333
84,361.2936854775261
85,367.04340998198194
86,372.51853745696224
87,377.9597677082484
88,383.07557792267977
89,388.15823286254937
90,393.29521015933045
91,398.5168361655178
92,403.9464531391192
93,409.49321695838023
94,414.8739064365152
95,420.71216183407176
96,426.7202428268669
97,432.9511341784077
98,440.0234565991858
99,447.89869877396364
100,456.26891221685366
101,464.9858305921924
102,474.0288826348713
103,483.53993087565686
104,493.1431093559525
105,502.6562120806659
106,512.1538923641687
107,521.6450813157677
108,531.1174934813479
109,540.7060443559382
110,550.0273292246155
111,559.4938369581764
112,569.1980225460402
113,579.069148985169
114,589.0485323519031
115,598.9002979693422
116,608.337135681397
117,617.3219281819463
118,624.9727552201713
119,631.9068775866174
120,638.2524410984206
121,644.0186622545087
122,648.9011387388243
123,653.5681649480216
124,658.0650560883018
125,662.5371882540377
126,666.9714119269818
127,671.175983175243
128,675.1636526918603
129,679.0422773695296
130,682.6114304908687
131,686.468682382312
132,690.7748643277582
133,695.4017480185173
134,700.249107013531
135,705.1723164148407
136,710.1396173392963
137,715.1361262297258
138,720.1361262297258
139,725.0779481304664
140,729.9654215182555
141,734.6919362108811
142,738.9363428200269
143,743.3231797336883
144,747.7792708088044
145,751.9511031048097
146,756.0418227642721
147,760.1322994250551
148,764.1887437697168
149,768.2282347012899
150,772.2282347012899
151,776.1588484581348
152,780.0555651015309
153,784.2375325193232
154,788.3395483626601
155,792.9376982813109
156,798.4753710495735
157,805.1094553006042
158,812.3131210624738
159,820.0504504738625
160,828.452216326044
161,837.1950489988601
162,846.1518503189033
163,855.0672089147685
164,864.089500504955
165,873.377250931707
166,882.6420204709299
167,891.9244102853811
168,900.8554787379616
169,909.1089378475052
170,917.1321397777987
171,924.8942056271555
172,932.6936388026058
173,940.1975779699342
174,947.8852802798878
175,955.5561779431775
176,963.2645495627406
177,971.0992856761773
178,978.6971828106725
179,986.5141679426612
180,994.1306996366908
181,1002.180698473871
182,1010.5156873016748
183,1018.6686197433099
184,1026.8962341616864
185,1034.8300600806156
186,1042.169431495754
187,1048.569500917226
188,1053.4266953365507
189,1057.4329093778001
190,1060.9768967160628
191,1064.1083105713676
192,1067.0273223173697
193,1069.824723199867
194,1072.5240709449804
195,1075.3945895613795
196,1078.8951510473487
197,1083.0377869883148
198,1087.8112687513767
199,1093.1337328826642
200,1098.711717202263
201,1104.178141422796
202,1109.3821963744326
203,1114.1969301966462
204,1118.7317781996467
205,1122.9670184444128
206,1127.226869843777
207,1131.610861478238
208,1136.102058182729
209,1140.56113214424
210,1144.9690550349187
211,1149.6107060899026
212,1154.2735548362884
213,1158.801327681688
214,1163.1818921412598
215,1167.35981734658
216,1171.5029542562554
217,1175.5519921224993
218,1180.054286504964
219,1184.9761069362285
220,1190.4201581646964
221,1196.318688791721
222,1202.5554956438
223,1209.04819189838
224,1215.726079972513
225,1222.4927691613548
226,1229.3200372200029
227,1235.9883730247225
228,1243.021434730603
229,1250.5884523066945
230,1258.619408045397
231,1267.0295614014767
232,1275.7304895342618
233,1284.5995381902794
234,1293.5823984900026
235,1302.9517106307865
236,1312.6880142774842
237,1322.3350088460388
238,1331.4729332817649
239,1339.917243782117
240,1346.9861580406416
241,1353.5627316372752
242,1359.212940257114
243,1364.5844318221532
244,1369.7006246641092
245,1375.181007336836
246,1380.738406424676
247,1386.4988332380547
248,1392.764079531169
249,1399.4135358452202
250,1406.545291337595
251,1414.2923309219498
252,1422.4907144745662
253,1430.6069598231911
254,1438.9241733861575
255,1446.8881825761957
256,1454.5446261098607
257,1462.4087419073949
258,1470.6139557453437
259,1479.0859627535117
260,1487.7353382609833
261,1496.69766918299
262,1505.979557783383
263,1515.4958681389928
264,1525.185716888782
265,1534.803583030379
266,1544.1570410887462
267,1552.929444569389
268,1560.8868889610992
269,1567.8823192940615
270,1573.9551190336392
271,1579.1123316256771
272,1583.361157675778
273,1587.3043844807758
274,1590.8726722133094
275,1594.7422383960293
276,1598.9680859809741
277,1603.497334202966
278,1608.2644273653643
279,1613.2044373949582
280,1618.0799018855644
281,1622.6896384249535
282,1626.8635820063885
283,1629.729220133846
284,1632.4442416042702
285,1634.9212571859005
286,1637.3168484267662
287,1639.4019651334552
288,1641.5004252582833
289,1643.909638600599
290,1646.4888237704185
291,1649.2115852002069
292,1651.879402997446
293,1654.134453244525
294,1655.9538528011929
295,1657.3682004764541
296,1658.5279624834072
297,1659.6115134145539
298,1660.7951913202505
299,1662.2119477189408
300,1663.7762204938342
301,1665.713423889626
302,1668.0090624671109
303,1670.5937287172537
304,1673.3326315286706
305,1676.0407214433014
306,1678.6310586457894
307,1680.8609032405336
308,1683.3426550421766
309,1685.995010183338
310,1688.8015461841892
311,1691.7297554193306
312,1694.7290502261817
313,1697.726663067311
314,1700.726663067311
315,1703.726663067311
316,1706.7978485629978
317,1709.6781459428353
318,1712.2996615092839
319,1714.1823984616658
320,1715.9973297330962
321,1717.2240330587163
322,1718.5888579496582
323,1720.1571911062383
324,1722.0218217761467
325,1724.2333974634341
326,1726.7253928070234
327,1729.4369218807233
328,1732.4154299585525
329,1735.5585857799088
330,1738.799208617084
331,1742.1156028290027
332,1745.7268358769222
333,1749.8012355510866
334,1754.4218537544282
335,1759.5017763834694
336,1764.9718769584417
337,1770.8102546036682
338,1777.074673759137
339,1783.7710999861033
340,1790.6808145777545
341,1797.340821307215
342,1803.5052766538859
343,1808.3859709064438
344,1813.2172175504322
345,1817.8123886493825
346,1822.5894376087697
347,1827.7403158984014
348,1833.5667017901176
349,1840.0574455122562
350,1847.1107813488213
351,1854.620387263633
352,1862.3356319898555
353,1869.7790454547285
354,1876.7871000394957
355,1883.4790198279754
356,1890.078161924847
357,1896.3944551955121
358,1902.6246745606468
359,1909.1640520654444
360,1915.9484442254586
361,1923.1544422534384
362,1930.693089373444
363,1938.4912779847168
364,1946.3152862488091
365,1953.8572677484406
366,1961.0599466494682
367,1967.2346763506648
368,1973.469021187426
369,1979.5303738216735
370,1985.9707500728878
371,1992.57106291206
372,1999.4657196312364
373,2006.6144526527914
374,2014.119842928146
375,2021.81498359235
376,2029.774775998541
377,2038.2463378435993
378,2047.2880139547187
379,2056.8870085279586
380,2067.2489457545366
381,2078.4545980449548
382,2090.5201001465207
383,2103.7701204407626
384,2118.0178601506855
385,2132.703109745113
386,2148.1679955380678
387,2164.407451104242
388,2180.94631740576
389,2197.616052215002
390,2213.9713181827333
391,2229.799538233259
392,2245.1519756525117
393,2260.036866527989
394,2274.562303723777
395,2288.972981641552
396,2303.807530870551
397,2319.4783707944384
398,2335.5052076687784
399,2352.2629865142944
400,2369.9873387678604
401,2388.5660467095795
402,2407.9854292402056
403,2428.174330301108
404,2448.721617703664
405,2469.3727578090006
406,2489.980613117983
407,2509.741126505589
408,2529.053857430424
409,2547.613917667052
410,2565.166210473528
411,2581.283112408562
412,2596.525931800542
413,2610.953516361937
414,2625.0978027737283
415,2639.1732065090373
416,2653.4715000662873
417,2668.4440017162515
418,2684.118427853036
419,2700.430942564201
420,2717.3220752655952
421,2734.5369252414184
422,2751.881358540504
423,2769.482390434812
424,2787.7389299759243
425,2806.7125249184433
426,2826.1631098277444
427,2846.834508464853
428,2868.487923160093
429,2891.1322352379116
430,2914.5049581565695
431,2938.4230009062962
432,2962.7684169664035
433,2987.2742082711525
434,3011.8419301976187
435,3036.483308110789
436,3060.9682865020145
437,3084.2927173384696
438,3107.111650933309
439,3129.41656365625
440,3151.685688576783
441,3174.028435263938
442,3196.6934906255738
443,3219.8221867065267
444,3243.4183083305456
445,3267.805297836943
446,3293.109044193279
447,3318.812081525375
448,3344.9603074868896
449,3371.2001546434904
450,3397.776821202175
451,3424.6818633721923
452,3451.5086334995176
453,3477.95341449593
454,3503.3103649078266
455,3528.0055139882847
456,3551.3888196056546
457,3574.2663704075967
458,3596.5151712753673
459,3618.9641436039474
460,3641.2142291027876
461,3663.787669481966
462,3686.1694653319555
463,3708.9355458453792
464,3731.828388696979
465,3755.0533639756463
466,3778.6401793325062
467,3802.482274413617
468,3826.666367204381
469,3851.1551691890872
470,3875.6842043380097
471,3899.8387334677263
472,3923.4880421325784
473,3946.2551461596654
474,3968.0285122127448
475,3988.859282947302
476,4009.2964270229063
477,4029.2349363871194
478,4048.264621600081
479,4066.7198520173115
480,4084.7791723625396
481,4102.724285389737
482,4120.626713737711
483,4138.701311180939
484,4157.049325697603
485,4175.888157714829
486,4195.364332067954
487,4215.307671228845
488,4235.705330953307
489,4256.109660046078
490,4276.20579596071
491,4295.35383656813
492,4313.653275415443
493,4331.364430649421
494,4348.279286175787
495,4364.5363637224455
496,4380.351872506065
497,4396.052456471093
498,4411.572737171815
499,4426.823100761521
500,4442.079309127265
501,4458.119206979173
502,4475.257414716345
503,4493.800008705035
504,4513.309498865295
505,4533.110051474577
506,4552.569719721668
507,4570.646508450059
508,4587.69928298017
509,4603.6289267793945
510,4619.197126568902
511,4634.69180435498
512,4649.960135350318
513,4665.301098512568
514,4680.8852735380515
515,4696.6908901846555
516,4712.298636466461
517,4727.40009762744
518,4741.560162450338
519,4754.673709756674
520,4767.295962020298
521,4779.53137511008
522,4791.398177981581
523,4803.538188449222
524,4816.490776852453
525,4830.539817529739
526,4845.235016111778
527,4861.3146658188625
528,4878.461434821724
529,4896.086504644143
530,4913.743693512138
531,4930.546164527696
532,4946.761568972243
533,4962.588315331254
534,4978.037589272691
535,4993.226017682677
536,5008.293864799284
537,5023.022020586005
538,5037.597561706289
539,5051.92865624604
540,5066.000556595302
541,5080.248141994964
542,5095.014330541303
543,5110.287464815625
544,5125.897788386294
545,5141.919240544374
546,5157.965522553859
547,5173.710683599945
548,5189.276538905658
549,5204.399222077413
550,5218.986130575264
551,5232.744125766718
552,5246.2619976380975
553,5259.639037145417
554,5272.866444403051
555,5285.994007289266
556,5299.297423072928
557,5312.3493071751
558,5325.406783116101
559,5338.571405901804
560,5352.115480571323
561,5366.258521165036
562,5381.215349099664
563,5396.62399039189
564,5412.107845045782
565,5426.708788736076
566,5440.961559530754
567,5454.924001959728
568,5468.919110800262
569,5482.994228358075
570,5497.394738324476
571,5512.601238328244
572,5528.7158710707345
573,5545.75464953522
574,5563.432801685776
575,5581.337096316357
576,5599.541714516477
577,5618.189846739927
578,5637.133358062736
579,5656.211104393556
580,5675.363802597428
581,5693.683570331945
582,5712.194891151605
583,5730.470549581271
584,5748.40159513353
585,5765.98059190256
586,5783.020329562605
587,5799.59480239107
588,5815.951719624934
589,5831.704862847363
590,5847.860708806559
591,5864.007673723694
592,5880.52136509978
593,5897.527754205736
594,5915.046871912153
595,5933.161794875614
596,5952.113505961788
597,5972.400284569558
598,5993.131297028443
599,6014.680293864278
600,6036.739281324295
601,6058.832763598384
602,6080.832770167835
603,6102.536488170681
604,6123.721262012965
605,6144.447456851889
606,6164.512677149392
607,6183.763621615134
608,6201.930256316697
609,6219.377980300042
610,6236.841756015487
611,6254.363444369464
612,6272.213508078809
613,6290.803917049209
614,6310.039719084092
615,6330.102073647369
616,6350.6081662021115
617,6371.398775272547
618,6392.553776328915
619,6413.408294883693
620,6433.953052487806
621,6453.823972254689
622,6473.262893212567
623,6492.313772750676
624,6510.726702020095
625,6528.718927531013
626,6546.9103317301615
627,6565.031453499432
628,6583.189364229302
629,6600.892653508199
630,6618.352992139817
631,6635.5789846151565
632,6652.817446485772
633,6670.2213088616545
634,6687.962456946979
635,6705.966297616889
636,6724.219093121691
637,6742.441768926358
638,6760.387063478159
639,6777.6648080736495
640,6794.094322727539
641,6810.460914210964
642,6826.47425965216
643,6842.521057609192
644,6858.842161085246
645,6874.929643812795
646,6891.486660167617
647,6908.722216300526
648,6926.663995105262
649,6945.017893191871
650,6963.550338670384
651,6981.839891182391
652,7000.477862751441
653,7019.599475558808
654,7039.732325168869
655,7061.177407435423
656,7083.602746211803
657,7106.387350651585
658,7128.684775193625
659,7150.613280276681
660,7171.859719271666
661,7192.926321146828
662,7213.185932013782
663,7233.327206752438
664,7253.526676616397
665,7274.2048243188765
666,7294.834053164488
667,7315.769245868059
668,7336.624343975507
669,7357.861805281771
670,7379.558987697044
671,7401.725565884444
672,7424.09859331089
673,7447.198197226063
674,7470.36614474342
675,7493.926235898419
676,7517.756979510533
677,7541.376348860289
678,7564.622363516293
679,7587.265855587856
680,7608.948418536884
681,7629.983575640525
682,7649.719957594404
683,7668.892451980628
684,7687.556003765016
685,7705.839749947355
686,7723.933262487601
687,7742.123537239286
688,7760.8430089948315
689,7780.5982757924
690,7801.11551785197
691,7822.544274873327
692,7844.947230249626
693,7867.939418939243
694,7890.85006986057
695,7912.711765491434
696,7933.154541920624
697,7952.265862220157
698,7969.748176949534
699,7985.968756259759
700,8001.927438478401
701,8017.1533138477325
702,8032.060187242858
703,8046.377104963795
704,8060.123858325989
705,8073.55655026626
706,8086.611698398608
707,8099.593961730248
708,8112.919071932899
709,8126.303870313871
710,8140.419211384028
711,8154.834534184771
712,8169.499959719272
713,8184.472557420998
714,8199.910869785786
715,8215.219387257064
716,8230.64225655806
717,8245.91236403965
718,8260.970788575265
719,8275.09752230144
720,8288.083550501127
721,8300.421883777046
722,8311.615621627268
723,8322.525203718758
724,8332.878480299307
725,8343.150540537232
726,8353.442605459073
727,8363.819884302316
728,8374.468465316444
729,8385.383605737918
730,8396.421699570197
731,8408.194437220369
732,8420.577525604238
733,8433.585154998656
734,8447.246750631813
735,8461.580853263042
736,8475.91514614563
737,8490.475173921082
738,8504.92766039242
739,8519.173087108815
740,8533.550355183921
741,8547.368756316455
742,8561.90414875789
743,8576.43539611118
744,8591.59366266942
745,8607.220602031757
746,8623.601218371708
747,8641.075402656648
748,8659.112784959925
749,8677.451540613181
750,8696.413862456558
751,8716.202142398315
752,8736.353882746382
753,8756.717398597635
754,8777.09174495956
755,8797.333685106947
756,8817.492454546851
757,8837.310305469957
758,8857.158592745236
759,8877.202073915689
760,8897.862211024845
761,8918.647672765328
762,8940.341178948769
763,8962.454737048902
764,8984.93133423987
765,9008.236069585666
766,9032.126989390856
767,9056.689491107063
768,9081.940370424025
769,9107.584646162733
770,9134.413513175256
771,9162.247122615172
772,9191.265826612638
773,9221.482771212894
774,9252.581422563017
775,9283.851061279707
776,9315.26494763991
777,9346.342365709377
778,9377.017650409218
779,9407.771255325733
780,9438.183532425102
781,9468.605944344064
782,9498.930586241919
783,9530.396257804006
784,9562.758244229493
785,9596.530654976743
786,9630.905097319395
787,9666.146097986522
788,9702.108616811283
789,9738.625047102601
790,9775.769393425335
791,9813.48620441988
792,9851.691528045007
793,9890.91313566084
794,9930.62929827334
795,9970.525332337373
796,10009.98974988533
797,10048.770540242938
798,10087.107728579002
799,10125.03657591509
800,10162.43455012592
801,10199.321673126286
802,10236.061234168843
803,10272.164797035095
804,10307.77842080311
805,10343.186005143345
806,10378.585770163794
807,10414.460117365437
808,10450.5558195279
809,10486.763510099077
810,10523.20249586388
811,10559.149030620441
812,10594.407827568584
813,10630.225639385171
814,10666.005043163552
815,10702.155899698526
816,10738.882122147836
817,10776.038428596941
818,10814.154981145883
819,10853.028351058998
820,10892.837651467942
821,10933.404884944352
822,10975.321757047002
823,11017.577897563373
824,11059.941039199499
825,11102.27512348091
826,11143.80432594534
827,11185.499281260076
828,11226.700391296103
829,11267.459918623286
830,11307.056515316894
831,11346.686817496866
832,11386.369761170727
833,11426.29020100435
834,11466.721775939495
835,11507.53821231855
836,11548.767417309791
837,11590.273809045322
838,11631.970680706734
839,11673.893959204615
840,11715.950982949078
841,11758.096616896599
842,11800.201212431191
843,11842.338368416004
844,11884.626069890852
845,11926.977272929473
846,11969.62447498252
847,12011.702493513063
848,12053.4050472115
849,12094.37425594578
850,12134.688332102083
851,12174.379844674826
852,12213.939681976455
853,12252.957523777795
854,12291.598553144919
855,12329.901256021425
856,12367.705639114836
857,12405.171046462767
858,12442.427423340245
859,12479.777604403931
860,12517.459468163754
861,12555.756854311667
862,12595.009079970601
863,12635.374787936227
864,12676.817814884838
865,12719.075824106501
866,12762.507869581943
867,12806.485581167875
868,12850.986614360198
869,12895.594329352658
870,12941.682549449702
871,12989.356120526005
872,13038.348687818183
873,13088.11319521097
874,13137.93551751027
875,13187.299890548311
876,13236.754859719682
877,13286.187757379228
878,13335.955836584066
879,13385.71771102223
880,13435.606341798926
881,13484.964712744986
882,13533.94774456861
883,13582.654729262365
884,13631.203495966387
885,13679.42562149414
886,13727.622281954558
887,13775.73345572674
888,13824.17996901065
889,13873.222278774718
890,13922.73234908682
891,13973.220537489848
892,14024.492676949847
893,14076.607764666263
894,14129.476638388329
895,14183.014006973346
896,14237.210791070429
897,14291.71850784284
898,14347.038409752693
899,14402.768666526645
900,14458.976777553558
901,14515.199425897661
902,14570.085948326558
903,14624.639141659736
904,14679.224637907475
905,14734.040813234582
906,14789.183808523812
907,14844.756974017691
908,14900.796614391278
909,14957.503825379148
910,15014.01800269117
911,15069.806789011474
912,15124.929952075743
913,15178.535098282366
914,15231.526104893988
915,15284.029887816088
916,15336.627904664267
917,15389.614089775097
918,15443.040389407706
919,15497.071351971399
920,15551.885869087568
921,15607.776616666986
922,15664.531556826641
923,15722.10245521791
924,15780.511943945956
925,15839.35154796458
926,15898.100005853505
927,15956.615237747172
928,16014.898185620246
929,16073.692831254706
930,16132.41086855576
931,16191.58861248305
932,16251.13058716069
933,16310.91184779771
934,16371.193455218541
935,16431.484666639724
936,16491.875604894158
937,16551.158621043138
938,16609.36827465804
939,16666.79272328822
940,16724.27229949844
941,16781.87912558731
942,16839.310904423357
943,16897.136296674093
944,16954.919048847794
945,17012.99460447978
946,17071.88778845536
947,17131.92632180503
948,17192.76955916813
949,17254.919606168496
950,17317.98867300924
951,17382.527298081626
952,17448.267624717973
953,17514.743551411313
954,17581.961126722214
955,17649.44901265481
956,17718.239760326112
957,17788.649401982588
958,17860.523271180515
959,17933.095094961835
960,18006.016035737975
961,18079.506657875023
962,18153.166469953125
963,18226.119687287
964,18297.996225856856
965,18368.400698671016
966,18437.47160565064
967,18505.302580666237
968,18572.43542475083
969,18639.193791985857
970,18705.980078286277
971,18772.876953794406
972,18840.51782458971
973,18907.98358070892
974,18974.41005550009
975,19040.648900155324
976,19106.84440244842
977,19172.54112647101
978,19238.01672014961
979,19303.805840228073
980,19370.607085567906
981,19438.35086666725
982,19507.7753050087
983,19578.64450974448
984,19650.50827725397
985,19723.306724642352
986,19797.735063918088
987,19873.697417351443
988,19951.129159861714
989,20029.75680758293
990,20108.9226128389
991,20188.56372314445
992,20268.290876703275
993,20347.429833234397
994,20425.684789986553
995,20503.075864610208
996,20579.012387529663
997,20654.312256040015
998,20729.206964959692
999,20803.682443623045
1000,20877.251995670955
1001,20950.003426561172
1002,21021.270443701997
1003,21091.77335840376
1004,21161.712887630576
1005,21232.058058624076
1006,21301.55979316482
1007,21370.715505727127
1008,21439.64770617084
1009,21507.534601704632
1010,21574.44537892185
1011,21641.01032713797
1012,21707.216974520074
1013,21772.719792577554
1014,21837.66115592667
1015,21902.061560367758
1016,21966.465223754727
1017,22030.796941869976
1018,22095.842028549116
1019,22161.26182871047
1020,22226.858410334564
1021,22292.96188733407
1022,22358.96983009104
1023,22425.001453718447
1024,22491.516280074567
1025,22558.685223900116
1026,22626.115608019805
1027,22694.62481368465
1028,22763.842788325524
1029,22833.6625798573
1030,22904.003684921845
1031,22974.563872719224
1032,23044.878633191754
1033,23115.034397871244
1034,23185.337566832146
1035,23255.35954189989
1036,23325.939570590297
1037,23397.39861769532
1038,23469.88014767134
1039,23543.389418539973
1040,23617.99893197218
1041,23693.823091144575
1042,23770.76837342624
1043,23848.28617991162
1044,23925.992121682757
1045,24003.978270528525
1046,24082.68116578905
1047,24161.469192888602
1048,24240.492017181918
1049,24320.060596231062
1050,24400.556179066298
1051,24482.403473917002
1052,24565.35835112885
1053,24649.7699698343
1054,24734.775465558683
1055,24820.2452509767
1056,24905.998027406054
1057,24992.259989060334
1058,25079.23200327408
1059,25166.629007359625
1060,25253.631917659837
1061,25340.22198861103
1062,25425.53011704438
1063,25510.291103926535
1064,25593.73621211387
1065,25677.138316012784
1066,25758.9326194755
1067,25839.82006243614
1068,25919.213688412205
1069,25996.905768583645
1070,26073.269812598137
1071,26148.657454623477
1072,26222.392117995445
1073,26294.493358483385
1074,26365.396412554044
1075,26435.135812780703
1076,26504.717552048813
1077,26573.904843355576
1078,26643.998881379805
1079,26714.374019531766
1080,26784.63967562246
1081,26854.719682438026
1082,26924.455006242704
1083,26994.163349908482
1084,27064.36333518298
1085,27134.504320999607
1086,27204.935003183975
1087,27276.251863047466
1088,27348.34278015926
1089,27421.700813291216
1090,27496.541327446248
1091,27572.34860998289
1092,27650.660048402773
1093,27729.910434791884
1094,27809.547123420958
1095,27888.47246412381
1096,27966.830916308067
1097,28043.79327947165
1098,28120.40418784767
1099,28197.26348045237
1100,28274.38962254825
1101,28352.075146794017
1102,28430.210061756236
1103,28509.349857583675
1104,28589.212283151785
1105,28669.93162671029
1106,28750.77110959433
1107,28832.361297841402
1108,28914.415043486737
1109,28996.75954193497
1110,29079.76269664977
1111,29162.98838764115
1112,29246.550613744057
1113,29329.983615008336
1114,29413.554229479883
1115,29497.565050761852
1116,29581.36678615701
1117,29664.36623351361
1118,29746.96646209501
1119,29829.94638258021
1120,29913.632827278638
1121,29998.628314610185
1122,30083.893648613033
1123,30169.39107577529
1124,30255.377370281378
1125,30342.27411643767
1126,30429.457916050647
1127,30516.152912534464
1128,30602.799246055998
1129,30688.343368376965
1130,30773.43836267089
1131,30857.650277475983
1132,30940.611223488253
1133,31021.968491110758
1134,31102.102030546703
1135,31181.66987303523
1136,31262.15036545262
1137,31343.179893337718
1138,31425.34969962793
1139,31507.92657527662
1140,31591.603280892105
1141,31676.267745208173
1142,31762.181515694585
1143,31848.34433993348
1144,31934.03345113435
1145,32019.14487776412
1146,32103.728677548344
1147,32188.827925087364
1148,32274.401050245982
1149,32360.652489491542
1150,32447.31074265206
1151,32534.993437705736
1152,32623.187487097468
1153,32711.404996950823
1154,32799.93953477145
1155,32887.59138486807
1156,32974.81463083662
1157,33061.95722133592
1158,33149.14337954713
1159,33236.459778703786
1160,33323.75652987895
1161,33411.31579562906
1162,33498.49301248845
1163,33585.32576263941
1164,33672.14919770895
1165,33758.456985475306
1166,33844.06813358734
1167,33929.052759496975
1168,34014.09975277091
1169,34099.41358756641
1170,34183.78870283927
1171,34267.58852259434
1172,34351.045660106276
1173,34434.148690905575
1174,34517.12374011569
1175,34601.170472777216
1176,34686.10115575307
1177,34770.6368631841
1178,34856.25941801496
1179,34942.880075722074
1180,35030.91306468283
1181,35118.466163108234
1182,35206.931550899564
1183,35295.97975379077
1184,35385.473967558384
1185,35475.290426091226
1186,35565.501116691885
1187,35656.11663594426
1188,35746.70076644525
1189,35838.192864313714
1190,35931.357003615216
1191,36026.72872360148
1192,36123.642483599615
1193,36222.276692959946
1194,36322.94106961794
1195,36425.730507085515
1196,36530.269968742025
1197,36636.0895425504
1198,36742.977025565924
1199,36850.59234983241
1200,36958.98621385718
1201,37067.53063340339
1202,37176.385753199975
1203,37284.970553627936
1204,37393.21445729533
1205,37501.5568420279
1206,37609.70738681648
1207,37717.019846918876
1208,37823.88410689055
1209,37930.559192756606
1210,38036.50587972656
1211,38142.47623657272
1212,38248.14164405324
1213,38353.76175392863
1214,38459.88419906328
1215,38566.306824896856
1216,38673.15117758591
1217,38780.15346458368
1218,38887.356864442096
1219,38995.08886406549
1220,39102.94064238028
1221,39211.05267788538
1222,39319.11436487785
1223,39427.98167082004
1224,39537.35507574427
1225,39646.78511836605
1226,39756.2660705551
1227,39865.69766562682
1228,39975.33151343322
1229,40084.77916646221
1230,40193.985816897846
1231,40302.785052477564
1232,40412.15838124288
1233,40521.463494872405
1234,40630.80306738645
1235,40740.62225737508
1236,40850.8033780404
1237,40960.779128571885
1238,41071.40504637502
1239,41182.92582972781
1240,41294.96098720659
1241,41406.801870118354
1242,41517.71191752117
1243,41627.50720797452
1244,41736.22584250073
1245,41843.54877286258
1246,41950.18462377755
1247,42056.46540954529
1248,42161.68652017332
1249,42265.35086851396
1250,42367.98246896058
1251,42470.26592355467
1252,42571.99541655502
1253,42672.62440849263
1254,42772.03222681749
1255,42870.678342327556
1256,42967.56892643045
1257,43063.14385098246
1258,43158.33783895245
1259,43253.42191781481
1260,43348.95960018195
1261,43444.55478569603
1262,43540.01334696643
1263,43635.5428698038
1264,43731.39715037528
1265,43826.43485338426
1266,43920.48306647433
1267,44013.84718628588
1268,44106.68773714334
1269,44198.754123028855
1270,44290.04959668842
1271,44380.113684560834
1272,44470.13675982136
1273,44559.43702134995
1274,44648.31622992762
1275,44736.456865345965
1276,44823.69747790951
1277,44910.56559582509
1278,44998.25834358368
1279,45086.09757720993
1280,45174.8862153808
1281,45264.72814951861
1282,45355.08810196189
1283,45446.94513575711
1284,45540.811932755634
1285,45636.64497895892
1286,45734.26750907788
1287,45833.247980801825
1288,45933.3458967614
1289,46034.59460426975
1290,46136.87854991566
1291,46239.64400384181
1292,46342.398234738306
1293,46444.78786129942
1294,46546.46424686411
1295,46647.20001775693
1296,46747.83904210295
1297,46849.8249937339
1298,46953.08976384299
1299,47058.145850578
1300,47163.95829246189
1301,47269.265742725765
1302,47372.979737617476
1303,47475.24994920502
1304,47575.35888893747
1305,47674.03313462266
1306,47771.19214747929
1307,47867.656469689624
1308,47963.22368452397
1309,48058.21193170854
1310,48152.86501432086
1311,48247.177337570065
1312,48341.983349208684
1313,48436.61767999195
1314,48530.98103863785
1315,48625.01294907729
1316,48718.62857255797
1317,48811.821730635274
1318,48905.42322200813
1319,48999.19070399608
1320,49093.48529735656
1321,49189.11575686812
1322,49286.21569059166
1323,49384.59821199299
1324,49484.4347764408
1325,49585.6099178808
1326,49688.57782635336
1327,49792.48736820079
1328,49897.56255978828
1329,50002.89616983245
1330,50108.54157257586
1331,50214.599069843156
1332,50322.34484093844
1333,50430.836756691155
1334,50540.572899309744
1335,50651.036763545955
1336,50761.87081594891
1337,50872.733370731024
1338,50983.282931399204
1339,51093.688289608755
1340,51204.8061486308
1341,51316.34510322365
1342,51428.82424132451
1343,51541.766980375665
1344,51655.30473014351
1345,51769.30122654991
1346,51884.34698643401
1347,52000.50628795087
1348,52117.523110066715
1349,52234.771929138275
1350,52351.96712816953
1351,52468.5853959099
1352,52586.01253157725
1353,52705.242841501335
1354,52826.333073369075
1355,52949.0686938028
1356,53073.98160173627
1357,53200.545410131395
1358,53328.28235395176
1359,53456.365785851856
1360,53585.26287797127
1361,53714.18275285551
1362,53842.52390125957
1363,53969.50334483667
1364,54095.176283477194
1365,54219.37166778639
1366,54342.01181648064
1367,54462.90605025403
1368,54582.941825245536
1369,54701.495116898965
1370,54818.396678463076
1371,54935.00606618735
1372,55051.57860896637
1373,55168.294706981374
1374,55285.938546500234
1375,55404.42879906927
1376,55523.82778088614
1377,55643.82773042323
1378,55764.79685222768
1379,55888.00057420005
1380,56012.33614123622
1381,56136.70089501483
1382,56261.16462023758
1383,56385.54165383742
1384,56509.69606656413
1385,56634.428626186076
1386,56760.211313689906
1387,56886.75577005314
1388,57014.54967301721
1389,57143.54254160805
1390,57272.51236122614
1391,57402.26538124399
1392,57533.169800687734
1393,57664.24094724344
1394,57794.57022429189
1395,57924.40798145457
1396,58054.6147741462
1397,58186.93279011273
1398,58320.84350460289
1399,58455.688553439264
1400,58590.42405431505
1401,58725.087186851015
1402,58859.93847417038
1403,58994.16322329538
1404,59129.01595210835
1405,59265.39267974557
1406,59402.68907679553
1407,59540.5341439482
1408,59677.58868050641
1409,59813.47691392358
1410,59950.02723023969
1411,60086.3113331585
1412,60222.483653754796
1413,60358.02350374081
1414,60493.36829726527
1415,60629.559624231304
1416,60767.544381777545
1417,60907.366929315314
1418,61048.86843372387
1419,61192.34236076554
1420,61338.0544632265
1421,61486.5402320598
1422,61637.54805074733
1423,61790.27112354169
1424,61943.35467243337
1425,62096.29357726809
1426,62248.88543424469
1427,62402.18993251481
1428,62554.73834829912
1429,62706.72973989443
1430,62858.27268028147
1431,63009.870601950846
1432,63161.811892713806
1433,63313.62152488092
1434,63464.58505736106
1435,63615.00103259761
1436,63765.076555261825
1437,63913.84488934339
1438,64062.641450053256
1439,64211.13379658487
1440,64359.34518687275
1441,64507.2969676496
1442,64654.57744894496
1443,64800.11894708938
1444,64943.98420305899
1445,65086.19494040976
1446,65228.03694264964
1447,65369.70654902919
1448,65511.10471137427
1449,65651.81729278396
1450,65791.96690731664
1451,65932.35236839067
1452,66072.91500326751
1453,66213.35854110037
1454,66354.64939836302
1455,66495.98374105338
1456,66637.65669801552
1457,66778.87256640839
1458,66920.34252665448
1459,67061.92220999465
1460,67203.25141393713
1461,67344.26709276672
1462,67484.91166433961
1463,67625.49659387663
1464,67766.08950778435
1465,67906.69993213535
1466,68047.97012818462
1467,68190.00529455107
1468,68333.70759719735
1469,68478.35593049323
1470,68624.68671391916
1471,68772.20932591974
1472,68921.12893395993
1473,69071.197758175
1474,69222.82901104182
1475,69376.74946183575
1476,69532.4947990617
1477,69689.85671266315
1478,69848.15463266679
1479,70007.36104958573
1480,70166.87949730428
1481,70327.12495498506
1482,70487.64671685563
1483,70648.39129575514
1484,70809.26128556792
1485,70969.80492185583
1486,71130.8780262472
1487,71292.56671996358
1488,71452.73708644127
1489,71611.89144339068
1490,71770.2256497152
1491,71929.01595298339
1492,72087.13350021018
1493,72244.82196231287
1494,72403.45829882003
1495,72563.19030296268
1496,72723.13764694514
1497,72884.66231092521
1498,73046.90433829674
1499,73208.62296944737
1500,73368.49264924848
1501,73526.94438990753
1502,73682.70438131627
1503,73837.223699284
1504,73990.0787012567
1505,74141.39403835412
1506,74291.79988076557
1507,74441.83447729469
1508,74592.24656767721
1509,74742.69172959433
1510,74892.77037240216
1511,75042.93768842108
1512,75193.67694021706
1513,75344.53655193857
1514,75494.67184540017
1515,75644.32123189517
1516,75794.1339851371
1517,75944.03999469143
1518,76093.91913948196
1519,76244.66233229355
1520,76395.44141707908
1521,76545.91517043143
1522,76696.19653915263
1523,76846.66226030236
1524,76997.77390337577
1525,77149.47838209539
1526,77301.68811186278
1527,77453.95208346954
1528,77605.91099027912
1529,77757.12185117538
1530,77907.84287363772
1531,78057.69043326755
1532,78206.38221815128
1533,78353.6140041522
1534,78499.69384633734
1535,78645.24900519373
1536,78790.704061752
1537,78935.74665344607
1538,79080.15101593203
1539,79223.83878291884
1540,79367.48245976795
1541,79511.17618081594
1542,79654.8256096427
1543,79798.06717791643
1544,79941.1390347343
1545,80084.10541641025
1546,80226.0520846875
1547,80367.29444271864
1548,80507.92129825386
1549,80648.6364192613
1550,80790.36408073753
1551,80931.55356605448
1552,81072.73722338563
1553,81214.104915808
1554,81356.03107525279
1555,81498.81751842976
1556,81642.4191982782
1557,81786.41261011799
1558,81930.306220961
1559,82074.75081074396
1560,82219.14249997397
1561,82363.04174578945
1562,82506.01425185634
1563,82647.61198356914
1564,82788.88361869761
1565,82929.1178560437
1566,83068.5754720984
1567,83207.69215550213
1568,83345.88317748603
1569,83483.81888353088
1570,83622.1482690332
1571,83759.75085760979
1572,83896.9444739159
1573,84034.31736738171
1574,84171.68854698288
1575,84309.38498893798
1576,84446.75487468421
1577,84583.63955983451
1578,84720.51804025145
1579,84857.42412550368
1580,84994.76243191681
1581,85131.32651316507
1582,85266.91333610758
1583,85401.96396659363
1584,85537.20673814353
1585,85673.74575780852
1586,85810.79138430922
1587,85948.43555428654
1588,86087.47966008326
1589,86227.50467273426
1590,86367.13945970761
1591,86505.5736448963
1592,86642.99218475
1593,86780.08845713222
1594,86916.24197672016
1595,87051.9929049894
1596,87187.54579377238
1597,87322.58797243742
1598,87456.97466348534
1599,87592.42623714403
1600,87727.72278085242
1601,87861.83717539482
1602,87995.83732841632
1603,88129.39243571016
1604,88262.39448265432
1605,88394.98215632535
1606,88528.18238412662
1607,88661.69330031323
1608,88795.05726505507
1609,88928.85633410362
1610,89063.57648668702
1611,89199.55400292641
1612,89337.0151713366
1613,89475.13974859455
1614,89613.48268689253
1615,89752.26351937106
1616,89892.11996799547
1617,90032.87158886291
1618,90173.75794050838
1619,90313.99736767176
1620,90454.86498616888
1621,90596.42674789576
1622,90738.51367298288
1623,90881.02362284124
1624,91025.83325028089
1625,91172.58833007877
1626,91320.48808916874
1627,91468.81076763856
1628,91617.52321084322
1629,91765.99805284839
1630,91914.44241286202
1631,92062.52051241399
1632,92210.79353801213
1633,92359.17609102179
1634,92507.98212272799
1635,92657.29466173315
1636,92806.62107907262
1637,92956.02767184681
1638,93105.78772565369
1639,93255.29587615757
1640,93405.03743295028
1641,93554.751102688
1642,93703.81314888436
1643,93852.3400369141
1644,94000.41379252811
1645,94147.53349959622
1646,94293.83399889496
1647,94438.32063549098
1648,94582.03232639172
1649,94725.33002473292
1650,94867.57131480075
1651,95009.09398397127
1652,95149.80506404191
1653,95288.97161300243
1654,95427.42244749326
1655,95564.3644193473
1656,95700.4200693195
1657,95837.1065326304
1658,95973.81747398475
1659,96110.37913206949
1660,96248.08593031508
1661,96385.98575585205
1662,96524.73987091667
1663,96663.11533421266
1664,96800.7229643202
1665,96937.99214160356
1666,97075.16671254013
1667,97212.61192411651
1668,97349.99403231044
1669,97487.34948811424
1670,97624.71033991504
1671,97763.48141314309
1672,97902.73008363025
1673,98041.9658899103
1674,98181.3661652185
1675,98320.78210912467
1676,98459.77371951459
1677,98599.32809745094
1678,98739.73749642422
1679,98881.4086638893
1680,99023.8233057228
1681,99166.8054046727
1682,99309.52947532201
1683,99452.03832601715
1684,99595.30618272876
1685,99738.37417653161
1686,99880.75629938481
1687,100022.83458717179
1688,100164.55650804333
1689,100306.06484124438
1690,100448.15906898677
1691,100591.00155947902
1692,100734.35495789225
1693,100877.82024591618
1694,101020.7235927696
1695,101163.5575970777
1696,101304.68809694043
1697,101444.33659061651
1698,101582.46446302574
1699,101719.14340278544
1700,101854.18792955115
1701,101987.37189920698
1702,102119.25502876242
1703,102249.66963785882
1704,102379.04998903802
1705,102507.68750912925
1706,102635.25989700289
1707,102761.45053285302
1708,102887.41136911337
1709,103013.02322107514
1710,103138.68417446793
1711,103264.28328059026
1712,103389.89073476591
1713,103515.39512544103
1714,103641.15965268202
1715,103766.49432913041
1716,103891.7269251208
1717,104017.26932489988
1718,104143.1230551753
1719,104269.70068241157
1720,104397.83696906954
1721,104526.3969683335
1722,104655.35969889018
1723,104784.55504245035
1724,104913.74562533143
1725,105042.54243861136
1726,105170.75711381734
1727,105298.72342758089
1728,105426.55718284726
1729,105554.22319381232
1730,105681.52124851667
1731,105809.10063314461
1732,105936.33298205689
1733,106062.5292251913
1734,106188.19354113421
1735,106313.20200532224
1736,106437.90438740182
1737,106562.72143398628
1738,106687.14957421424
1739,106811.18994022894
1740,106934.90258674919
1741,107058.64205962623
1742,107182.20876130948
1743,107306.52603888935
1744,107431.54605936706
1745,107556.1742243012
1746,107680.30971037662
1747,107804.15718773878
1748,107928.71090551504
1749,108054.05823189957
1750,108179.87707141014
1751,108305.71968775023
1752,108431.16380003834
1753,108556.05558150301
1754,108680.59323368438
1755,108805.69405424931
1756,108930.83752805581
1757,109055.18069985694
1758,109179.61915928127
1759,109304.08260295127
1760,109429.15817259942
1761,109556.24358650476
1762,109683.5410990747
1763,109810.07433298725
1764,109937.17295763131
1765,110065.07001607897
1766,110191.95311741193
1767,110317.2371642366
1768,110441.35692537585
1769,110564.74899357287
1770,110688.44167338456
1771,110812.92814595973
1772,110937.48131554494
1773,111061.81876641065
1774,111186.25936370065
1775,111311.21385949991
1776,111436.85103533787
1777,111563.15576746904
1778,111689.74904179209
1779,111815.39933005942
1780,111940.21669591276
1781,112064.6531587993
1782,112189.35983945377
1783,112314.7103322238
1784,112440.88707218405
1785,112568.35859748103
1786,112695.69984129688
1787,112822.75905980988
1788,112949.58185376799
1789,113077.19992654827
1790,113205.4986760185
1791,113333.90608484675
1792,113461.89080514097
1793,113589.80651165688
1794,113716.94300913211
1795,113843.11733662915
1796,113970.0520661988
1797,114097.60543298662
1798,114224.68710588498
1799,114351.09688456795
1800,114476.99569288298
1801,114602.88611582424
1802,114729.00250776645
1803,114855.13964717483
1804,114981.48609252689
1805,115107.49607262076
1806,115233.38363887896
1807,115359.37639779391
1808,115485.42567399617
1809,115612.32625009678
1810,115740.21505892088
1811,115868.76582475072
1812,115997.27043161441
1813,116125.0052414335
1814,116251.81913319744
1815,116378.31225831417
1816,116504.5822344837
1817,116630.9979767344
1818,116757.27560249728
1819,116883.62640519979
1820,117010.56224082863
1821,117138.52172076487
1822,117265.86882001687
1823,117393.41425782228
1824,117521.23365136179
1825,117649.12798970836
1826,117777.76803361755
1827,117907.1056368431
1828,118037.54685044444
1829,118169.5370616568
1830,118303.37302382007
1831,118438.87566163835
1832,118574.90241727068
1833,118710.94337733916
1834,118846.5844280138
1835,118981.04633353211
1836,119114.11698781414
1837,119245.99912038575
1838,119377.9977918431
1839,119509.84799544497
1840,119641.62623655822
1841,119772.70722629325
1842,119902.92089169857
1843,120032.45623810272
1844,120160.99412707615
1845,120288.15817043545
1846,120414.32026344302
1847,120539.61849873046
1848,120664.21480005977
1849,120788.1532648187
1850,120911.19393400544
1851,121033.25488383946
1852,121154.24504619575
1853,121274.59976733073
1854,121394.42141942313
1855,121514.13360068866
1856,121632.7347450912
1857,121749.88883885507
1858,121866.5890935413
1859,121983.5560470364
1860,122100.49262605609
1861,122217.02297465014
1862,122333.58152414982
1863,122450.04025757598
1864,122566.19646967198
1865,122681.68781918925
1866,122796.21692965558
1867,122909.958071215
1868,123024.30791173423
1869,123139.44348533016
1870,123255.8144430784
1871,123373.40098301951
1872,123492.04559838504
1873,123611.73031068871
1874,123732.53068581023
1875,123854.52737645015
1876,123977.60377253876
1877,124101.70602828237
1878,124226.71632214572
1879,124352.69284570703
1880,124479.28325108555
1881,124606.46436493192
1882,124733.75631011605
1883,124861.68520863722
1884,124989.6639978091
1885,125117.8146964639
1886,125246.30224440621
1887,125374.74493798715
1888,125502.39117363318
1889,125629.39902056163
1890,125755.40964487217
1891,125880.45002203328
1892,126004.33835052479
1893,126127.46519946048
1894,126249.08116193234
1895,126369.45348063616
1896,126488.60161319471
1897,126606.27951568231
1898,126722.60252672624
1899,126837.53165407295
1900,126951.06926075787
1901,127063.24661494014
1902,127174.29476957057
1903,127284.0071693026
1904,127392.92776929738
1905,127500.86444884466
1906,127607.75486322839
1907,127714.33642504262
1908,127820.55775174835
1909,127926.37737191604
1910,128032.5194098303
1911,128138.83224591252
1912,128245.77019229831
1913,128353.44422239777
1914,128461.68636295605
1915,128570.61809598596
1916,128680.58541159527
1917,128790.73250176308
1918,128900.92217810707
1919,129011.11965818412
1920,129122.038455544
1921,129233.51945916882
1922,129345.68347479383
1923,129458.52846636061
1924,129571.96661015079
1925,129685.73317670627
1926,129799.88046583015
1927,129914.58839958785
1928,130029.22929954778
1929,130143.67085658049
1930,130258.05132882809
1931,130372.48419431207
1932,130487.10843623737
1933,130601.7372662871
1934,130716.46923205408
1935,130831.62892405936
1936,130946.53974209055
1937,131061.3777872005
1938,131176.81056163195
1939,131292.57437213178
1940,131408.39510555504
1941,131523.18437284292
1942,131637.77863554214
1943,131752.13042274138
1944,131865.8867820293
1945,131978.32878630178
1946,132089.34844336688
1947,132198.79787994808
1948,132306.26268353045
1949,132411.90391375893
1950,132516.33929772387
1951,132620.036013971
1952,132722.51277117824
1953,132824.1035056912
1954,132925.35893064956
1955,133026.58908264796
1956,133127.3638876085
1957,133228.19659835423
1958,133329.4970428815
1959,133431.82057062734
1960,133535.01391187072
1961,133639.6589605099
1962,133746.6341702673
1963,133854.63019414723
1964,133963.73155452727
1965,134073.41761100778
1966,134183.83869806177
1967,134294.58293791235
1968,134407.08579187354
1969,134521.43587061248
1970,134637.15840769565
1971,134754.14326927654
1972,134871.9472643897
1973,134990.92323989628
1974,135110.6727326287
1975,135231.91532241745
1976,135354.38603992542
1977,135477.37330117024
1978,135600.90017670064
1979,135725.1861375277
1980,135849.8476491614
1981,135974.56869168562
1982,136099.62167949355
1983,136224.3363759353
1984,136349.3685804668
1985,136474.4346905442
1986,136600.00188571095
1987,136725.62098109777
1988,136850.56376292487
1989,136974.3185351061
1990,137095.3977567699
1991,137215.1649558687
1992,137334.06048873815
1993,137451.76438458628
1994,137568.40236771444
1995,137684.3214604874
1996,137799.7258467778
1997,137915.63114181446
1998,138032.16144188485
1999,138148.9961128796
2000,138266.21610686116
2001,138383.31529090035
2002,138500.84853473929
2003,138617.3515272116
2004,138733.49018279172
2005,138848.4753545001
2006,138963.09875055432
2007,139077.65580160343
2008,139192.2320858857
2009,139307.23354027452
2010,139422.74305536365
2011,139538.2377112868
2012,139653.160204497
2013,139767.96062061572
2014,139882.04204085981
2015,139995.16056658933
2016,140107.8756210576
2017,140219.86686018668
2018,140330.81181190597
2019,140440.0496320815
2020,140548.31585594543
2021,140656.04907931705
2022,140763.98522350416
2023,140871.2929043317
2024,140978.65907969527
2025,141085.64108961014
2026,141192.84087805724
2027,141300.78431726573
2028,141409.64732795485
2029,141519.89086633842
2030,141630.61528060175
2031,141741.7625565268
2032,141853.49647289468
2033,141965.95860873407
2034,142079.86450487937
2035,142195.43581780003
2036,142312.1985046217
2037,142428.8033622497
2038,142543.7219950413
2039,142657.48222593483
2040,142770.7894635295
2041,142883.10593647428
2042,142995.46409642557
2043,143107.9785313737
2044,143220.89520899643
2045,143333.74669404328
2046,143446.3504667196
2047,143558.14320256384
2048,143669.18729022398
2049,143779.13061786885
2050,143887.96019973728
2051,143996.00460590768
2052,144103.22150345432
2053,144209.3347949492
2054,144314.9906151478
2055,144420.38059041178
2056,144525.314228142
2057,144630.0479277777
2058,144733.96006373686
2059,144837.31575345958
2060,144939.61423424672
2061,145041.54073428243
2062,145144.08437310436
2063,145247.39687959134
2064,145351.5176320655
2065,145456.2123811246
2066,145561.97623640136
2067,145669.16492184598
2068,145776.75446898298
2069,145885.0130037069
2070,145993.49979364694
2071,146101.92610128922
2072,146210.80950405204
2073,146320.66764525
2074,146431.70120413305
2075,146543.4999563865
2076,146655.1564372044
2077,146765.8591603048
2078,146875.88150960076
2079,146984.43733812668
2080,147091.33979055792
2081,147196.5467380395
2082,147299.7454184483
2083,147401.6492292763
2084,147501.869332035
2085,147601.0947237964
2086,147699.61586929573
2087,147797.1690485701
2088,147893.7091825404
2089,147989.49490552113
2090,148084.02749184007
2091,148177.94951901448
2092,148270.5733682075
2093,148362.2939939003
2094,148452.99768420093
2095,148543.13522186308
2096,148632.40145239615
2097,148721.2540190925
2098,148809.33088366137
2099,148897.3817736912
2100,148985.59600068684
2101,149073.6348063193
2102,149161.643018607
2103,149249.21272327114
2104,149336.7359453242
2105,149425.08864732814
2106,149513.78371845314
2107,149603.22778210705
2108,149693.3151491428
2109,149784.149561201
2110,149875.42683674392
2111,149967.02537448402
2112,150058.67918478488
2113,150149.9357707916
2114,150240.0879229881
2115,150329.57419813663
2116,150418.39017539885
2117,150505.82013043627
2118,150592.92442343914
2119,150679.47049922208
2120,150765.1260384313
2121,150850.09184421427
2122,150934.25350798992
2123,151017.71162048544
2124,151100.9069871994
2125,151183.04900020378
2126,151264.86338977734
2127,151345.72791284832
2128,151426.0812736526
2129,151505.57704931035
2130,151584.53151017142
2131,151663.53114985963
2132,151741.83822172036
2133,151819.49684617703
2134,151896.60558386054
2135,151973.23611818993
2136,152049.84578082734
2137,152126.61933479251
2138,152203.53348269165
2139,152280.21756666707
2140,152357.21063429926
2141,152435.12909736848
2142,152513.48982179334
2143,152593.021367604
2144,152674.0797185601
2145,152756.87160664637
2146,152840.85136264356
2147,152926.24714341149
2148,153013.15845562218
2149,153101.49244875074
2150,153190.74224080265
2151,153280.33928990024
2152,153370.78208339316
2153,153462.53725724947
2154,153555.6257364507
2155,153649.35456272223
2156,153743.4959427277
2157,153837.39073219072
2158,153931.15109114646
2159,154025.05834290962
2160,154118.34612888738
2161,154211.13110128063
2162,154303.30923590306
2163,154395.20700419386
2164,154487.28249843212
2165,154580.22815816064
2166,154673.7446200188
2167,154767.82364430043
2168,154862.0046021984
2169,154955.75390350664
2170,155049.00553862273
2171,155141.36771108853
2172,155232.02253809237
2173,155321.6306553458
2174,155409.5393753979
2175,155496.0670914756
2176,155581.11362712737
2177,155665.44128632016
2178,155749.98141787047
2179,155834.78150724078
2180,155919.69625953815
2181,156005.1376389117
2182,156091.222893845
2183,156178.5334462028
2184,156266.84923398282
2185,156356.6519917797
2186,156447.0727514293
2187,156538.87171426538
2188,156631.73215974614
2189,156725.16497503352
2190,156819.51503184432
2191,156913.6792581042
2192,157007.5515613934
2193,157101.48114353014
2194,157194.9745391055
2195,157288.73018675472
2196,157383.22175746836
2197,157477.8504930334
2198,157572.92993697448
2199,157667.90491221356
2200,157763.60495954996
2201,157859.99812391907
2202,157957.31487415964
2203,158055.5502162887
2204,158155.03262094702
2205,158256.18770098948
2206,158358.7076276508
2207,158462.70528883196
2208,158568.36560553403
2209,158675.1037338083
2210,158781.92499766938
2211,158889.18897767004
2212,158996.63815070342
2213,159103.4545947073
2214,159209.44958339742
2215,159315.95274730516
2216,159422.9236545839
2217,159529.7508332242
2218,159636.50404707348
2219,159743.0440568342
2220,159849.73081758502
2221,159956.0135195463
2222,160062.31608237114
2223,160168.23636334643
2224,160273.64638566488
2225,160378.47295340672
2226,160482.58779195725
2227,160586.82649014564
2228,160692.3544112755
2229,160799.5141631996
2230,160907.99723771057
2231,161017.94368986238
2232,161129.299699669
2233,161243.05065227213
2234,161358.6902690649
2235,161475.230253316
2236,161592.2964653787
2237,161709.3013847307
2238,161827.71381817633
2239,161945.88582508283
2240,162063.9276964418
2241,162181.82819425242
2242,162299.569075769
2243,162416.23553558748
2244,162532.1930139854
2245,162647.32198222014
2246,162761.97110959672
2247,162875.6103247401
2248,162987.96804033403
2249,163099.29731774257
2250,163210.40398389488
2251,163320.4989112893
2252,163429.80338113254
2253,163538.79147265133
2254,163648.25830679122
2255,163758.19315937173
2256,163869.6137519161
2257,163981.7380470667
2258,164093.91149123287
2259,164205.96530732277
2260,164317.3374619669
2261,164427.34261145833
2262,164536.366723815
2263,164644.7269528974
2264,164752.2376931725
2265,164859.71960379247
2266,164967.42104771934
2267,165074.9719851993
2268,165181.79709866733
2269,165287.68574472703
2270,165392.83949423526
2271,165498.09357452244
2272,165603.75025194068
2273,165708.9566415148
2274,165813.30564929912
2275,165916.567596486
2276,166018.64055283755
2277,166119.76964163664
2278,166220.80023475102
2279,166322.3345842725
2280,166424.37378864104
2281,166527.59190123953
2282,166633.10627735197
2283,166740.52862359915
2284,166849.0691252476
2285,166959.56791169668
2286,167071.94791610132
2287,167186.0198301948
2288,167301.31688405338
2289,167417.73086663234
2290,167535.49664340183
2291,167655.04747665644
2292,167776.46882025627
2293,167898.7753633562
2294,168021.20895900298
2295,168144.16239759768
2296,168267.06335510503
2297,168389.34031518488
2298,168510.82848845463
2299,168630.79098612443
2300,168750.59560410766
2301,168870.3834549577
2302,168990.2555382792
2303,169110.0983489432
2304,169230.80380654946
2305,169352.31161371287
2306,169474.8719601071
2307,169598.8312202291
2308,169723.58628383934
2309,169849.23738515738
2310,169975.74442492865
2311,170103.08738196013
2312,170231.50297843525
2313,170360.60461056978
2314,170489.87984830796
2315,170618.86252645747
2316,170748.35739214538
2317,170877.7780992911
2318,171007.0608912551
2319,171135.88420112012
2320,171263.96679207042
2321,171390.9411699815
2322,171517.65628900123
2323,171643.6049294529
2324,171769.09299921466
2325,171893.63640598816
2326,172016.97666035703
2327,172139.17845761025
2328,172260.3199976523
2329,172380.94031747518
2330,172501.9208065072
2331,172622.53029424758
2332,172742.42697232225
2333,172861.66662888296
2334,172980.39195394047
2335,173098.68099321783
2336,173216.04026371796
2337,173332.59363585492
2338,173448.55384879938
2339,173564.233044982
2340,173679.97929830736
2341,173795.337526533
2342,173909.07726223415
2343,174022.5299309216
2344,174136.20712192825
2345,174250.65516458082
2346,174364.6321883845
2347,174479.49321321823
2348,174593.68277648665
2349,174708.12671516326
2350,174823.12803266675
2351,174938.70191456281
2352,175054.13372875116
2353,175169.80517601778
2354,175286.1004131075
2355,175403.67526303927
2356,175522.47782364706
2357,175642.8190958362
2358,175765.67995886842
2359,175890.82771538777
2360,176017.11104018433
2361,176143.4848780447
2362,176269.5722311206
2363,176397.49412307254
2364,176526.65458390125
2365,176657.1071074963
2366,176789.05485113547
2367,176922.8675861153
2368,177059.34691831068
2369,177197.93057476296
2370,177337.74657072403
2371,177479.28756846697
2372,177621.20038090454
2373,177763.35689775273
2374,177905.74648716426
2375,178048.0573404417
2376,178189.57951503532
2377,178330.35606253476
2378,178469.53171983105
2379,178607.92344223912
2380,178745.78116490177
2381,178882.79560202247
2382,179018.51861743163
2383,179153.22397207894
2384,179286.56598658848
2385,179418.7312955847
2386,179550.0275565375
2387,179681.63428563986
2388,179813.35550851744
2389,179944.84551158486
2390,180075.98936894414
2391,180207.16669773828
2392,180338.2730520774
2393,180469.83081467688
2394,180601.05735707478
2395,180732.1546939058
2396,180863.99794913997
2397,180996.38266441115
2398,181129.1996061686
2399,181263.2179065067
2400,181398.2562526851
2401,181534.36981189955
2402,181671.5462607616
2403,181809.19581834596
2404,181947.2644140031
2405,182085.49036529055
2406,182223.31611640877
2407,182360.11063933582
2408,182496.48802289282
2409,182631.8797812528
2410,182767.02177945036
2411,182901.38353299195
2412,183034.32031857458
2413,183165.75553587673
2414,183296.27336405762
2415,183424.95266767486
2416,183552.71022270306
2417,183677.8281483304
2418,183801.12822630312
2419,183922.47238221334
2420,184041.80787517512
2421,184159.33297888315
2422,184275.34770348953
2423,184390.82898617128
2424,184505.58938318235
2425,184619.59102263855
2426,184732.6214886516
2427,184845.7571871035
2428,184960.14996221545
2429,185074.83584448774
2430,185189.79768601313
2431,185305.87629258647
2432,185423.2525830468
2433,185541.16503648637
2434,185659.02720257285
2435,185777.40612126212
2436,185895.00470972748
2437,186012.4045410794
2438,186128.32775951902
2439,186244.28630104807
2440,186359.70066598014
2441,186474.5019735272
2442,186588.82335999698
2443,186703.45809890886
2444,186817.55163611894
2445,186930.64971464255
2446,187043.00175991474
2447,187155.30256228874
2448,187267.91153278327
2449,187381.1259716006
2450,187494.27214773255
2451,187607.9010511979
2452,187722.57124054967
2453,187838.72668140274
2454,187956.2811036895
2455,188075.0153670414
2456,188194.57199313346
2457,188316.04840092247
2458,188438.38855416686
2459,188560.218170884
2460,188682.15500170688
2461,188804.90515426372
2462,188928.50593584467
2463,189053.37147821215
2464,189179.32520379956
2465,189306.1397838879
2466,189433.90529966043
2467,189562.74273641032
2468,189692.30714684053
2469,189822.54285230572
2470,189952.30381945375
2471,190081.8006848593
2472,190210.88907801293
2473,190339.2124028988
2474,190467.22661283254
2475,190595.00495968162
2476,190723.29009222033
2477,190852.5907569393
2478,190982.77092011148
2479,191113.9695873213
2480,191246.20326972316
2481,191379.47289979618
2482,191513.16667442606
2483,191647.12065297758
2484,191781.4880507093
2485,191916.8118716302
2486,192053.7136788189
2487,192191.3458888321
2488,192329.99892043785
2489,192469.18292147783
2490,192607.9845700156
2491,192747.16164371988
2492,192886.1128440568
2493,193025.78250790527
2494,193166.03838765997
2495,193306.84613900149
2496,193448.02294439852
2497,193589.45999087367
2498,193731.55777439266
2499,193874.4570228049
2500,194017.32507420896
2501,194160.54045225115
2502,194303.9212638687
2503,194446.81501763337
2504,194589.20525039462
2505,194731.22105034764
2506,194873.45755817986
2507,195016.0869983356
2508,195160.30005708363
2509,195306.81797332666
2510,195454.62360693
2511,195603.99858952942
2512,195753.55412778675
2513,195903.25969393703
2514,196053.22530228877
2515,196203.08061093566
2516,196353.49131847647
2517,196504.9238389288
2518,196656.7967261514
2519,196809.19608571092
2520,196961.55974579518
2521,197114.4584929464
2522,197267.87157915154
2523,197422.18446069225
2524,197577.76042096253
2525,197733.5020664767
2526,197888.26012346294
2527,198042.48000565346
2528,198197.13254762802
2529,198352.66477255552
2530,198508.7568308969
2531,198664.5227796146
2532,198820.2444629471
2533,198976.76230711341
2534,199134.04920631985
2535,199292.86916828225
2536,199453.36343726455
2537,199614.30266962317
2538,199775.8370994099
2539,199937.51018913163
2540,200099.709216983
2541,200262.53718063261
2542,200426.87750119664
2543,200592.55534606994
2544,200760.30375661937
2545,200929.52761826277
2546,201099.31205131413
2547,201269.74991922925
2548,201440.56600575172
2549,201611.1759327092
2550,201782.42351993325
2551,201954.06779184187
2552,202127.0915082668
2553,202299.6445003683
2554,202471.07581556306
2555,202642.58767354777
2556,202813.89932262062
2557,202983.7556109916
2558,203153.3587828059
2559,203321.84476848607
2560,203488.93654456272
2561,203655.29841629596
2562,203822.16009361192
2563,203989.22391826383
2564,204156.98772298064
2565,204325.67279307393
2566,204495.91165317895
2567,204666.79985435068
2568,204837.02207309884
2569,205007.666580812
2570,205178.140794528
2571,205349.266794792
2572,205521.71207520526
2573,205695.23823776314
2574,205870.00281771508
2575,206045.82992138085
2576,206221.83446494074
2577,206397.121919111
2578,206572.57680822807
2579,206747.2856392017
2580,206921.54423979812
2581,207095.18918632364
2582,207268.17750198607
2583,207441.02646609885
2584,207613.5986222716
2585,207785.62500152088
2586,207956.82844997005
2587,208127.65257154297
2588,208297.30230760897
2589,208466.74532126592
2590,208636.56023020225
2591,208806.83514767594
2592,208977.89180400438
2593,209149.90595138806
2594,209322.29246866753
2595,209494.36803302844
2596,209665.73805447266
2597,209836.6640639106
2598,210008.22697269486
2599,210179.86160424608
2600,210351.0809434283
2601,210522.08576125422
2602,210692.9488751209
2603,210863.20961742674
2604,211033.79631806718
2605,211203.99038569035
2606,211373.79653825294
2607,211543.8018932687
2608,211713.80411813798
2609,211883.45645937478
2610,212051.9032630708
2611,212220.136253697
2612,212387.46462592226
2613,212554.88221553472
2614,212721.52444962738
2615,212888.62425431618
2616,213056.94637830358
2617,213226.45651955123
2618,213395.11795015616
2619,213563.63348421289
2620,213731.52500194497
2621,213899.56391066045
2622,214066.6570585401
2623,214233.8635339606
2624,214400.82636140593
2625,214567.64228206067
2626,214734.58247777302
2627,214901.96922919987
2628,215070.03500934952
2629,215238.5708350721
2630,215406.69737373554
2631,215574.26800880293
2632,215743.17370570952
2633,215912.88411972334
2634,216083.54967956923
2635,216254.19423326734
2636,216424.77499667328
2637,216595.22738516115
2638,216765.72646786083
2639,216935.77757612732
2640,217106.05038219166
2641,217276.41349439498
2642,217446.59652082343
2643,217616.3938766985
2644,217785.49735265493
2645,217953.69196692246
2646,218121.4635801766
2647,218288.67859412427
2648,218456.42510910847
2649,218622.5362069923
2650,218786.82744723075
2651,218949.88563745964
2652,219111.70581411096
2653,219273.10377866527
2654,219434.41387706113
2655,219595.883526767
2656,219757.38670298742
2657,219918.6830106066
2658,220079.15994751875
2659,220238.97512154793
2660,220397.65772102278
2661,220556.84641799782
2662,220716.27987212344
2663,220875.90849617802
2664,221036.31083157347
2665,221198.05886873568
2666,221361.51737927902
2667,221526.73378493817
2668,221693.52206254512
2669,221861.07807336794
2670,222029.6808465112
2671,222199.37253484188
2672,222370.1071783696
2673,222541.48696897816
2674,222713.43935373175
2675,222885.48543802378
2676,223057.5413582826
2677,223229.53861762775
2678,223401.9492400446
2679,223574.06387470695
2680,223744.21656391854
2681,223912.97089943432
2682,224080.5573065054
2683,224247.1922176389
2684,224412.24790931362
2685,224575.66927875698
2686,224737.07565653167
2687,224896.52493235102
2688,225054.21132857367
2689,225210.89050882557
2690,225367.21139070144
2691,225522.43413196816
2692,225676.602113806
2693,225831.44500158867
2694,225985.46145210584
2695,226138.5132708223
2696,226290.40832611208
2697,226441.3286521
2698,226592.97017970117
2699,226744.37392444603
2700,226895.00445116794
2701,227043.8699505275
2702,227191.9595835354
2703,227340.04722861684
2704,227489.14945341457
2705,227639.06221720166
2706,227789.54692650124
2707,227940.960571179
2708,228094.12641234853
2709,228248.34765491902
2710,228403.89838976643
2711,228560.22497077944
2712,228716.41499177925
2713,228873.38653236226
2714,229030.74512376415
2715,229188.35231982436
2716,229346.0179244509
2717,229504.61626961626
2718,229664.30793112973
2719,229823.9760008442
2720,229984.78879153336
2721,230146.69958157238
2722,230309.3188234979
2723,230472.3633327973
2724,230636.34664901046
2725,230800.94287086802
2726,230966.77424711405
2727,231133.4956655776
2728,231301.63317500224
2729,231472.16998681411
2730,231645.34584095696
2731,231820.12657977664
2732,231995.63209124864
2733,232171.89953452558
2734,232347.94104935427
2735,232522.67938209424
2736,232696.33162569912
2737,232870.47180096424
2738,233044.9089213069
2739,233218.32572922556
2740,233392.1770837595
2741,233566.01724365551
2742,233739.48559228703
2743,233912.38519858228
2744,234085.94402391106
2745,234260.22740451328
2746,234435.11471767837
2747,234608.66704584862
2748,234781.7828638387
2749,234954.1462894617
2750,235125.89644054338
2751,235297.9204635923
2752,235470.22612172572
2753,235642.6606671234
2754,235814.9413079953
2755,235987.24279099112
2756,236159.78374155407
2757,236332.48924499788
2758,236505.8016213392
2759,236678.42737913874
2760,236850.19725710427
2761,237022.23519432414
2762,237195.32887207533
2763,237368.98928885793
2764,237543.35591252576
2765,237716.89974206718
2766,237888.95447740107
2767,238061.02016663313
2768,238232.52423348106
2769,238403.56823865173
2770,238574.50547821747
2771,238745.2295977572
2772,238916.41721590952
2773,239088.84020148162
2774,239262.2103169146
2775,239437.13436524593
2776,239613.2668176282
2777,239790.10273128696
2778,239967.52724925257
2779,240145.52895993053
2780,240323.87691723474
2781,240502.44090289852
2782,240680.8799738366
2783,240859.40438256646
2784,241037.1053409845
2785,241213.13501880516
2786,241387.25709741138
2787,241559.64148470658
2788,241731.49859959987
2789,241903.02372017433
2790,242074.32612075936
2791,242244.78700446224
2792,242414.6856205932
2793,242582.53680011147
2794,242749.51006166398
2795,242915.69238131403
2796,243080.28189002885
2797,243243.7186406185
2798,243405.2253889741
2799,243565.2979731745
2800,243725.55008315755
2801,243885.73473836857
2802,244045.25774037789
2803,244205.59055860344
2804,244366.14696536105
2805,244526.47299932194
2806,244686.52399645958
2807,244847.1329680723
2808,245008.48024845993
2809,245170.61734004787
2810,245334.56445579694
2811,245501.06962329647
2812,245668.67976468525
2813,245836.33336373145
2814,246003.80306845164
2815,246171.9689996063
2816,246340.52764636575
2817,246510.762767715
2818,246681.90383363637
2819,246854.56045579084
2820,247027.6368272187
2821,247200.07628270777
2822,247372.67258317463
2823,247544.99826491426
2824,247717.27540913486
2825,247890.62375485836
2826,248064.5320776612
2827,248239.68742700064
2828,248414.64408382113
2829,248589.78264523938
2830,248765.5278314121
2831,248942.76374201055
2832,249121.8140040699
2833,249300.411248756
2834,249479.46588407608
2835,249659.1540950122
2836,249839.86613799387
2837,250021.445429988
2838,250203.6822271337
2839,250386.47665205182
2840,250569.48032972787
2841,250753.03127748906
2842,250937.02700116968
2843,251121.11740794088
2844,251306.02147000752
2845,251490.4615600616
2846,251673.93834367648
2847,251856.87956015687
2848,252040.05440929785
2849,252224.1457046069
2850,252408.91338282108
2851,252594.22577482503
2852,252779.6494520642
2853,252965.22881026193
2854,253150.322082848
2855,253335.55314029104
2856,253521.13078797093
2857,253707.30810156747
2858,253894.68528000652
2859,254082.18446058533
2860,254269.7940065789
2861,254457.3739466343
2862,254645.03646076293
2863,254833.7431237747
2864,255023.36407612436
2865,255214.69639054048
2866,255407.4628046463
2867,255601.75891441735
2868,255796.89141496076
2869,255993.18877626405
2870,256190.04506699566
2871,256387.5443742681
2872,256586.14053113584
2873,256785.2757036327
2874,256985.20954661054
2875,257184.92001239097
2876,257383.54443745874
2877,257581.43787671588
2878,257779.41448607075
2879,257976.76576412158
2880,258173.22438414575
2881,258367.95934688166
2882,258561.28190133185
2883,258754.25753979431
2884,258946.77269541717
2885,259138.91692940882
2886,259330.62322800496
2887,259522.3269949418
2888,259713.53015040068
2889,259903.97603198545
2890,260094.18473415123
2891,260284.36588583948
2892,260474.894213414
2893,260665.27668669441
2894,260855.4764910862
2895,261045.7941989977
2896,261236.31137812388
2897,261427.4405026406
2898,261618.48936997895
2899,261808.3138785907
2900,261998.6608465059
2901,262189.0959049809
2902,262378.6598303347
2903,262566.98052354844
2904,262754.9698961247
2905,262942.73323296267
2906,263129.8504921935
2907,263316.1102777243
2908,263502.62926196604
2909,263689.40751928993
2910,263875.9385307376
2911,264060.85917098174
2912,264245.4139022624
2913,264428.77152293397
2914,264610.39295001084
2915,264790.59311400197
2916,264969.4418736733
2917,265148.0070318194
2918,265326.0645687622
2919,265503.01969311433
2920,265678.3807818157
2921,265853.44911527936
2922,266028.6335588829
2923,266204.0376469741
2924,266378.9960072123
2925,266554.2929128102
2926,266729.96366239846
2927,266905.38347283704
2928,267080.65723938635
2929,267256.75938338996
2930,267432.762326632
2931,267608.56229892833
2932,267784.2417133979
2933,267959.0940513353
2934,268132.84156899323
2935,268307.0918421921
2936,268481.7419316981
2937,268657.26250080817
2938,268834.23966991773
2939,269011.9348892312
2940,269189.56777468836
2941,269368.1881384044
2942,269547.4626027834
2943,269727.2183898896
2944,269907.9709199137
2945,270088.3631541208
2946,270268.1782972766
2947,270447.5523654275
2948,270625.82076721033
2949,270803.3598820941
2950,270982.14435436286
2951,271161.42232561554
2952,271340.47005634673
2953,271518.96398075775
2954,271697.5986981189
2955,271876.08540207817
2956,272054.43570823135
2957,272233.08642875194
2958,272411.0138889947
2959,272588.09659699205
2960,272764.69773255667
2961,272940.40355431143
2962,273115.26217553613
2963,273289.1895625689
2964,273462.5854520298
2965,273635.8111868815
2966,273808.08913011744
2967,273980.9327278209
2968,274154.4846880841
2969,274327.849686276
2970,274501.18270837783
2971,274675.0586912237
2972,274848.4119505357
2973,275022.87416020664
2974,275198.8537303556
2975,275375.11338279216
2976,275550.99740373134
2977,275726.2027969784
2978,275900.9865719631
2979,276076.7522719249
2980,276252.1101425506
2981,276427.21914023015
2982,276601.82417424937
2983,276776.6958450645
2984,276952.7264120917
2985,277129.02090861235
2986,277305.70476214134
2987,277482.60032553866
2988,277660.4543889101
2989,277839.03841455764
2990,278018.0268861761
2991,278197.32682831574
2992,278377.0133696875
2993,278556.70344257477
2994,278735.939519463
2995,278916.0481699685
2996,279096.34590894275
2997,279276.26457456744
2998,279456.29034505354
2999,279637.0632962887
3000,279817.346135263
3001,279997.04400282644
3002,280176.2928271388
3003,280354.61398783076
3004,280531.5773185078
3005,280707.66441548255
3006,280883.6906067484
3007,281059.1377952104
3008,281233.85238293157
3009,281408.34752004506
3010,281582.8113239743
3011,281757.42764091236
3012,281932.241776152
3013,282107.2958584185
3014,282282.6331620536
3015,282457.76147631684
3016,282632.9749207501
3017,282806.88495344826
3018,282979.2541455232
3019,283150.53036179364
3020,283321.04431759054
3021,283491.2054914683
3022,283660.47150762926
3023,283828.17196211935
3024,283995.44891465263
3025,284161.3285933556
3026,284326.2995876429
3027,284489.9508344363
3028,284652.19269145344
3029,284813.2724310341
3030,284973.963936044
3031,285134.0426057289
3032,285292.93690688664
3033,285451.2627466816
3034,285609.5968561987
3035,285768.4693263886
3036,285927.3320941721
3037,286085.4990053183
3038,286242.57498888264
3039,286399.77120884135
3040,286557.2880960877
3041,286714.2716970321
3042,286870.4920810731
3043,287024.73494868353
3044,287178.2389916679
3045,287332.88170704845
3046,287488.05129736545
3047,287643.5824022489
3048,287799.60787930625
3049,287956.659068714
3050,288112.4822342986
3051,288268.22022828116
3052,288423.7011830824
3053,288578.36711814284
3054,288732.0613192219
3055,288886.0909417273
3056,289040.4894606838
3057,289195.1473234036
3058,289350.14106353995
3059,289504.965504209
3060,289660.0279034355
3061,289814.8717812674
3062,289968.35175120714
3063,290121.4345385393
3064,290274.29361926013
3065,290426.8360285127
3066,290579.1022234335
3067,290730.5477140569
3068,290882.0005615793
3069,291033.43316131434
3070,291185.3586094092
3071,291338.12133737496
3072,291491.84171258204
3073,291645.0303402367
3074,291796.67511449935
3075,291945.9634219805
3076,292094.10413201706
3077,292240.69148392
3078,292386.6159914444
3079,292530.5709733701
3080,292674.0381749156
3081,292816.4167334991
3082,292957.9451707197
3083,293098.48710627726
3084,293238.43709580944
3085,293377.66676312126
3086,293516.2155685857
3087,293654.6230812461
3088,293793.7651444571
3089,293933.2870205119
3090,294072.46520381357
3091,294212.04970663675
3092,294352.6547992422
3093,294493.2706048134
3094,294633.26346850855
3095,294773.77159559476
3096,294914.4849470548
3097,295055.0123731201
3098,295194.61676328443
3099,295334.2031115661
3100,295473.65249556047
3101,295613.30031068745
3102,295752.44751442
3103,295891.9585276705
3104,296031.0503949951
3105,296170.5364652395
3106,296309.9723343472
3107,296449.57833440107
3108,296588.19849585986
3109,296726.2548903202
3110,296863.92917556054
3111,297001.0276073965
3112,297138.0845565278
3113,297274.5157309024
3114,297409.94653092435
3115,297544.2620355391
3116,297677.09056435816
3117,297808.9974761235
3118,297941.312715782
3119,298074.0068572008
3120,298206.89900797035
3121,298340.15043784515
3122,298473.78151562955
3123,298607.7134147076
3124,298740.77473249374
3125,298871.7555651924
3126,299001.3961628393
3127,299130.217238516
3128,299258.64955738373
3129,299387.5609494926
3130,299516.4638637023
3131,299644.47267905687
3132,299770.84780180285
3133,299895.9284235687
3134,300019.9561751274
3135,300143.06964633544
3136,300265.38935381506
3137,300385.9524398051
3138,300505.19473887206
3139,300623.4503842016
3140,300740.07334625773
3141,300855.6201870705
3142,300970.74208519666
3143,301085.2693918876
3144,301199.53562999004
3145,301312.99116557924
3146,301425.81440541946
3147,301538.6274118965
3148,301650.8359252861
3149,301763.17290965986
3150,301875.4918136981
3151,301988.1039532048
3152,302101.42585895484
3153,302215.3430941613
3154,302330.0829114066
3155,302445.3724258377
3156,302561.2744728309
3157,302677.2180307674
3158,302793.14890308894
3159,302909.13892459
3160,303024.9315071806
3161,303140.11839823955
3162,303255.2920633162
3163,303369.8613624085
3164,303483.70861585636
3165,303596.78008900443
3166,303708.5359583707
3167,303818.3457507833
3168,303926.7165808432
3169,304033.89310380677
3170,304139.8143711811
3171,304244.95539192355
3172,304349.1256711459
3173,304452.69785703206
3174,304555.6412290983
3175,304658.28703208594
3176,304760.3590182414
3177,304861.98642422445
3178,304963.51754038106
3179,305065.27292735333
3180,305166.861838617
3181,305268.24145904713
3182,305369.43098331883
3183,305471.04186158674
3184,305573.12884445814
3185,305675.34943772387
3186,305778.1265285778
3187,305880.8033637088
3188,305983.25646978937
3189,306084.8545559411
3190,306184.93462548475
3191,306284.0180398471
3192,306381.27833220345
3193,306477.23337062594
3194,306571.4804527533
3195,306664.917012061
3196,306757.3005358968
3197,306849.01449913345
3198,306939.7548248665
3199,307029.2711361484
3200,307117.66069219826
3201,307204.154090933
3202,307288.27627263375
3203,307370.0269833316
3204,307449.2457337404
3205,307526.5159802862
3206,307601.65225762356
3207,307675.4637249639
3208,307747.8005904734
3209,307818.66735406284
3210,307888.22792286304
3211,307956.9156710847
3212,308024.5713838449
3213,308090.5802234435
3214,308155.0397944664
3215,308217.6633184888
3216,308277.7581594885
3217,308335.9111177236
3218,308393.5022986743
3219,308449.73384522635
3220,308503.9763945759
3221,308556.6463185928
3222,308607.88346740283
3223,308658.4549064245
3224,308708.37111888535
3225,308757.0823612582
3226,308804.378483895
3227,308850.7631855309
3228,308896.8744556025
3229,308943.15092762973
3230,308988.93949165335
3231,309034.1515395567
3232,309079.2587556943
3233,309124.50484070793
3234,309169.9614646084
3235,309215.6391782563
3236,309261.5176998486
3237,309308.04226170684
3238,309354.94938857073
3239,309402.181195018
3240,309449.4159289754
3241,309496.963969116
3242,309545.1977315839
3243,309593.5379144152
3244,309641.9669927765
3245,309690.4381143364
3246,309738.46711366356
3247,309786.6110184785
3248,309834.94266306947
3249,309883.3038152791
3250,309932.12971085985
3251,309981.11985925905
3252,310029.9534947962
3253,310078.5612389193
3254,310126.2994434591
3255,310172.8489854694
3256,310218.391219865
3257,310262.60912744544
3258,310305.6253739008
3259,310347.2772150306
3260,310387.2066191019
3261,310425.5223305286
3262,310462.8537930672
3263,310498.55341227655
3264,310533.44968322327
3265,310567.294979538
3266,310600.2860020598
3267,310633.1260666915
3268,310666.1990590097
3269,310699.7660208569
3270,310733.68845387304
3271,310767.7907178968
3272,310801.949582022
3273,310836.570301025
3274,310871.49863795814
3275,310906.80133563775
3276,310942.1246863175
3277,310977.6762289573
3278,311013.4536339709
3279,311049.16797503445
3280,311084.39153801085
3281,311119.0219484134
3282,311153.49989014637
3283,311188.18042972236
3284,311222.9175554484
3285,311257.5248495956
3286,311291.6037951951
3287,311324.9240635919
3288,311356.28738371865
3289,311386.25322521204
3290,311414.662321359
3291,311441.92293670354
3292,311468.43313429086
3293,311494.6251449555
3294,311520.39544809563
3295,311546.26166840794
3296,311572.4979290984
3297,311599.45111247944
3298,311627.2695672226
3299,311655.70088541065
3300,311684.56760391855
3301,311713.7193379827
3302,311742.83955483313
3303,311771.7283116211
3304,311799.66318241117
3305,311826.6199247847
3306,311852.73056629125
3307,311877.7731524429
3308,311901.2625518043
3309,311922.99127161904
3310,311942.78813697473
3311,311961.0369844929
3312,311978.2983996055
3313,311994.96396571526
3314,312011.20967864763
3315,312027.6191253516
3316,312043.87711278856
3317,312060.3385973296
3318,312076.45875745255
3319,312092.638225136
3320,312108.7474844001
3321,312124.55491936515
3322,312139.4896490474
3323,312153.66435703693
3324,312167.0337731684
3325,312180.1704765963
3326,312193.3356160194
3327,312206.5625988435
3328,312219.895467374
3329,312233.47051563225
3330,312247.5928587577
3331,312262.43807374476
3332,312277.93863367406
3333,312294.05984110635
3334,312310.7869462297
3335,312328.05931576656
3336,312345.28057746444
3337,312362.08901448495
3338,312377.90258807916
3339,312392.93123773526
3340,312407.09206025297
3341,312420.2905945391
3342,312432.73435649334
3343,312444.5815026257
3344,312455.8105573693
3345,312466.7747232692
3346,312477.51272045844
3347,312488.06235615676
3348,312498.5304684468
3349,312508.8770291202
3350,312518.97447678423
3351,312528.9076394567
3352,312538.64461027225
3353,312548.024471977
3354,312557.4132628642
3355,312566.84542532987
3356,312576.3835007312
3357,312586.2094551041
3358,312596.22075280006
3359,312606.48411106213
3360,312616.9196681466
3361,312627.30776243686
3362,312637.4532020778
3363,312646.7484722742
3364,312654.9710217482
3365,312662.39150616067
3366,312669.0084130769
3367,312675.1240326656
3368,312680.45904627175
3369,312685.67642202653
3370,312690.93491417496
3371,312696.37347683264
3372,312702.0395984631
3373,312708.0513569811
3374,312714.34108636976
3375,312720.47848649987
3376,312726.27568978013
3377,312731.5577276375
3378,312736.3241870648
3379,312740.68882885284
3380,312744.86962803
3381,312748.9732136825
3382,312753.05005085794
3383,312757.0876710462
3384,312761.0619858742
3385,312765.0602269673
3386,312769.0092660928
3387,312772.7963331255
3388,312776.4264179263
3389,312779.9811748291
3390,312783.63762687915
3391,312787.38882852445
3392,312791.23416693934
3393,312795.31232419726
3394,312799.7355920446
3395,312804.63687238266
3396,312810.12973292364
3397,312816.1202095717
3398,312822.38525360066
3399,312828.4606046973
3400,312834.06211637455
3401,312839.18157627614
3402,312844.0342364806
3403,312848.7633520898
3404,312853.92033794016
3405,312859.2846419767
3406,312864.9440642165
3407,312870.8041844261
3408,312876.95185710443
3409,312883.4289394974
3410,312890.22900464805
3411,312897.48628807446
3412,312905.19958716165
3413,312912.622381413
3414,312919.93572277913
3415,312927.06781265436
3416,312933.1475441466
3417,312938.7896029083
3418,312944.3355138373
3419,312949.9319696359
3420,312955.63052898337
3421,312961.40268306393
3422,312967.317120058
3423,312973.4747731282
3424,312979.81892193784
3425,312985.9970963311
3426,312991.9970963311
3427,312998.0161121536
3428,313004.30917610315
3429,313010.76413614757
3430,313017.5031648745
3431,313024.5766127474
3432,313031.7169237146
3433,313038.7193013506
3434,313045.4429927599
3435,313051.81017911417
3436,313057.71892074053
3437,313063.09720357106
3438,313067.99547483615
3439,313072.6130238579
3440,313077.04217362474
3441,313081.48683078395
3442,313085.83355377876
3443,313089.87771449983
3444,313093.8936357741
3445,313097.98455495306
3446,313102.0518665092
3447,313106.2604799437
3448,313110.50933752995
3449,313114.699176237
3450,313118.3905378845
3451,313122.029808409
3452,313125.340937833
3453,313128.4996881823
3454,313131.6247922374
3455,313134.78590728773
3456,313138.16611897136
3457,313141.8013145445
3458,313145.7072951063
3459,313149.8776411852
3460,313153.95514396776
3461,313157.91293846915
3462,313161.99388979404
3463,313166.1580754237
3464,313170.21480435494
3465,313174.6416249561
3466,313179.41608360654
3467,313184.42953603686
3468,313189.6530300967
3469,313195.0278361632
3470,313200.3490299173
3471,313205.3490299173
3472,313210.3489383232
3473,313214.9508016151
3474,313218.9681254943
3475,313222.1800024122
3476,313224.53133890545
3477,313226.7749891264
3478,313228.8945508597
3479,313231.1726812953
3480,313233.86666613264
3481,313236.9638876362
3482,313240.4320287108
3483,313244.24419595493
3484,313248.41768455063
3485,313253.0891527392
3486,313258.31524897506
3487,313263.7701475192
3488,313269.203386115
3489,313274.6377316573
3490,313279.7439957268
3491,313284.35600778053
3492,313288.8733297984
3493,313293.18137585674
3494,313297.3802047694
3495,313301.51974581415
3496,313305.8449224332
3497,313310.4906791311
3498,313315.5997848942
3499,313321.1841045399
3500,313327.03971862455
3501,313332.7722182856
3502,313338.28039962397
3503,313343.1760215618
3504,313347.3889060679
3505,313351.6779946937
3506,313356.0098862688
3507,313360.45473299606
3508,313365.2500233526
3509,313370.07887107774
3510,313375.2755085864
3511,313381.04459739465
3512,313387.3098891013
3513,313393.9905648472
3514,313400.54925157194
3515,313407.31547297834
3516,313413.76250201074
3517,313420.4056640134
3518,313427.1840936255
3519,313433.70207948005
3520,313440.33134638803
3521,313446.67506818654
3522,313453.1534120542
3523,313459.67246609664
3524,313465.48615114094
3525,313470.8909563527
3526,313476.01850077463
3527,313480.89125927526
3528,313485.4434892329
3529,313489.70121132454
3530,313493.75896775577
3531,313497.75896775577
3532,313501.89563660795
3533,313506.273667352
3534,313510.9790454016
3535,313515.97801328293
3536,313521.21747464593
3537,313526.687653959
3538,313532.00588689925
3539,313537.46163501625
3540,313542.93652006926
3541,313547.8543154601
3542,313552.8205841263
3543,313557.7275130448
3544,313562.73884557205
3545,313568.2123241271
3546,313574.04807991424
3547,313580.3097968233
3548,313586.88792650495
3549,313593.9542043723
3550,313601.18631590204
3551,313608.5604248115
3552,313616.2324394995
3553,313624.0259965039
3554,313631.3237244842
3555,313637.92713644565
3556,313643.6060869352
3557,313648.60198360664
3558,313653.12259562314
3559,313657.27354297787
3560,313661.5257547449
3561,313666.0005722264
3562,313670.71292838076
3563,313675.8109010915
3564,313681.2266774857
3565,313686.91501215135
3566,313692.65314182907
3567,313698.22268980293
3568,313703.08674995386
3569,313708.24931026594
3570,313713.17560404516
3571,313718.45339933306
3572,313724.0019344111
3573,313730.0661123329
3574,313736.71739001386
3575,313743.9427460732
3576,313751.7646942919
3577,313759.8991339907
3578,313768.0012116847
3579,313775.8466857688
3580,313783.3210289874
3581,313790.0594035992
3582,313796.5352853126
3583,313802.5925766042
3584,313808.63997120457
3585,313814.762364298
3586,313820.8520005943
3587,313826.9197650197
3588,313832.9669008868
3589,313838.8872638954
3590,313844.38684928336
3591,313849.25851500785
3592,313853.5938507702
3593,313857.69273020525
3594,313861.360505245
3595,313865.0778880856
3596,313868.848498309
3597,313872.7761401136
3598,313876.92164784507
