Time,Global accumulated stop Delay
0,0.0
1,0.0
2,0.0
3,0.0
4,0.0
5,0.0
6,0.0
7,0.0
8,0.0
9,0.0
10,0.0
11,0.0
12,0.0
13,0.0
14,0.0
15,0.0
16,0.0
17,0.0
18,0.0
19,0.0
20,0.0
21,0.0
22,0.0
23,0.0
24,0.0
25,0.0
26,0.0
27,0.0
28,0.0
29,0.0
30,0.0
31,0.0
32,0.0
33,0.0
34,0.0
35,0.0
36,0.0
37,0.6981421424836604
38,1.6981421424836602
39,3.0264988822634864
40,5.321259500590993
41,8.321259500590994
42,10.321259500590994
43,12.321259500590994
44,14.321259500590994
45,16.321259500590994
46,18.95121476211859
47,21.95121476211859
48,24.95121476211859
49,27.95121476211859
50,31.556787916052677
51,35.55678791605268
52,38.55678791605268
53,41.55678791605268
54,45.54706088556947
55,50.20346408732748
56,55.20346408732748
57,60.20346408732748
58,65.20346408732748
59,70.20346408732748
60,75.8228239511092
61,82.72150646364634
62,87.55487282860578
63,91.55487282860578
64,95.55487282860578
65,99.55487282860578
66,103.55487282860578
67,107.55487282860578
68,111.55487282860578
69,115.55487282860578
70,119.84590287926413
71,124.84590287926413
72,128.15199251884596
73,130.15199251884596
74,132.15199251884596
75,134.15199251884596
76,136.15199251884596
77,138.15199251884596
78,140.15199251884596
79,142.15199251884596
80,144.15199251884596
81,146.15199251884596
82,146.15199251884596
83,146.15199251884596
84,146.15199251884596
85,146.1687765801486
86,147.1687765801486
87,148.95332430531442
88,150.95332430531442
89,152.95332430531442
90,154.95332430531442
91,156.95332430531442
92,157.95332430531442
93,158.95332430531442
94,159.95332430531442
95,160.95332430531442
96,161.95332430531442
97,163.87020997923437
98,166.00764615001253
99,169.72250132005593
100,173.72250132005593
101,177.72250132005593
102,178.72250132005593
103,180.7022084467841
104,182.7022084467841
105,184.7022084467841
106,186.7022084467841
107,188.7022084467841
108,190.7022084467841
109,192.7022084467841
110,194.7022084467841
111,196.7022084467841
112,196.7022084467841
113,196.7022084467841
114,196.7022084467841
115,196.7022084467841
116,196.7022084467841
117,196.7022084467841
118,197.50789876218695
119,198.50789876218695
120,199.50789876218695
121,200.50789876218695
122,200.6963054423037
123,201.6963054423037
124,202.6963054423037
125,203.6963054423037
126,204.6963054423037
127,205.6963054423037
128,207.11734783511713
129,209.11734783511713
130,211.11734783511713
131,213.11734783511713
132,214.11734783511713
133,215.11734783511713
134,216.11734783511713
135,217.14731257591058
136,219.14731257591058
137,221.15185316138576
138,224.15185316138576
139,227.15185316138576
140,230.15185316138576
141,233.15185316138576
142,235.15185316138576
143,237.15185316138576
144,239.15185316138576
145,241.15185316138576
146,243.15185316138576
147,245.88993851606253
148,248.88993851606253
149,251.88993851606253
150,254.88993851606253
151,257.88993851606256
152,259.88993851606256
153,261.88993851606256
154,263.88993851606256
155,265.88993851606256
156,267.88993851606256
157,269.88993851606256
158,273.39752254499916
159,278.2009952378742
160,283.617440628291
161,291.3767664888847
162,299.65289593073265
163,307.65289593073265
164,315.6586489151482
165,324.6586489151482
166,333.6586489151482
167,342.6586489151482
168,351.6586489151482
169,360.6586489151482
170,371.34067483467345
171,382.34067483467345
172,390.04067483467344
173,395.9406748346734
174,400.9406748346734
175,405.9406748346734
176,410.9406748346734
177,415.9406748346734
178,420.9406748346734
179,426.93769331854674
180,433.65023311423397
181,440.65023311423397
182,447.65023311423397
183,455.1806055957382
184,463.27070310664203
185,472.27070310664203
186,481.27070310664203
187,490.27070310664203
188,499.27070310664203
189,507.27070310664203
190,514.270703106642
191,520.370703106642
192,526.370703106642
193,532.370703106642
194,538.370703106642
195,545.0028287222499
196,553.0028287222499
197,561.0028287222499
198,569.0807296359496
199,574.9807296359496
200,578.9807296359496
201,583.2145038069044
202,588.3447118228986
203,594.3447118228986
204,600.3447118228986
205,606.3447118228986
206,612.3447118228986
207,618.3447118228986
208,624.3447118228986
209,628.3447118228986
210,632.9772178454003
211,637.2772178454003
212,641.2772178454003
213,645.2772178454003
214,649.2772178454003
215,653.684718463449
216,658.684718463449
217,663.684718463449
218,668.684718463449
219,672.557786964818
220,676.6322313448536
221,680.6322313448536
222,685.5146643046382
223,691.8855638521397
224,698.8855638521397
225,706.2125358743476
226,714.2125358743476
227,722.2125358743476
228,730.2125358743476
229,738.2125358743476
230,746.2125358743476
231,754.2353509709817
232,763.2353509709817
233,772.2353509709817
234,781.566090982735
235,791.6689598326071
236,802.6689598326071
237,813.6689598326071
238,824.6689598326071
239,833.6689598326071
240,840.6689598326071
241,847.8017885097388
242,854.8017885097388
243,861.8017885097388
244,868.8017885097388
245,875.8017885097388
246,882.8017885097388
247,889.8017885097388
248,896.8017885097388
249,901.8017885097388
250,904.9017885097388
251,907.6081677873835
252,910.6081677873835
253,913.6081677873835
254,917.6393670970854
255,922.6393670970854
256,927.6393670970854
257,933.4527200662052
258,940.4527200662052
259,945.4527200662052
260,949.0412105192084
261,952.2412105192085
262,955.2412105192085
263,958.2412105192085
264,961.2412105192085
265,964.2412105192085
266,967.2412105192085
267,970.328091740783
268,974.328091740783
269,977.2280917407829
270,979.2280917407829
271,981.2280917407829
272,983.2280917407829
273,985.2280917407829
274,987.2280917407829
275,989.713135665821
276,992.713135665821
277,995.713135665821
278,998.713135665821
279,1000.713135665821
280,1003.6309269304494
281,1006.6309269304494
282,1009.6309269304494
283,1012.6309269304494
284,1015.6309269304494
285,1018.6309269304494
286,1021.6309269304494
287,1024.6309269304495
288,1028.160892799667
289,1029.160892799667
290,1030.160892799667
291,1031.160892799667
292,1032.160892799667
293,1033.160892799667
294,1034.160892799667
295,1035.160892799667
296,1036.160892799667
297,1037.160892799667
298,1038.160892799667
299,1038.160892799667
300,1038.160892799667
301,1038.160892799667
302,1038.160892799667
303,1038.160892799667
304,1038.367088791407
305,1039.367088791407
306,1040.367088791407
307,1041.367088791407
308,1042.367088791407
309,1042.367088791407
310,1042.367088791407
311,1042.367088791407
312,1042.367088791407
313,1042.904535800375
314,1043.904535800375
315,1044.904535800375
316,1045.904535800375
317,1046.904535800375
318,1047.904535800375
319,1047.904535800375
320,1047.904535800375
321,1047.904535800375
322,1048.3130681632383
323,1049.3130681632383
324,1050.3130681632383
325,1051.3130681632383
326,1052.3130681632383
327,1053.642711250045
328,1055.642711250045
329,1056.642711250045
330,1057.642711250045
331,1058.642711250045
332,1059.642711250045
333,1060.642711250045
334,1061.642711250045
335,1062.642711250045
336,1063.642711250045
337,1064.6488430503716
338,1067.5653986358896
339,1068.5653986358896
340,1069.5653986358896
341,1070.5653986358896
342,1071.5653986358896
343,1072.5653986358896
344,1073.5653986358896
345,1075.5715088053203
346,1078.5715088053203
347,1081.5715088053203
348,1084.5715088053203
349,1085.5715088053203
350,1086.5715088053203
351,1087.5715088053203
352,1088.5715088053203
353,1089.5715088053203
354,1092.2647521908953
355,1095.2647521908953
356,1098.2647521908953
357,1101.2647521908953
358,1104.2647521908953
359,1106.2647521908953
360,1108.2647521908953
361,1110.7537972582736
362,1113.7537972582736
363,1116.7537972582736
364,1119.7537972582736
365,1124.003536878236
366,1129.003536878236
367,1134.003536878236
368,1139.003536878236
369,1142.003536878236
370,1145.4379422188358
371,1149.4379422188358
372,1153.4379422188358
373,1157.5201884003209
374,1162.5201884003209
375,1167.9374906768853
376,1174.1466503562394
377,1181.1466503562394
378,1188.1466503562394
379,1192.0466503562395
380,1194.529776491392
381,1196.629776491392
382,1198.629776491392
383,1200.629776491392
384,1203.5444061278629
385,1207.5444061278629
386,1212.2394371268733
387,1218.9014116656895
388,1226.9014116656895
389,1232.9014116656895
390,1237.9014116656895
391,1242.9014116656895
392,1248.8085869991367
393,1254.8085869991367
394,1260.8458788755727
395,1269.5346562633724
396,1279.1651643477464
397,1290.0616128126844
398,1302.002061875499
399,1311.002061875499
400,1318.002061875499
401,1324.1791943575438
402,1330.4672807844554
403,1337.4866080314562
404,1345.4866080314562
405,1353.4866080314562
406,1361.8760173709736
407,1372.1663604328237
408,1383.1663604328237
409,1394.544216435552
410,1406.9541563967953
411,1419.9541563967953
412,1433.7577747809178
413,1447.7577747809178
414,1461.7577747809178
415,1475.7577747809178
416,1486.7577747809178
417,1496.2779465534036
418,1506.2779465534036
419,1516.2779465534036
420,1528.5688927340293
421,1542.5688927340293
422,1556.7712040379688
423,1572.4564716424943
424,1588.7405652148295
425,1605.7405652148295
426,1621.9846821898386
427,1637.9846821898386
428,1652.1846821898387
429,1664.6846821898387
430,1676.8095402982428
431,1689.2335300216373
432,1702.6266402892866
433,1718.4653239935726
434,1735.357489747751
435,1752.357489747751
436,1769.357489747751
437,1786.357489747751
438,1803.357489747751
439,1820.357489747751
440,1837.3921821345352
441,1855.3921821345352
442,1873.8664132815238
443,1892.8664132815238
444,1913.1683398573168
445,1935.3416635942924
446,1955.3416635942924
447,1972.8813125942543
448,1989.5537494047546
449,2007.1524104143632
450,2023.3524104143632
451,2038.6672293056324
452,2053.159380322124
453,2068.3902799683783
454,2084.3902799683783
455,2100.5020926085263
456,2117.5020926085263
457,2134.5020926085263
458,2152.0264305677556
459,2170.911310980435
460,2189.911310980435
461,2209.0952674087957
462,2229.5008470590296
463,2247.5008470590296
464,2262.6008470590295
465,2275.2008470590295
466,2285.9008470590293
467,2294.9008470590293
468,2302.9008470590293
469,2311.0797516246867
470,2320.9577993540734
471,2331.090191224993
472,2342.090191224993
473,2353.090191224993
474,2364.090191224993
475,2375.1625209511167
476,2387.1625209511167
477,2399.1625209511167
478,2411.641055726723
479,2424.641055726723
480,2434.641055726723
481,2443.616151348691
482,2451.916151348691
483,2460.016151348691
484,2468.502578186512
485,2477.502578186512
486,2487.2933415638418
487,2497.2933415638418
488,2507.981190978851
489,2518.981190978851
490,2529.981190978851
491,2541.0758120900537
492,2553.0758120900537
493,2565.5185930137277
494,2578.5185930137277
495,2591.5185930137277
496,2604.5185930137277
497,2614.5185930137277
498,2622.1185930137276
499,2628.2329410038296
500,2632.9329410038295
501,2636.9329410038295
502,2641.789814243433
503,2647.789814243433
504,2653.789814243433
505,2660.1244335918295
506,2667.8678004641515
507,2677.40653959869
508,2689.034233616302
509,2701.5331601856105
510,2714.5331601856105
511,2727.5331601856105
512,2741.369114165754
513,2755.369114165754
514,2767.269114165754
515,2777.1691141657543
516,2785.369114165754
517,2793.08492629095
518,2801.08492629095
519,2809.08492629095
520,2817.08492629095
521,2825.08492629095
522,2833.822072742039
523,2842.822072742039
524,2848.822072742039
525,2852.822072742039
526,2855.534595598969
527,2859.51243251223
528,2863.51243251223
529,2867.9843844768566
530,2872.9843844768566
531,2878.466031670204
532,2884.466031670204
533,2892.2825488226895
534,2901.1516540258067
535,2911.657428871074
536,2922.657428871074
537,2933.657428871074
538,2945.220205861308
539,2959.220205861308
540,2973.220205861308
541,2985.220205861308
542,2995.320205861308
543,3004.4202058613077
544,3012.720205861308
545,3020.720205861308
546,3028.720205861308
547,3036.998962353
548,3045.998962353
549,3055.1149356359674
550,3065.243757447132
551,3073.7427049801922
552,3080.842704980192
553,3086.2427049801922
554,3091.2427049801922
555,3096.2427049801922
556,3102.0074046143613
557,3109.1533690946553
558,3118.1533690946553
559,3127.1533690946553
560,3136.1533690946553
561,3143.1533690946553
562,3149.1533690946553
563,3155.0523767597956
564,3160.2523767597954
565,3165.2523767597954
566,3170.9678038309025
567,3176.9678038309025
568,3183.687002411939
569,3191.660659151342
570,3199.660659151342
571,3204.660659151342
572,3208.503272704082
573,3212.703272704082
574,3216.703272704082
575,3220.703272704082
576,3225.401589556782
577,3230.401589556782
578,3235.401589556782
579,3241.065524921595
580,3248.065524921595
581,3255.1732055601487
582,3263.1732055601487
583,3271.6147202178463
584,3280.835810354968
585,3291.835810354968
586,3303.5633324297655
587,3315.5633324297655
588,3326.5633324297655
589,3336.6633324297654
590,3345.7633324297653
591,3354.7633324297653
592,3363.860140182982
593,3373.860140182982
594,3383.860140182982
595,3394.445154660327
596,3405.5285121624133
597,3417.715744085523
598,3427.715744085523
599,3435.020480819889
600,3441.4204808198892
601,3447.845441603945
602,3455.845441603945
603,3464.224098647043
604,3474.214710420812
605,3485.214710420812
606,3496.396766131956
607,3508.396766131956
608,3520.396766131956
609,3532.5363365005383
610,3545.947850552504
611,3559.947850552504
612,3574.4858669613045
613,3589.6858669613043
614,3606.6146917271785
615,3621.1053856843982
616,3634.1053856843982
617,3645.305385684398
618,3654.805385684398
619,3665.057942096616
620,3675.3551182506603
621,3686.3551182506603
622,3697.3551182506603
623,3708.3949119756608
624,3720.3949119756608
625,3732.497914487188
626,3745.6284837572457
627,3759.8153802821184
628,3774.8153802821184
629,3790.329171913935
630,3806.329171913935
631,3822.4334389036926
632,3836.233438903693
633,3848.233438903693
634,3859.256810913331
635,3871.256810913331
636,3883.256810913331
637,3895.256810913331
638,3907.256810913331
639,3919.256810913331
640,3931.663246178816
641,3944.663246178816
642,3954.9054029275744
643,3962.9054029275744
644,3969.7682912669134
645,3976.9579793462844
646,3983.993291619328
647,3992.086084458438
648,4001.086084458438
649,4010.086084458438
650,4019.9177807367796
651,4030.637517993965
652,4041.637517993965
653,4052.637517993965
654,4063.637517993965
655,4074.637517993965
656,4085.7775641006156
657,4097.777564100616
658,4110.304561307812
659,4121.571621612261
660,4130.70176696857
661,4141.0312302955535
662,4151.331230295554
663,4161.331230295554
664,4171.4578256783
665,4182.4578256783
666,4193.893105893312
667,4205.994114822103
668,4219.409463639484
669,4231.409463639484
670,4243.486062450286
671,4255.586062450287
672,4267.286062450286
673,4278.686062450286
674,4289.686062450286
675,4301.299568169203
676,4314.299568169203
677,4327.299568169203
678,4340.299568169203
679,4353.777125955636
680,4368.718724315706
681,4383.718724315706
682,4398.718724315706
683,4413.829864280499
684,4430.140746371077
685,4447.140746371077
686,4461.152160971612
687,4473.252160971612
688,4484.56518455759
689,4495.46518455759
690,4505.46518455759
691,4516.191346387147
692,4527.191346387147
693,4538.191346387147
694,4549.191346387147
695,4561.92059037928
696,4577.01315343916
697,4593.017936495757
698,4610.017936495757
699,4627.744051055924
700,4645.744051055924
701,4663.744051055924
702,4681.744051055924
703,4696.644051055923
704,4708.644051055923
705,4719.163665216867
706,4729.64624612157
707,4738.64624612157
708,4746.64624612157
709,4754.64624612157
710,4762.64624612157
711,4771.079913338711
712,4780.079913338711
713,4789.079913338711
714,4798.99725378686
715,4808.99725378686
716,4819.473398443614
717,4831.065742240748
718,4843.065742240748
719,4855.065742240748
720,4865.965742240747
721,4875.965742240747
722,4885.969370039694
723,4896.969370039694
724,4908.560351076361
725,4920.560351076361
726,4933.18790401501
727,4946.2984251014095
728,4960.531960380908
729,4976.531960380908
730,4989.231960380907
731,4999.231960380907
732,5006.331960380908
733,5011.731960380907
734,5016.731960380907
735,5022.2119141193025
736,5029.2119141193025
737,5036.2119141193025
738,5044.095243702528
739,5052.095243702528
740,5060.095243702528
741,5068.925510945122
742,5077.925510945122
743,5086.925510945122
744,5095.951488418209
745,5105.951488418209
746,5116.83215191404
747,5126.313946286419
748,5135.576718701455
749,5144.9235860154695
750,5156.112804619661
751,5167.623198649368
752,5179.623198649368
753,5192.408417854129
754,5206.200064521998
755,5220.200064521998
756,5234.200064521998
757,5245.629153781892
758,5255.629153781892
759,5265.524218456213
760,5275.149388499879
761,5285.649388499879
762,5295.649388499879
763,5306.470304294911
764,5318.182279538177
765,5332.698466714254
766,5348.883251565498
767,5367.5126129648315
768,5387.5126129648315
769,5407.5126129648315
770,5428.030628157966
771,5449.030628157966
772,5470.030628157966
773,5493.116418107338
774,5515.414388024468
775,5536.514388024469
776,5556.852734893505
777,5576.136770107078
778,5594.236770107078
779,5611.732904426993
780,5628.732904426993
781,5645.720316323152
782,5663.119190391272
783,5681.392199602889
784,5700.392199602889
785,5719.392199602889
786,5739.3844372123895
787,5759.3844372123895
788,5780.315670718337
789,5804.235774057966
790,5829.945080324933
791,5856.22802098742
792,5883.22802098742
793,5910.261872952459
794,5938.261872952459
795,5966.261872952459
796,5994.558469752676
797,6023.558469752676
798,6049.975610119068
799,6075.075610119068
800,6098.475610119068
801,6120.675610119068
802,6142.607318286709
803,6164.636911950881
804,6187.236911950881
805,6209.9942302542995
806,6234.476523034317
807,6260.212958080197
808,6284.512958080197
809,6309.319249062717
810,6335.124504779575
811,6362.568124210583
812,6390.568124210583
813,6420.277943306069
814,6452.966735616402
815,6485.966735616402
816,6519.66212283976
817,6554.66212283976
818,6588.044923072688
819,6619.1449230726885
820,6647.594604194263
821,6675.5927166031315
822,6701.8268641128625
823,6726.8268641128625
824,6751.354670790032
825,6775.054670790032
826,6798.779255714586
827,6823.839657895517
828,6848.039657895517
829,6871.239657895517
830,6895.080041838598
831,6919.722861474876
832,6945.952773360195
833,6973.881874447842
834,7001.881874447842
835,7029.881874447842
836,7058.583875492423
837,7088.583875492423
838,7118.583875492423
839,7148.583875492423
840,7179.005852587595
841,7211.005852587595
842,7240.520423789316
843,7267.520423789316
844,7292.9204237893155
845,7316.520423789316
846,7339.83505916036
847,7362.881781666402
848,7385.6817816664025
849,7408.797816865157
850,7434.824913591698
851,7461.824913591698
852,7489.925861404968
853,7518.925861404968
854,7548.41282365532
855,7579.021846389085
856,7611.45546693923
857,7644.746285589736
858,7678.746285589736
859,7709.746285589736
860,7738.846285589736
861,7766.346285589736
862,7793.669491435455
863,7822.09572910326
864,7852.9596421800015
865,7885.482981304769
866,7917.482981304769
867,7949.40252552105
868,7982.326162194173
869,8016.822279162911
870,8052.539434398274
871,8088.539434398274
872,8125.57524775312
873,8164.599812411806
874,8204.599812411807
875,8245.409007579476
876,8285.309007579475
877,8323.330905919684
878,8359.730905919683
879,8395.636622047861
880,8430.467424992868
881,8465.064330804866
882,8500.284453088618
883,8535.284453088618
884,8570.322258557375
885,8606.304754215042
886,8643.002438014308
887,8681.68661546699
888,8721.244336162878
889,8762.628267195023
890,8804.719317692896
891,8847.719317692896
892,8891.141128557547
893,8932.141128557547
894,8971.141128557547
895,9008.241128557547
896,9044.057877909068
897,9078.545558592734
898,9112.245558592735
899,9145.435971418738
900,9178.611630935473
901,9211.111630935473
902,9242.411630935472
903,9272.95240690224
904,9302.981851176502
905,9332.481851176502
906,9361.481851176502
907,9391.807716836862
908,9423.62520721083
909,9456.610636299127
910,9491.329991837461
911,9528.544902794798
912,9566.544902794798
913,9604.524515691284
914,9640.724515691285
915,9676.469855608324
916,9713.034330906981
917,9748.61147573144
918,9784.370495360576
919,9820.003677727456
920,9855.294401593972
921,9889.686838281043
922,9923.371429457755
923,9958.1507425648
924,9992.63442618518
925,10027.422492978636
926,10062.996773699431
927,10099.789360685063
928,10135.675193839112
929,10170.875193839112
930,10206.175324800915
931,10241.701070677087
932,10278.212203390694
933,10316.32788065134
934,10353.505521070882
935,10391.801691522849
936,10430.00169152285
937,10468.20930949773
938,10507.321653501733
939,10546.138822658042
940,10585.124388085547
941,10623.424388085548
942,10660.81989724025
943,10697.51989724025
944,10731.654787026635
945,10763.554787026635
946,10792.75223955382
947,10822.288131679006
948,10851.619581707057
949,10881.660220041102
950,10910.624994605816
951,10940.88857657684
952,10971.03331774637
953,11006.093769353627
954,11042.793769353628
955,11079.422706186815
956,11119.432890172839
957,11161.164254415457
958,11204.202505962956
959,11249.78335599279
960,11296.696191214123
961,11346.300282546223
962,11397.577839268257
963,11451.318799008372
964,11506.854218676957
965,11564.296825923262
966,11621.449871203053
967,11679.648885063732
968,11736.860356622065
969,11793.019080245218
970,11848.719080245219
971,11903.367806450136
972,11958.243646338036
973,12012.823609295652
974,12065.821439174502
975,12117.463210088574
976,12169.074453333249
977,12221.808000514256
978,12274.141134250152
979,12325.141134250152
980,12375.621111434702
981,12425.909951289823
982,12476.242018550935
983,12526.535670517387
984,12577.23548744947
985,12627.945665634117
986,12679.084204161985
987,12731.666293548342
988,12785.939494992857
989,12841.186894427306
990,12899.423901588878
991,12959.018305094132
992,13019.726135176488
993,13080.940236409424
994,13142.940236409424
995,13204.940236409424
996,13266.940236409424
997,13329.020544006147
998,13392.020544006147
999,13451.920544006149
1000,13508.920544006149
1001,13563.584139574677
1002,13618.226294701017
1003,13673.084195579138
1004,13726.973859307875
1005,13779.673859307875
1006,13830.357332303844
1007,13879.760534539564
1008,13928.386015095812
1009,13976.39527442541
1010,14025.462541590492
1011,14073.569217967028
1012,14120.569217967028
1013,14167.584804568594
1014,14213.86156771781
1015,14260.597239776236
1016,14309.116610445813
1017,14358.116610445813
1018,14407.116610445813
1019,14456.942391499328
1020,14506.942391499328
1021,14557.924303538075
1022,14609.509282362624
1023,14662.69430750415
1024,14718.30338512938
1025,14774.30338512938
1026,14830.30338512938
1027,14886.30338512938
1028,14942.30338512938
1029,14998.88831023459
1030,15053.728682976369
1031,15104.813280428123
1032,15153.113280428124
1033,15198.3664420573
1034,15242.947102907943
1035,15288.625411431785
1036,15333.836434784298
1037,15378.853382608391
1038,15422.67179169712
1039,15465.87179169712
1040,15508.354587818956
1041,15549.984356480616
1042,15592.431052681002
1043,15634.745433664013
1044,15675.083891485712
1045,15713.201377022304
1046,15753.64490604688
1047,15793.500514158168
1048,15836.065666481163
1049,15879.623452671047
1050,15923.409822108246
1051,15966.603167681762
1052,16010.05075253934
1053,16053.247441429985
1054,16097.121724588476
1055,16143.333347966114
1056,16190.917165055827
1057,16239.33270109978
1058,16287.273366459789
1059,16335.773366459789
1060,16385.090347342615
1061,16435.412894042453
1062,16486.412894042453
1063,16537.412894042453
1064,16589.182242179322
1065,16642.763480133806
1066,16696.763480133806
1067,16751.382792792345
1068,16807.90220130363
1069,16864.90220130363
1070,16922.70204286772
1071,16977.70204286772
1072,17030.742134977154
1073,17083.122043000865
1074,17133.713340275113
1075,17182.313340275115
1076,17229.943678894462
1077,17277.843678894464
1078,17323.884215397895
1079,17369.284215397896
1080,17414.011554742327
1081,17455.311554742326
1082,17494.34730813307
1083,17532.44730813307
1084,17569.26634737915
1085,17607.37509473536
1086,17646.919561608807
1087,17687.135851999854
1088,17729.22613117467
1089,17774.271688004937
1090,17820.271688004937
1091,17866.878180020558
1092,17915.60854806452
1093,17964.86813685026
1094,18016.29010973662
1095,18068.29010973662
1096,18120.398861257116
1097,18173.398861257116
1098,18224.88290654519
1099,18274.08290654519
1100,18320.58290654519
1101,18364.70131564804
1102,18408.42662410155
1103,18451.517582144443
1104,18494.0142892832
1105,18535.94578661328
1106,18576.854436553585
1107,18616.754436553587
1108,18657.148233801454
1109,18698.25040206018
1110,18739.40040255067
1111,18780.311923353485
1112,18820.807161901324
1113,18861.673704471817
1114,18902.473704471817
1115,18942.784098920976
1116,18982.95445024281
1117,19024.646987303615
1118,19066.353490557085
1119,19108.353490557085
1120,19149.453490557084
1121,19189.853490557085
1122,19229.853490557085
1123,19269.853490557085
1124,19311.348822578173
1125,19354.04241372964
1126,19397.04241372964
1127,19440.836615019765
1128,19486.338590848056
1129,19533.034924048814
1130,19580.034924048814
1131,19627.43935446811
1132,19674.43935446811
1133,19722.295774562077
1134,19770.295774562077
1135,19818.295774562077
1136,19863.095774562076
1137,19905.965070254413
1138,19947.980686017352
1139,19989.718046949733
1140,20030.218046949733
1141,20069.205886591546
1142,20107.80678994679
1143,20145.7187426141
1144,20182.420193353264
1145,20218.320193353265
1146,20252.620193353265
1147,20285.928556837134
1148,20318.46994789596
1149,20349.46994789596
1150,20379.368924108578
1151,20409.592401532136
1152,20441.300432680837
1153,20473.8135972171
1154,20507.18398633274
1155,20540.90502039544
1156,20575.10502039544
1157,20609.09888339636
1158,20643.937989649075
1159,20679.749642337272
1160,20716.595407758
1161,20755.539582841226
1162,20798.309862222297
1163,20843.309862222297
1164,20889.927514266925
1165,20936.927514266925
1166,20983.927514266925
1167,21028.52962943015
1168,21071.52962943015
1169,21113.221034279544
1170,21157.008635987328
1171,21201.440751957274
1172,21248.55475066272
1173,21297.645298248815
1174,21346.645298248815
1175,21396.557516298602
1176,21446.98142673617
1177,21498.479363876377
1178,21550.979363876377
1179,21603.725838531474
1180,21657.725838531474
1181,21712.301449521412
1182,21768.127485859994
1183,21825.127485859994
1184,21882.2429080749
1185,21941.75252187635
1186,22001.75252187635
1187,22061.79054109019
1188,22122.79054109019
1189,22184.274516851754
1190,22246.804465126635
1191,22307.804465126635
1192,22366.33926810306
1193,22425.175245119666
1194,22484.588238784418
1195,22542.28823878442
1196,22598.28823878442
1197,22654.103429564733
1198,22709.903429564733
1199,22763.903429564733
1200,22818.562129250728
1201,22874.099604083425
1202,22930.38245393653
1203,22986.7770360128
1204,23042.73408329548
1205,23097.948169237454
1206,23152.584356930067
1207,23207.58898960527
1208,23261.127506004163
1209,23313.54880515748
1210,23364.845750687957
1211,23414.44575068796
1212,23462.893340061466
1213,23511.31426712325
1214,23560.464700685687
1215,23610.769066131397
1216,23660.859219835307
1217,23711.162235564527
1218,23761.644123970294
1219,23812.878310462824
1220,23863.778310462825
1221,23916.12708000867
1222,23968.96812654246
1223,24022.42908637201
1224,24075.03277096814
1225,24130.03277096814
1226,24185.20879226355
1227,24241.91985487726
1228,24298.91985487726
1229,24357.028585454722
1230,24416.06891917462
1231,24477.254615120175
1232,24540.168933600657
1233,24603.168933600657
1234,24667.064118527942
1235,24732.064118527942
1236,24797.66818172826
1237,24864.640150707954
1238,24931.640150707954
1239,24996.798937088508
1240,25059.89893708851
1241,25120.29893708851
1242,25178.498937088512
1243,25234.29893708851
1244,25288.114867921126
1245,25342.114867921126
1246,25395.52748849543
1247,25448.72748849543
1248,25501.978764963336
1249,25554.478764963336
1250,25606.775503109715
1251,25657.775503109715
1252,25707.93671022878
1253,25758.3439582902
1254,25808.74314885931
1255,25859.5824004278
1256,25910.5824004278
1257,25961.90697828383
1258,26014.416546197197
1259,26067.416546197197
1260,26121.61694567414
1261,26176.61694567414
1262,26231.61694567414
1263,26283.321666563697
1264,26332.584925160438
1265,26380.924053050858
1266,26430.02557777584
1267,26480.111903389123
1268,26528.843531459275
1269,26575.73990545407
1270,26622.932255253418
1271,26669.068112727145
1272,26714.568112727145
1273,26758.268112727146
1274,26801.539673217474
1275,26844.739673217475
1276,26886.139673217476
1277,26925.739673217475
1278,26964.71427709996
1279,27002.59763575437
1280,27038.79763575437
1281,27074.697978715765
1282,27109.697978715765
1283,27145.996826571507
1284,27183.183188646388
1285,27222.183188646388
1286,27261.49001253955
1287,27302.37968235704
1288,27344.37968235704
1289,27386.656957461346
1290,27430.412384534116
1291,27477.564092647768
1292,27525.564092647768
1293,27573.564092647768
1294,27619.157270887816
1295,27662.157270887816
1296,27703.081749666908
1297,27744.279444710588
1298,27785.843532345945
1299,27827.043532345946
1300,27866.167029628443
1301,27904.55847509572
1302,27945.151379127314
1303,27987.419029045755
1304,28030.801401694873
1305,28074.63232964223
1306,28118.656238749085
1307,28162.656238749085
1308,28206.656238749085
1309,28250.656238749085
1310,28294.84794914876
1311,28339.84794914876
1312,28384.84794914876
1313,28429.84794914876
1314,28475.701519300077
1315,28523.5993056228
1316,28573.271579519485
1317,28624.899543059648
1318,28675.899543059648
1319,28723.63857356254
1320,28768.724357679734
1321,28811.148090342936
1322,28851.973042956844
1323,28892.53631389693
1324,28933.120496066796
1325,28974.228948351763
1326,29017.592812011782
1327,29061.934188705407
1328,29107.259272361738
1329,29155.780612127724
1330,29203.780612127724
1331,29251.07203835802
1332,29298.07203835802
1333,29344.920466103657
1334,29391.720466103656
1335,29438.340298506955
1336,29485.93691719596
1337,29534.221344468115
1338,29583.221344468115
1339,29633.831917493695
1340,29685.918206204416
1341,29738.918206204416
1342,29790.07707190924
1343,29840.070920665315
1344,29888.354476314566
1345,29935.799620604943
1346,29982.392176007907
1347,30028.9459904485
1348,30074.83441735491
1349,30120.344740348708
1350,30167.636671130404
1351,30214.836671130404
1352,30262.2998977666
1353,30309.798892753814
1354,30356.51113516896
1355,30402.94337727154
1356,30449.787198048703
1357,30497.39113401693
1358,30546.803928463476
1359,30598.509258466554
1360,30649.809258466554
1361,30701.18912864426
1362,30752.18912864426
1363,30803.922522987134
1364,30857.53337766922
1365,30914.015123892288
1366,30972.391673612903
1367,31031.391673612903
1368,31091.125346265642
1369,31151.8451101096
1370,31212.8451101096
1371,31273.8451101096
1372,31335.66442626585
1373,31394.66442626585
1374,31450.86442626585
1375,31505.695629461952
1376,31561.251449608142
1377,31618.236966396402
1378,31674.64579561917
1379,31730.64579561917
1380,31785.54961125171
1381,31840.259720804785
1382,31894.840328689355
1383,31948.835969729975
1384,32001.16114720831
1385,32052.173320524587
1386,32102.115285547956
1387,32151.302308335988
1388,32201.720133735824
1389,32254.145794131982
1390,32307.32936593187
1391,32360.12936593187
1392,32413.147038497547
1393,32462.24703849755
1394,32510.92689814575
1395,32560.42482979294
1396,32610.7756394127
1397,32661.0756394127
1398,32710.372726709844
1399,32760.780789435485
1400,32810.88467821353
1401,32861.03495246425
1402,32911.94937674605
1403,32963.1847155299
1404,33013.560724885756
1405,33063.369784546216
1406,33112.31545994599
1407,33162.616229107654
1408,33214.0211443832
1409,33265.92272832884
1410,33318.73341704284
1411,33370.418845381195
1412,33421.23191529649
1413,33472.13191529649
1414,33521.13191529649
1415,33570.352865603
1416,33622.261559986735
1417,33674.35131340987
1418,33727.35131340987
1419,33780.35131340987
1420,33833.631025989016
1421,33889.018661367554
1422,33945.13425127561
1423,34003.287570876535
1424,34060.37891659192
1425,34115.27935029873
1426,34169.27935029873
1427,34221.492172385246
1428,34272.48802682897
1429,34323.11872790335
1430,34375.26102954943
1431,34427.35441346603
1432,34481.07359055736
1433,34537.11610107778
1434,34590.53392098465
1435,34640.22084040943
1436,34688.21408959675
1437,34734.62565728226
1438,34779.20879367249
1439,34823.83975025461
1440,34868.714964252824
1441,34915.25980416749
1442,34962.18311919666
1443,35009.583119196664
1444,35056.2202806445
1445,35104.23929517293
1446,35151.552575870934
1447,35199.16879902656
1448,35246.604634716685
1449,35293.928990173394
1450,35341.231890035
1451,35390.531765523534
1452,35439.9342771533
1453,35489.57131576158
1454,35538.84710620541
1455,35587.34710620541
1456,35635.526167621574
1457,35685.33478392788
1458,35737.00884586531
1459,35790.00884586531
1460,35844.29909273546
1461,35899.29909273546
1462,35955.74090467268
1463,36014.246347195476
1464,36073.246347195476
1465,36132.246347195476
1466,36191.246347195476
1467,36250.35049680228
1468,36310.35049680228
1469,36370.35049680228
1470,36431.075857854936
1471,36493.71718229686
1472,36553.71718229686
1473,36611.29570139098
1474,36668.29892854008
1475,36723.630673337604
1476,36778.030673337606
1477,36831.95278276628
1478,36887.480991461576
1479,36944.612074844954
1480,37001.21207484495
1481,37057.012074844955
1482,37112.012074844955
1483,37166.61568904076
1484,37223.71694195328
1485,37280.11694195328
1486,37335.81694195328
1487,37391.22191280176
1488,37447.730805425585
1489,37506.44775315871
1490,37566.837215690495
1491,37627.837215690495
1492,37689.03345627516
1493,37751.1314354352
1494,37814.1314354352
1495,37878.022671130646
1496,37939.04263651004
1497,37999.74440773402
1498,38060.55346198985
1499,38121.501376563494
1500,38182.66483786288
1501,38244.862341505606
1502,38306.375586511655
1503,38368.9264925903
1504,38432.14058686338
1505,38494.94130595453
1506,38556.84466154728
1507,38619.350769023695
1508,38681.88630289528
1509,38743.58630289527
1510,38803.58630289527
1511,38861.78630289527
1512,38920.09454039673
1513,38979.83275426149
1514,39038.861908510386
1515,39097.59342755546
1516,39155.70883553034
1517,39213.20883553034
1518,39269.40883553034
1519,39324.50883553034
1520,39379.208835530335
1521,39433.79664303595
1522,39488.79664303595
1523,39543.79664303595
1524,39599.57452046331
1525,39655.57452046331
1526,39711.57452046331
1527,39768.33700454421
1528,39827.33700454421
1529,39886.33700454421
1530,39945.938376023674
1531,40006.77563473738
1532,40068.58201478684
1533,40131.58201478684
1534,40191.482014786845
1535,40248.58201478684
1536,40304.18709983311
1537,40358.98767842899
1538,40412.78767842899
1539,40465.27218164425
1540,40517.828240291296
1541,40570.03638202852
1542,40621.621808272364
1543,40672.85873454965
1544,40723.666268755405
1545,40773.166268755405
1546,40820.98868090967
1547,40868.08868090967
1548,40913.98703070906
1549,40958.82187564314
1550,41003.021875643135
1551,41046.25230321928
1552,41090.375798907895
1553,41134.1757989079
1554,41176.4757989079
1555,41217.90782522876
1556,41259.03532351926
1557,41299.97432575156
1558,41340.56616808792
1559,41383.20703138964
1560,41425.20703138964
1561,41467.20703138964
1562,41509.20703138964
1563,41551.20703138964
1564,41593.998110511864
1565,41637.83644124347
1566,41681.83644124347
1567,41725.92552188596
1568,41771.403953142646
1569,41817.403953142646
1570,41864.173560510855
1571,41912.778471023725
1572,41958.47847102372
1573,42002.89812448528
1574,42045.925690704855
1575,42088.13358533065
1576,42131.76132679261
1577,42177.14838843813
1578,42223.73692191545
1579,42268.73692191545
1580,42312.62820547045
1581,42356.52789166348
1582,42399.35374871267
1583,42441.35374871267
1584,42482.45080221405
1585,42523.145813758405
1586,42564.04581375841
1587,42603.145813758405
1588,42642.52669845022
1589,42683.85028751304
1590,42725.85028751304
1591,42767.85028751304
1592,42810.96777053915
1593,42854.96777053915
1594,42899.5546441317
1595,42944.5546441317
1596,42987.339725595695
1597,43027.439725595694
1598,43065.34123914281
1599,43101.655104953046
1600,43137.51333364408
1601,43175.078688167145
1602,43212.566556467355
1603,43249.26655646735
1604,43285.155626478685
1605,43320.888047653345
1606,43357.25855050442
1607,43394.26271892655
1608,43430.862718926546
1609,43466.862718926546
1610,43503.340152443976
1611,43540.340152443976
1612,43578.48118969323
1613,43617.48118969323
1614,43656.99659848481
1615,43697.72982160095
1616,43740.464980213954
1617,43784.35821870594
1618,43829.8054485541
1619,43877.52755409156
1620,43923.52755409156
1621,43967.62755409156
1622,44010.05195158998
1623,44051.15195158998
1624,44090.05195158998
1625,44127.45195158998
1626,44163.93349451311
1627,44199.833494513114
1628,44234.03349451311
1629,44266.333494513114
1630,44297.971285669344
1631,44330.59561502067
1632,44363.40909371959
1633,44396.944692445155
1634,44431.64469244515
1635,44466.7500885604
1636,44502.7500885604
1637,44538.7500885604
1638,44574.7500885604
1639,44610.7500885604
1640,44646.7500885604
1641,44682.7500885604
1642,44718.7500885604
1643,44755.34351609435
1644,44791.88253287316
1645,44828.182532873165
1646,44863.38253287316
1647,44897.8069404303
1648,44930.919176889314
1649,44964.01915987408
1650,44997.20312093331
1651,45030.235568358185
1652,45063.53412699919
1653,45097.43412699919
1654,45131.148819838476
1655,45166.435785781556
1656,45203.671918484244
1657,45243.23823043492
1658,45283.23823043492
1659,45323.23823043492
1660,45363.23823043492
1661,45401.41594716926
1662,45438.807328202885
1663,45476.7204776656
1664,45515.3752545898
1665,45554.3752545898
1666,45593.3752545898
1667,45633.18346238781
1668,45674.011318329634
1669,45716.00077327877
1670,45759.185933723566
1671,45800.74204120841
1672,45841.24192454664
1673,45880.61991211022
1674,45917.71991211022
1675,45953.30872581955
1676,45987.94937420185
1677,46022.63415492872
1678,46057.96803565118
1679,46092.11748759328
1680,46127.055601933396
1681,46163.981339434606
1682,46200.481339434606
1683,46235.1813394346
1684,46269.509722048
1685,46306.00114837978
1686,46343.685820153456
1687,46382.082026795404
1688,46421.082026795404
1689,46460.082026795404
1690,46499.082026795404
1691,46538.082026795404
1692,46577.082026795404
1693,46616.082026795404
1694,46655.082026795404
1695,46691.082026795404
1696,46724.1820267954
1697,46755.86605065714
1698,46787.26605065714
1699,46818.46631598491
1700,46850.786441154676
1701,46883.70566305569
1702,46916.9850587744
1703,46950.96689763807
1704,46986.25420827955
1705,47022.25420827955
1706,47058.73790007667
1707,47095.73790007667
1708,47134.439354249385
1709,47174.01580824681
1710,47214.01580824681
1711,47254.86330517511
1712,47294.86330517511
1713,47333.24345569859
1714,47371.522889348795
1715,47408.72288934879
1716,47444.232557620766
1717,47478.832557620764
1718,47511.44437903707
1719,47541.744379037074
1720,47569.94437903707
1721,47598.149464119524
1722,47625.94507430118
1723,47652.94507430118
1724,47678.34507430118
1725,47702.14195983975
1726,47725.32847270335
1727,47748.32847270335
1728,47772.59628181145
1729,47798.59628181145
1730,47824.93009360094
1731,47852.72578924973
1732,47882.03257440071
1733,47912.21552824514
1734,47943.21552824514
1735,47974.42050945419
1736,48004.725698217066
1737,48033.825698217064
1738,48061.46538553245
1739,48088.46538553245
1740,48113.76538553245
1741,48137.73850444236
1742,48162.95788262212
1743,48188.157882622116
1744,48213.057062296444
1745,48238.03975483415
1746,48264.74037059879
1747,48292.46563064501
1748,48319.66563064501
1749,48346.66563064501
1750,48373.66563064501
1751,48400.70546679505
1752,48429.43783475769
1753,48458.43783475769
1754,48488.0430197466
1755,48518.231150109
1756,48549.5361503989
1757,48582.05608264141
1758,48615.05608264141
1759,48648.47414038586
1760,48679.97414038586
1761,48709.574851149206
1762,48738.87485114921
1763,48768.33023312063
1764,48797.33023312063
1765,48825.61675417822
1766,48852.31675417822
1767,48877.31675417822
1768,48901.25569524565
1769,48926.65209221466
1770,48950.85761022158
1771,48977.58588169125
1772,49005.979450137864
1773,49035.69472910721
1774,49067.2156373434
1775,49099.92516738556
1776,49134.6094968013
1777,49167.4094968013
1778,49198.4094968013
1779,49228.4094968013
1780,49257.5094968013
1781,49286.70899107786
1782,49318.15157100851
1783,49351.15157100851
1784,49384.336207794724
1785,49418.336207794724
1786,49452.336207794724
1787,49483.33818174387
1788,49514.05597347154
1789,49543.25597347154
1790,49571.18953186853
1791,49598.78984321319
1792,49627.2966158764
1793,49656.4057202776
1794,49684.94496768621
1795,49712.04185593273
1796,49740.487171180925
1797,49766.87911297193
1798,49793.8803654291
1799,49819.980365429095
1800,49845.379927436494
1801,49870.35474572697
1802,49896.04700713185
1803,49921.32880867971
1804,49946.92462572096
1805,49971.42462572096
1806,49996.20074458959
1807,50021.41283738545
1808,50046.61985240268
1809,50073.78707925851
1810,50102.78707925851
1811,50132.25505275183
1812,50164.25505275183
1813,50197.83348615274
1814,50231.83348615274
1815,50266.560803106295
1816,50303.33383484324
1817,50341.33383484324
1818,50380.02291787591
1819,50419.255500197745
1820,50461.809796889735
1821,50503.31786503621
1822,50544.42339162841
1823,50584.023391628405
1824,50620.6233916284
1825,50655.81388357518
1826,50690.50606411061
1827,50724.50606411061
1828,50756.60606411061
1829,50787.00606411061
1830,50816.606476531306
1831,50845.106476531306
1832,50872.106476531306
1833,50899.106476531306
1834,50927.56986570835
1835,50958.019392257185
1836,50990.91043569658
1837,51026.50469836663
1838,51064.28447237828
1839,51103.28447237828
1840,51142.28447237828
1841,51181.79113790129
1842,51222.468806410696
1843,51263.468806410696
1844,51305.24231771498
1845,51345.746298447804
1846,51385.24609596178
1847,51422.94609596178
1848,51458.646744829566
1849,51492.94674482957
1850,51525.94104946924
1851,51557.741049469245
1852,51587.741049469245
1853,51616.32618891259
1854,51643.94621295626
1855,51670.454017644464
1856,51695.954017644464
1857,51720.65401764446
1858,51744.65401764446
1859,51768.65401764446
1860,51793.73789225207
1861,51820.26157744844
1862,51847.55412027613
1863,51876.35528822047
1864,51905.682071457806
1865,51936.50066023918
1866,51969.207914811304
1867,52003.207914811304
1868,52037.00791481131
1869,52066.222445928885
1870,52093.32244592888
1871,52118.798969092044
1872,52143.625860428474
1873,52168.98029863654
1874,52194.9076526607
1875,52222.987379780054
1876,52250.78737978006
1877,52278.214409295215
1878,52305.214409295215
1879,52329.214409295215
1880,52351.71371519114
1881,52375.36912727074
1882,52399.47378120471
1883,52423.02831857855
1884,52447.45035159552
1885,52470.27536396148
1886,52492.21099776308
1887,52512.91099776308
1888,52532.95925408727
1889,52550.63423306077
1890,52567.934233060776
1891,52584.76008457383
1892,52601.76008457383
1893,52618.76008457383
1894,52635.76008457383
1895,52653.67786332841
1896,52672.67786332841
1897,52692.33880255734
1898,52712.33880255734
1899,52732.33880255734
1900,52752.33880255734
1901,52773.2654296919
1902,52795.2654296919
1903,52817.2654296919
1904,52839.2654296919
1905,52861.2654296919
1906,52882.666202867345
1907,52902.766202867344
1908,52922.766202867344
1909,52942.766202867344
1910,52963.34328920001
1911,52984.34328920001
1912,53005.55326111887
1913,53027.98557101989
1914,53050.98557101989
1915,53074.57148159216
1916,53096.96242221005
1917,53117.96242221005
1918,53137.26242221005
1919,53155.73768594071
1920,53172.53768594071
1921,53187.837685940714
1922,53201.820505948475
1923,53215.820505948475
1924,53230.04459564713
1925,53246.04179532103
1926,53261.34179532103
1927,53276.97099554341
1928,53292.811159231154
1929,53309.40718788356
1930,53326.406495755444
1931,53344.10649575544
1932,53361.59032078492
1933,53381.106307534086
1934,53401.106307534086
1935,53423.08985917039
1936,53447.031609412144
1937,53473.7702222811
1938,53502.490647488325
1939,53532.818900664315
1940,53564.43812740054
1941,53597.1447861234
1942,53631.21797456447
1943,53663.2249162661
1944,53694.9033319167
1945,53725.72627074931
1946,53758.17806227269
1947,53789.67806227269
1948,53820.001431928584
1949,53850.61442434702
1950,53880.61442434702
1951,53909.71442434702
1952,53938.21961513727
1953,53965.60255651534
1954,53991.80255651534
1955,54017.46395061041
1956,54044.71679382895
1957,54070.51679382895
1958,54095.19832744161
1959,54118.39832744161
1960,54142.774258271726
1961,54167.81226664584
1962,54193.81226664584
1963,54216.71555810812
1964,54236.71555810812
1965,54254.539993751656
1966,54272.128346457954
1967,54288.128346457954
1968,54304.501837798845
1969,54323.809624739115
1970,54344.20962473912
1971,54364.734770318464
1972,54384.46044101376
1973,54402.490056596
1974,54417.490056596
1975,54431.690056595995
1976,54447.55939992312
1977,54464.62047499425
1978,54482.99654248973
1979,54502.119263936474
1980,54522.96608292796
1981,54545.45611684144
1982,54568.45611684144
1983,54590.89103868207
1984,54612.79103868207
1985,54634.05124600015
1986,54654.55124600015
1987,54674.05091669355
1988,54693.25091669355
1989,54711.15609834329
1990,54729.04313935239
1991,54747.04313935239
1992,54764.22089585207
1993,54782.22089585207
1994,54800.22089585207
1995,54818.22089585207
1996,54836.51905207766
1997,54855.51905207766
1998,54874.81084067248
1999,54894.81084067248
2000,54913.64600952512
2001,54931.64600952512
2002,54948.36563916833
2003,54963.86563916833
2004,54978.56563916833
2005,54993.283675231
2006,55011.14600362768
2007,55028.14600362768
2008,55044.86237548989
2009,55061.86237548989
2010,55079.098543695705
2011,55097.28830852445
2012,55116.78830852445
2013,55137.77326295369
2014,55158.77326295369
2015,55180.59964266835
2016,55202.59964266835
2017,55224.62268226517
2018,55247.62268226517
2019,55270.76171102523
2020,55294.76171102523
2021,55319.18762866123
2022,55344.18762866123
2023,55370.343917770566
2024,55395.343917770566
2025,55419.88835270218
2026,55444.933704822375
2027,55469.1892537219
2028,55492.8892537219
2029,55515.3892537219
2030,55537.3892537219
2031,55559.09248161339
2032,55580.72007644349
2033,55602.72007644349
2034,55624.72007644349
2035,55646.745723065585
2036,55669.745723065585
2037,55692.745723065585
2038,55715.745723065585
2039,55738.84583417054
2040,55762.84583417054
2041,55787.09064848879
2042,55812.09064848879
2043,55838.859196734054
2044,55866.859196734054
2045,55895.45917359907
2046,55924.45917359907
2047,55953.45917359907
2048,55979.996924069
2049,56004.945821133384
2050,56028.345821133385
2051,56049.54426922128
2052,56069.04426922128
2053,56086.935355472386
2054,56104.07583244662
2055,56120.91612724444
2056,56138.85487847063
2057,56157.85487847063
2058,56175.58927094938
2059,56191.68927094938
2060,56208.320059739846
2061,56226.034721888595
2062,56244.034721888595
2063,56262.55424853946
2064,56281.55424853946
2065,56300.55424853946
2066,56319.956887379296
2067,56339.98203873199
2068,56359.882038731994
2069,56379.65609173847
2070,56398.65609173847
2071,56417.63417605864
2072,56437.556238346864
2073,56458.91793785976
2074,56481.141704246395
2075,56504.141704246395
2076,56527.141704246395
2077,56550.17869977734
2078,56574.76167104622
2079,56599.76167104622
2080,56624.76167104622
2081,56649.76167104622
2082,56674.76167104622
2083,56700.255294950606
2084,56726.49617547821
2085,56751.30662648674
2086,56776.146000791676
2087,56799.61949873425
2088,56823.92077676606
2089,56847.62073479403
2090,56870.43940547823
2091,56892.03940547823
2092,56911.93940547823
2093,56930.73630028298
2094,56950.73630028298
2095,56970.73630028298
2096,56990.73630028298
2097,57011.032859835206
2098,57032.032859835206
2099,57053.032859835206
2100,57075.993893763494
2101,57100.19389376349
2102,57122.131712710936
2103,57142.35655234628
2104,57160.85655234628
2105,57179.360209189086
2106,57197.615106113306
2107,57216.615106113306
2108,57235.615106113306
2109,57254.7132684873
2110,57274.818075946154
2111,57295.818075946154
2112,57313.818075946154
2113,57330.12876644527
2114,57345.62876644527
2115,57359.52876644527
2116,57372.12876644527
2117,57383.92367043874
2118,57396.47320013016
2119,57411.36877015301
2120,57427.555161753735
2121,57445.557371637246
2122,57465.17725210986
2123,57488.14728023065
2124,57512.14728023065
2125,57535.24728023065
2126,57558.24728023065
2127,57581.24728023065
2128,57604.6808324627
2129,57627.369900363905
2130,57650.38640868011
2131,57672.48640868011
2132,57692.48640868011
2133,57710.991671691765
2134,57731.09691222771
2135,57750.997781687285
2136,57770.51528730597
2137,57790.01528730597
2138,57809.01528730597
2139,57828.703146952044
2140,57849.703146952044
2141,57870.703146952044
2142,57891.703146952044
2143,57912.703146952044
2144,57933.703146952044
2145,57954.99927207043
2146,57973.99927207043
2147,57991.88389073981
2148,58009.68978867509
2149,58027.75259923646
2150,58047.74374972183
2151,58067.63429589816
2152,58087.72216879648
2153,58109.23209484969
2154,58132.69697597881
2155,58157.259313561284
2156,58180.259313561284
2157,58203.605475288845
2158,58227.70547528884
2159,58252.19111896377
2160,58277.19111896377
2161,58302.19111896377
2162,58327.19111896377
2163,58352.53290301738
2164,58379.3081776248
2165,58406.594649322775
2166,58435.13257508648
2167,58463.23257508648
2168,58490.53257508648
2169,58517.44502008946
2170,58544.85233298702
2171,58571.55233298702
2172,58597.45233298702
2173,58624.14553598399
2174,58650.718471416614
2175,58676.91847141661
2176,58702.827811719144
2177,58729.43827554241
2178,58757.362337718616
2179,58786.59842499743
2180,58817.00003710776
2181,58848.00003710776
2182,58879.71433160232
2183,58913.148835996944
2184,58947.948359194444
2185,58982.948359194444
2186,59018.26617875872
2187,59054.462783048686
2188,59092.23644458514
2189,59130.78198960712
2190,59166.622056312866
2191,59202.322707849395
2192,59237.22348213001
2193,59272.06024870724
2194,59307.66895573243
2195,59343.747405413764
2196,59379.56547760738
2197,59416.81722410559
2198,59455.21032571289
2199,59494.21032571289
2200,59534.148380072016
2201,59574.148380072016
2202,59615.94811563691
2203,59657.94811563691
2204,59700.568620232945
2205,59744.457968904884
2206,59788.572217799054
2207,59831.0458738214
2208,59871.74423811378
2209,59910.24423811378
2210,59946.24423811378
2211,59980.13323215852
2212,60012.13323215852
2213,60042.46955589428
2214,60071.05272765192
2215,60100.018342576936
2216,60130.5991743722
2217,60161.994398832685
2218,60194.12560764431
2219,60228.528658235846
2220,60263.95327939517
2221,60301.244962123325
2222,60339.90929231856
2223,60380.13479247705
2224,60418.17323219996
2225,60454.353213800554
2226,60488.753213800555
2227,60521.840512597584
2228,60555.01816890349
2229,60587.88547284995
2230,60621.6476413871
2231,60658.64716427636
2232,60695.433500850755
2233,60731.63350085075
2234,60766.933500850755
2235,60801.43945003588
2236,60837.01909505785
2237,60873.52486057097
2238,60912.15340074746
2239,60952.88090170833
2240,60994.48274296
2241,61038.09641958679
2242,61082.471278142046
2243,61127.471278142046
2244,61173.04505239911
2245,61219.04505239911
2246,61265.73474757588
2247,61313.31920796381
2248,61360.32747007674
2249,61406.24831229932
2250,61449.64831229932
2251,61491.36246280494
2252,61533.35572973377
2253,61574.35572973377
2254,61614.24460413256
2255,61655.87512845668
2256,61696.88122528087
2257,61737.129061735446
2258,61777.82906173544
2259,61819.65461872297
2260,61862.252716665695
2261,61907.101211371155
2262,61953.057001536494
2263,61999.057001536494
2264,62045.094464689406
2265,62090.49446468941
2266,62136.73436075704
2267,62185.62310039638
2268,62235.7553063547
2269,62287.92750171882
2270,62343.31386606396
2271,62401.332570586885
2272,62460.332570586885
2273,62519.554982156595
2274,62580.43864187404
2275,62641.43864187404
2276,62702.43864187404
2277,62763.43864187404
2278,62825.162776409124
2279,62883.86277640912
2280,62940.76043057439
2281,62996.19691536461
2282,63048.879427320804
2283,63100.228168393165
2284,63150.16466429199
2285,63200.50377501216
2286,63251.60504664317
2287,63304.25733009178
2288,63358.896527666555
2289,63411.56332985842
2290,63463.987492139364
2291,63516.503021225304
2292,63566.519807474724
2293,63617.801407055864
2294,63669.46808904894
2295,63719.799469640566
2296,63766.92788446118
2297,63812.72788446119
2298,63858.779069936696
2299,63906.37943188434
2300,63955.90406766421
2301,64005.10406766421
2302,64052.70406766421
2303,64099.43033232609
2304,64146.43033232609
2305,64193.43033232609
2306,64240.43033232609
2307,64287.43033232609
2308,64335.941074697024
2309,64385.521761706106
2310,64436.521761706106
2311,64488.449582393725
2312,64540.449582393725
2313,64591.12421097659
2314,64640.09907252344
2315,64688.88008899499
2316,64738.37456207234
2317,64789.163564690396
2318,64840.2375988127
2319,64891.21700458107
2320,64942.17372720014
2321,64993.46303854743
2322,65044.67641930304
2323,65095.37641930304
2324,65144.77946541617
2325,65192.97946541617
2326,65240.41574138523
2327,65286.11574138523
2328,65330.90148361612
2329,65375.00148361612
2330,65418.38880734314
2331,65462.38880734314
2332,65506.38880734314
2333,65550.38880734314
2334,65594.38880734314
2335,65641.35600410333
2336,65689.63446015015
2337,65738.63446015015
2338,65787.63446015015
2339,65836.63446015015
2340,65885.63446015015
2341,65935.37183103422
2342,65987.5637564392
2343,66040.5637564392
2344,66091.02730790514
2345,66140.02730790514
2346,66188.72936179074
2347,66238.43509404745
2348,66288.50851280332
2349,66339.84869668749
2350,66391.43748714625
2351,66442.60800643894
2352,66493.25412356485
2353,66544.74209759764
2354,66596.90443427592
2355,66649.41485148236
2356,66701.41485148236
2357,66752.51485148237
2358,66802.71485148236
2359,66852.01485148237
2360,66900.51485148237
2361,66948.33935442372
2362,66997.92882366829
2363,67049.89680813029
2364,67101.89680813029
2365,67154.5143373534
2366,67209.0057211917
2367,67267.36370668343
2368,67326.23622435195
2369,67385.08324593131
2370,67444.90431702149
2371,67503.63828880066
2372,67564.13665224037
2373,67625.13665224037
2374,67685.87446396275
2375,67747.83075745718
2376,67812.21454630706
2377,67877.6201207008
2378,67944.4747157645
2379,68013.17185489273
2380,68083.29948346276
2381,68154.34385627018
2382,68222.28554043581
2383,68288.28554043581
2384,68352.66648052413
2385,68416.46648052413
2386,68477.76648052414
2387,68536.85644445263
2388,68595.88007469347
2389,68653.58007469347
2390,68709.58007469347
2391,68764.9825483591
2392,68820.45094621374
2393,68875.97285037168
2394,68929.77285037168
2395,68982.82626920489
2396,69035.32626920489
2397,69087.62858632502
2398,69142.51949280396
2399,69197.128340352
2400,69249.49843042823
2401,69299.27107728795
2402,69346.97107728795
2403,69394.17301876801
2404,69440.97301876801
2405,69487.67098301127
2406,69534.81239149976
2407,69583.44826668465
2408,69633.36731695937
2409,69680.67461108473
2410,69725.88320213536
2411,69770.37886480342
2412,69813.67886480343
2413,69856.93324408858
2414,69902.20191611351
2415,69948.99793753584
2416,69994.50696439511
2417,70038.90696439511
2418,70082.14208334143
2419,70126.40328074513
2420,70170.41320188697
2421,70214.93070270955
2422,70259.53058099427
2423,70302.84461974975
2424,70345.34185222717
2425,70387.14185222717
2426,70427.17438900645
2427,70467.94972459455
2428,70508.97429685082
2429,70551.17221488713
2430,70594.17221488713
2431,70637.17221488713
2432,70680.17221488713
2433,70723.40219061417
2434,70767.40219061417
2435,70812.5166942788
2436,70859.45402564044
2437,70907.13242693586
2438,70955.21429760651
2439,71005.83868131519
2440,71057.1398718631
2441,71109.94383526723
2442,71163.81602690025
2443,71218.65285177993
2444,71273.75285177994
2445,71328.06331286745
2446,71380.56331286745
2447,71430.36331286746
2448,71478.9310018615
2449,71527.51552718665
2450,71575.75237246336
2451,71624.75237246336
2452,71673.24098712897
2453,71721.94098712897
2454,71769.53255565428
2455,71818.39073972098
2456,71867.39073972098
2457,71916.98144013972
2458,71967.88910785966
2459,72018.88910785966
2460,72072.82350763859
2461,72127.82350763859
2462,72182.82350763859
2463,72237.82350763859
2464,72289.72350763858
2465,72339.1557548545
2466,72386.35575485449
2467,72431.7836158345
2468,72479.08489546397
2469,72525.1075088954
2470,72570.9957055332
2471,72617.04918815874
2472,72663.95747119331
2473,72709.83532909548
2474,72756.17487063116
2475,72801.31186831309
2476,72846.97524652357
2477,72893.34884876385
2478,72941.46022508784
2479,72990.36022508783
2480,73038.5929484282
2481,73086.40004182492
2482,73134.10257169131
2483,73181.70257169132
2484,73228.23433270899
2485,73274.13433270899
2486,73319.13433270899
2487,73364.91083283706
2488,73412.08956298124
2489,73460.09487028031
2490,73509.09487028031
2491,73558.09487028031
2492,73607.09487028031
2493,73656.09898833957
2494,73706.09898833957
2495,73756.09898833957
2496,73806.10662484764
2497,73857.10662484764
2498,73908.74735933005
2499,73961.45812188144
2500,74016.79709850448
2501,74073.79709850448
2502,74127.69709850448
2503,74181.26618022869
2504,74234.47382265833
2505,74286.17382265833
2506,74336.16797104006
2507,74386.42905687797
2508,74435.92905687797
2509,74487.36383300083
2510,74540.95947756252
2511,74592.95947756252
2512,74644.00071375759
2513,74695.6007137576
2514,74746.47737197274
2515,74797.60512799
2516,74847.60512799
2517,74899.389208686
2518,74953.2006961802
2519,75009.30536849477
2520,75067.71189564897
2521,75127.1410624367
2522,75187.52945830204
2523,75248.52945830204
2524,75309.95306531154
2525,75372.95306531154
2526,75434.09331221155
2527,75494.19331221156
2528,75552.63867584163
2529,75608.63867584163
2530,75662.43708655491
2531,75716.56428266522
2532,75771.24773295225
2533,75824.51764498555
2534,75876.53266426157
2535,75928.60823283622
2536,75977.70823283623
2537,76025.4232680038
2538,76071.2232680038
2539,76116.1857204524
2540,76159.8857204524
2541,76203.11121827818
2542,76246.11121827818
2543,76289.88784251745
2544,76334.17233485392
2545,76379.36636036877
2546,76424.36636036877
2547,76469.36636036877
2548,76514.78991078946
2549,76560.88991078947
2550,76607.83423554031
2551,76656.47895293175
2552,76705.07895293176
2553,76753.88824371329
2554,76803.05996417621
2555,76853.65095406497
2556,76905.13972531699
2557,76955.89985018455
2558,77005.37215327367
2559,77054.5089305804
2560,77103.1153833504
2561,77152.60445073347
2562,77202.3645326243
2563,77252.59661504978
2564,77303.59661504978
2565,77352.69661504979
2566,77401.33413944085
2567,77451.31056371896
2568,77500.69983286147
2569,77549.9079998068
2570,77599.21892371832
2571,77649.11892371831
2572,77697.45115388215
2573,77746.50006574104
2574,77798.33261474116
2575,77851.32058698186
2576,77905.11470931114
2577,77960.11470931114
2578,78015.11470931114
2579,78070.11470931114
2580,78125.11470931114
2581,78176.11470931114
2582,78223.11470931114
2583,78267.24817586655
2584,78309.44015479946
2585,78349.8649938774
2586,78389.35804957796
2587,78427.69020586347
2588,78464.85790470443
2589,78501.35790470443
2590,78537.68374594348
2591,78574.06807479095
2592,78608.46807479094
2593,78642.34740627349
2594,78678.03893605265
2595,78713.5185853689
2596,78750.1061989195
2597,78785.4061989195
2598,78821.8274326564
2599,78858.3129851194
2600,78895.27717427167
2601,78932.07717427168
2602,78970.16724569834
2603,79008.34869878725
2604,79046.64869878725
2605,79085.99935703653
2606,79126.80721334885
2607,79168.2192727522
2608,79210.23712576854
2609,79254.0660973059
2610,79298.0660973059
2611,79342.0660973059
2612,79386.0660973059
2613,79431.37786990804
2614,79477.37786990804
2615,79520.37786990804
2616,79561.58471587126
2617,79602.08471587126
2618,79641.57534910586
2619,79680.81717672222
2620,79720.92132406778
2621,79763.11782508486
2622,79807.04574137725
2623,79851.16096683328
2624,79895.89571119577
2625,79941.38442342845
2626,79986.38442342845
2627,80032.81632501745
2628,80079.81632501745
2629,80126.81632501745
2630,80174.71287383285
2631,80222.71287383285
2632,80268.29317869274
2633,80313.41449419559
2634,80356.61963452992
2635,80398.40520077436
2636,80438.82268989852
2637,80478.56705753766
2638,80518.56705753766
2639,80558.56705753766
2640,80600.53205645972
2641,80643.32971655212
2642,80685.91744753446
2643,80728.21744753447
2644,80770.51083333627
2645,80812.24822977146
2646,80854.93881066582
2647,80899.77605022806
2648,80945.77605022806
2649,80991.77605022806
2650,81038.58894635331
2651,81085.83155396437
2652,81133.85917450616
2653,81182.85917450616
2654,81231.85917450616
2655,81280.85917450616
2656,81329.85917450616
2657,81378.85917450616
2658,81427.85917450616
2659,81477.04438416743
2660,81527.27858361937
2661,81578.72029983094
2662,81630.7992189476
2663,81680.98180369366
2664,81730.06073170296
2665,81777.46073170296
2666,81823.29391846634
2667,81868.28866592456
2668,81912.70958185231
2669,81956.10009452183
2670,81998.92595624477
2671,82041.00638799473
2672,82081.90638799472
2673,82119.21785174914
2674,82154.8382771143
2675,82189.02366153433
2676,82221.02366153433
2677,82251.19975608062
2678,82280.09975608061
2679,82307.9243180532
2680,82336.1243180532
2681,82363.5243180532
2682,82391.07908832036
2683,82420.81711915409
2684,82450.81711915409
2685,82480.81711915409
2686,82511.7237537516
2687,82542.7237537516
2688,82573.7237537516
2689,82604.7237537516
2690,82634.13453986845
2691,82662.23453986846
2692,82689.62796167925
2693,82715.42796167925
2694,82741.08472471096
2695,82767.38472471097
2696,82792.383967639
2697,82816.30318448025
2698,82840.09533760433
2699,82863.20443749652
2700,82884.90443749652
2701,82904.90443749652
2702,82924.48667525267
2703,82944.37601521585
2704,82964.87578087578
2705,82988.51170204079
2706,83013.51170204079
2707,83038.51170204079
2708,83063.51170204079
2709,83089.0105913035
2710,83115.04829642431
2711,83142.35507622345
2712,83172.17341838144
2713,83202.36674351686
2714,83230.26674351686
2715,83255.36674351686
2716,83279.26999795064
2717,83303.2926493065
2718,83327.73392766432
2719,83352.23392766432
2720,83376.84676047158
2721,83402.5312143496
2722,83428.12714022803
2723,83455.78447313345
2724,83483.87891001538
2725,83513.87059838427
2726,83544.62661771789
2727,83576.321167839
2728,83609.03921534515
2729,83643.54273621204
2730,83678.97271886966
2731,83715.97271886966
2732,83754.56302792925
2733,83797.05621707585
2734,83843.53862950498
2735,83891.35469584726
2736,83940.03222573634
2737,83990.03222573634
2738,84037.03222573634
2739,84084.19062221724
2740,84130.64306436012
2741,84175.54306436011
2742,84218.28433747818
2743,84259.18433747817
2744,84297.48433747818
2745,84334.60550449145
2746,84370.80550449145
2747,84405.33000899243
2748,84439.91244632172
2749,84475.3188718159
2750,84511.8293345531
2751,84549.8293345531
2752,84588.69594851295
2753,84629.69594851295
2754,84670.69594851295
2755,84711.77707951883
2756,84754.21793062169
2757,84797.92029012098
2758,84841.92029012098
2759,84885.92029012098
2760,84930.60003042304
2761,84976.60003042304
2762,85020.15471731556
2763,85064.1657709751
2764,85106.4657709751
2765,85147.06779509906
2766,85186.64423626704
2767,85225.18546828754
2768,85262.46268341845
2769,85298.29139625757
2770,85335.00388914479
2771,85372.06370988616
2772,85409.26370988616
2773,85447.18346990777
2774,85484.46800428015
2775,85522.06800428015
2776,85561.00238047393
2777,85599.00238047393
2778,85637.98111958406
2779,85677.88236985123
2780,85718.92763647396
2781,85761.63176280573
2782,85805.12286638463
2783,85849.12286638463
2784,85893.41333893397
2785,85938.44283188766
2786,85984.44283188766
2787,86030.44283188766
2788,86077.42797412963
2789,86124.42797412963
2790,86171.42797412963
2791,86218.42797412963
2792,86265.42797412963
2793,86309.6602629363
2794,86351.6602629363
2795,86391.75231824386
2796,86430.05231824386
2797,86467.45013608731
2798,86503.16902506855
2799,86538.96336658105
2800,86573.66336658105
2801,86608.8510446577
2802,86644.84799449968
2803,86679.94799449969
2804,86715.07305664785
2805,86751.67567507281
2806,86788.76261695294
2807,86826.97397765696
2808,86865.97397765696
2809,86905.16994352268
2810,86945.56041555044
2811,86987.56041555044
2812,87029.56041555044
2813,87071.56041555044
2814,87114.20130575307
2815,87158.20130575307
2816,87202.20130575307
2817,87243.73261696746
2818,87282.73261696746
2819,87319.13261696746
2820,87353.3663663832
2821,87386.29453780754
2822,87419.79005324973
2823,87453.79219529245
2824,87488.52354480594
2825,87522.62354480595
2826,87555.86691303937
2827,87591.2637315442
2828,87624.9637315442
2829,87658.57750838844
2830,87694.15732078505
2831,87733.33709021242
2832,87775.06736365409
2833,87819.56055086263
2834,87864.7671193354
2835,87909.86711933541
2836,87954.27843634944
2837,87998.27843634944
2838,88042.18554501794
2839,88087.5279071637
2840,88135.21767558613
2841,88184.21767558613
2842,88232.44421476322
2843,88282.79024394488
2844,88331.56666290665
2845,88378.26666290665
2846,88423.64494385646
2847,88468.96271945874
2848,88513.46271945874
2849,88557.8067244264
2850,88601.98108171904
2851,88645.71651042473
2852,88688.34645652317
2853,88730.47520006214
2854,88771.37520006213
2855,88811.28841514995
2856,88851.6852596532
2857,88893.06854227034
2858,88935.71793193693
2859,88979.44730533673
2860,89023.92269204251
2861,89070.65806273428
2862,89119.58248474498
2863,89170.9174058786
2864,89222.9174058786
2865,89274.9174058786
2866,89327.0513808542
2867,89380.0513808542
2868,89429.9513808542
2869,89477.9513808542
2870,89524.4820800874
2871,89570.68541337282
2872,89616.58541337281
2873,89661.59181887387
2874,89706.523932674
2875,89751.71832103534
2876,89799.12223834217
2877,89845.32223834217
2878,89890.33358066792
2879,89935.37247362958
2880,89981.55007594201
2881,90031.02857465738
2882,90082.38082252529
2883,90134.38082252529
2884,90187.32073616082
2885,90242.03044481395
2886,90297.72634808187
2887,90354.0978276456
2888,90412.00750734225
2889,90470.31331495938
2890,90530.34722565011
2891,90592.37927221232
2892,90652.27927221231
2893,90709.27927221231
2894,90764.29601505834
2895,90817.29601505834
2896,90869.14063259498
2897,90919.94063259498
2898,90968.24063259499
2899,91015.267326854
2900,91060.84561757138
2901,91106.66371854152
2902,91149.66371854152
2903,91188.66371854152
2904,91228.23665412574
2905,91267.22438390853
2906,91305.42927203393
2907,91345.62927203393
2908,91383.42927203393
2909,91421.25411700235
2910,91458.35411700235
2911,91496.39435245677
2912,91533.5005723465
2913,91570.7910189767
2914,91608.95368810075
2915,91647.40871708833
2916,91684.80916654698
2917,91720.93698124916
2918,91755.98236879228
2919,91789.30143695002
2920,91822.16922594803
2921,91854.88717111148
2922,91887.58464158357
2923,91920.14769140116
2924,91953.46453413523
2925,91987.98473173461
2926,92022.98473173461
2927,92058.32225044914
2928,92094.32225044914
2929,92130.32225044914
2930,92166.32225044914
2931,92202.56234775901
2932,92240.07196955534
2933,92278.89546699818
2934,92318.89546699818
2935,92359.10261935674
2936,92397.2766030723
2937,92433.89781717643
2938,92469.07300481832
2939,92502.17300481832
2940,92533.61068530094
2941,92562.61068530094
2942,92589.41068530094
2943,92614.41068530094
2944,92640.38843058198
2945,92667.20915696544
2946,92694.20915696544
2947,92722.08745970785
2948,92751.08745970785
2949,92780.80346280216
2950,92810.80346280216
2951,92840.80346280216
2952,92870.80346280216
2953,92897.81499891666
2954,92922.81499891666
2955,92946.8120895014
2956,92969.3120895014
2957,92989.3120895014
2958,93007.10289856173
2959,93024.11963595482
2960,93040.91963595482
2961,93056.91963595482
2962,93072.91963595482
2963,93089.29702916887
2964,93106.29702916887
2965,93123.29702916887
2966,93140.93736026017
2967,93160.42391558195
2968,93180.42391558195
2969,93200.42391558195
2970,93217.24190874759
2971,93232.24190874759
2972,93245.93400796494
2973,93258.73400796494
2974,93271.03149397866
2975,93283.78276535004
2976,93297.78276535004
2977,93312.17284912123
2978,93327.17284912123
2979,93342.46446837815
2980,93358.46446837815
2981,93374.46446837815
2982,93390.46446837815
2983,93406.60566254906
2984,93423.60566254906
2985,93440.60566254906
2986,93457.60566254906
2987,93472.81613802405
2988,93487.02009189993
2989,93501.51096403736
2990,93515.31400591036
2991,93529.80164624033
2992,93545.50164624033
2993,93560.99597977688
2994,93577.09875101814
2995,93593.79926390949
2996,93610.79926390949
2997,93627.79926390949
2998,93644.79926390949
2999,93661.79926390949
3000,93679.4856499629
3001,93697.4856499629
3002,93715.4856499629
3003,93734.00223690765
3004,93749.82855574672
3005,93764.75696523639
3006,93777.15696523638
3007,93787.85696523638
3008,93797.25696523637
3009,93806.53940048286
3010,93816.96785922824
3011,93828.55532826035
3012,93841.55532826035
3013,93855.58054141494
3014,93868.48054141493
3015,93880.50611585303
3016,93891.80611585303
3017,93902.4895238684
3018,93911.7895238684
3019,93920.1895238684
3020,93928.1895238684
3021,93936.1895238684
3022,93944.67867551344
3023,93953.67867551344
3024,93963.36577629826
3025,93973.36577629826
3026,93983.36577629826
3027,93993.40161645433
3028,94004.40161645433
3029,94015.40161645433
3030,94027.28630991133
3031,94036.18630991133
3032,94043.18630991133
3033,94050.18630991133
3034,94057.68200663815
3035,94066.191459833
3036,94075.8247843655
3037,94085.8247843655
3038,94095.8247843655
3039,94106.04298423739
3040,94117.6677895944
3041,94128.7796570229
3042,94138.8796570229
3043,94148.0796570229
3044,94157.37451572812
3045,94167.37451572812
3046,94177.37451572812
3047,94187.37451572812
3048,94197.47772269142
3049,94208.51709699919
3050,94221.42007920866
3051,94232.75357308984
3052,94241.75357308984
3053,94249.16374606888
3054,94254.96374606888
3055,94259.66374606888
3056,94263.66374606888
3057,94267.66374606888
3058,94272.29829332574
3059,94277.81181452364
3060,94283.88376360796
3061,94290.88376360796
3062,94297.88376360796
3063,94305.6152859651
3064,94315.1140591362
3065,94325.1140591362
3066,94335.18573800678
3067,94346.18573800678
3068,94355.24694703627
3069,94364.59598131293
3070,94374.99598131292
3071,94383.89598131292
3072,94393.18467494778
3073,94404.57425452347
3074,94416.57425452347
3075,94430.13314261327
3076,94444.13314261327
3077,94458.13314261327
3078,94472.13314261327
3079,94486.8132278938
3080,94501.8132278938
3081,94518.32315869808
3082,94536.32315869808
3083,94555.04104678542
3084,94575.04104678542
3085,94593.05181562873
3086,94610.15181562873
3087,94625.45181562874
3088,94639.65181562873
3089,94653.65181562873
3090,94667.65181562873
3091,94681.65181562873
3092,94695.86126781389
3093,94710.86126781389
3094,94725.86126781389
3095,94740.86126781389
3096,94755.86126781389
3097,94770.96344158499
3098,94786.96344158499
3099,94802.96344158499
3100,94818.96344158499
3101,94834.96344158499
3102,94849.22818413109
3103,94861.22818413109
3104,94872.12818413108
3105,94882.02818413108
3106,94891.02818413108
3107,94900.02818413108
3108,94909.84965164836
3109,94919.84965164836
3110,94930.56565092444
3111,94942.56565092444
3112,94952.56565092444
3113,94961.08236425798
3114,94969.80107858944
3115,94978.98920326223
3116,94988.28920326223
3117,94996.68920326223
3118,95004.28920326223
3119,95011.9026574826
3120,95019.9026574826
3121,95027.9026574826
3122,95035.9026574826
3123,95044.82313239474
3124,95054.156602695
3125,95064.78388255452
3126,95076.0854379313
3127,95088.0854379313
3128,95100.0854379313
3129,95110.0854379313
3130,95119.0854379313
3131,95128.66815489973
3132,95139.611055727
3133,95152.62380564521
3134,95166.62380564521
3135,95180.62380564521
3136,95194.84906079608
3137,95210.83506169332
3138,95227.31010358805
3139,95241.31010358805
3140,95254.3500349137
3141,95266.95343655616
3142,95278.85343655615
3143,95289.45343655616
3144,95299.65343655615
3145,95309.65343655615
3146,95319.65343655615
3147,95329.65343655615
3148,95339.65343655615
3149,95349.65343655615
3150,95359.65343655615
3151,95369.73405726986
3152,95381.79458048988
3153,95395.07417274869
3154,95409.07417274869
3155,95423.07417274869
3156,95433.97417274868
3157,95442.07417274869
3158,95449.39117664704
3159,95457.78345106258
3160,95467.11149653405
3161,95477.11149653405
3162,95487.11149653405
3163,95497.48998044603
3164,95509.60831464741
3165,95523.31339907715
3166,95535.62086286783
3167,95546.62086286783
3168,95556.72086286783
3169,95567.27064089145
3170,95578.27064089145
3171,95589.3616979065
3172,95601.3616979065
3173,95614.00420475633
3174,95628.00420475633
3175,95642.00420475633
3176,95653.69556343104
3177,95663.69556343104
3178,95671.99556343105
3179,95679.3055232646
3180,95687.3055232646
3181,95695.3055232646
3182,95703.94172816805
3183,95712.94172816805
3184,95721.94172816805
3185,95731.41601488093
3186,95740.11736449385
3187,95748.11736449385
3188,95755.21736449386
3189,95761.41736449386
3190,95766.71736449386
3191,95771.84791415175
3192,95777.84791415175
3193,95784.72117128393
3194,95792.72117128393
3195,95800.72117128393
3196,95806.62117128393
3197,95810.62117128393
3198,95812.82117128393
3199,95814.12117128393
3200,95815.12117128393
3201,95816.12117128393
3202,95817.53465166577
3203,95819.53465166577
3204,95822.36413207799
3205,95826.30037026221
3206,95830.30037026221
3207,95834.30037026221
3208,95839.23189945708
3209,95844.23189945708
3210,95849.23189945708
3211,95854.23189945708
3212,95859.23189945708
3213,95864.23189945708
3214,95869.23189945708
3215,95875.22915146653
3216,95881.22915146653
3217,95887.22915146653
3218,95893.22915146653
3219,95899.22915146653
3220,95903.12915146652
3221,95905.12915146652
3222,95907.12915146652
3223,95909.12915146652
3224,95911.12915146652
3225,95913.12915146652
3226,95915.12915146652
3227,95917.12915146652
3228,95919.84222783046
3229,95922.84222783046
3230,95923.96778354568
3231,95924.96778354568
3232,95925.96778354568
3233,95927.64119774125
3234,95929.64119774125
3235,95931.64119774125
3236,95933.64119774125
3237,95936.42291688382
3238,95940.42291688382
3239,95944.42291688382
3240,95946.42291688382
3241,95947.52291688383
3242,95948.52291688383
3243,95949.52291688383
3244,95950.52291688383
3245,95952.4731688033
3246,95956.39785974103
3247,95960.39785974103
3248,95964.39785974103
3249,95968.39785974103
3250,95970.58997045076
3251,95972.68358415726
3252,95976.0693452374
3253,95980.0693452374
3254,95984.0693452374
3255,95988.0693452374
3256,95992.0693452374
3257,95996.0693452374
3258,96000.27266458543
3259,96005.8506416705
3260,96010.94714756816
3261,96015.94714756816
3262,96020.94714756816
3263,96025.94714756816
3264,96030.94714756816
3265,96036.02341567219
3266,96042.02341567219
3267,96048.02341567219
3268,96054.02341567219
3269,96060.02341567219
3270,96062.92341567218
3271,96064.92341567218
3272,96066.92341567218
3273,96069.87686835608
3274,96072.87686835608
3275,96075.87686835608
3276,96078.87686835608
3277,96081.87686835608
3278,96084.87686835608
3279,96087.87686835608
3280,96088.87686835608
3281,96089.87686835608
3282,96090.87686835608
3283,96092.48804097441
3284,96095.39227099663
3285,96099.166662337
3286,96103.166662337
3287,96107.166662337
3288,96111.166662337
3289,96116.50062259419
3290,96120.50062259419
3291,96123.50062259419
3292,96126.50062259419
3293,96129.50062259419
3294,96132.50062259419
3295,96135.50062259419
3296,96138.50062259419
3297,96141.50062259419
3298,96145.25795332232
3299,96150.96151448911
3300,96155.73665998285
3301,96161.27197411831
3302,96168.2451978697
3303,96175.32562892295
3304,96183.59981400587
3305,96192.59981400587
3306,96201.59981400587
3307,96210.59981400587
3308,96220.9085543903
3309,96231.9085543903
3310,96240.9085543903
3311,96248.49914408254
3312,96255.69914408254
3313,96262.69914408254
3314,96269.69914408254
3315,96276.69914408254
3316,96283.69914408254
3317,96290.69914408254
3318,96297.69914408254
3319,96304.98975904813
3320,96310.88975904812
3321,96314.88975904812
3322,96316.98975904813
3323,96318.98975904813
3324,96320.98975904813
3325,96323.16620446088
3326,96326.16620446088
3327,96329.16620446088
3328,96332.16620446088
3329,96335.64056930822
3330,96337.64056930822
3331,96338.64056930822
3332,96339.64056930822
3333,96341.16346112806
3334,96343.16346112806
3335,96345.16346112806
3336,96347.16346112806
3337,96350.7848150269
3338,96354.7848150269
3339,96359.2186124825
3340,96361.2186124825
3341,96363.44656009662
3342,96366.44656009662
3343,96369.44656009662
3344,96372.47661549562
3345,96376.47661549562
3346,96380.47661549562
3347,96384.47661549562
3348,96388.47661549562
3349,96393.31002542868
3350,96397.31002542868
3351,96400.31002542868
3352,96403.31002542868
3353,96406.31002542868
3354,96409.31002542868
3355,96412.47364885031
3356,96416.47364885031
3357,96421.39307322197
3358,96426.39307322197
3359,96431.39307322197
3360,96435.09307322197
3361,96437.09307322197
3362,96439.09307322197
3363,96441.09307322197
3364,96443.09307322197
3365,96445.09307322197
3366,96447.09307322197
3367,96449.09307322197
3368,96451.09307322197
3369,96453.09307322197
3370,96454.09307322197
3371,96454.79307322197
3372,96454.79307322197
3373,96454.79307322197
3374,96454.79307322197
3375,96455.7004380002
3376,96456.7004380002
3377,96458.42896384935
3378,96460.55088065968
3379,96463.55088065968
3380,96464.55088065968
3381,96465.55088065968
3382,96466.55088065968
3383,96467.55088065968
3384,96468.55088065968
3385,96470.18084213819
3386,96472.18084213819
3387,96474.18084213819
3388,96476.18084213819
3389,96478.18084213819
3390,96479.18084213819
3391,96480.18084213819
3392,96481.18084213819
3393,96482.18084213819
3394,96483.18084213819
3395,96484.18084213819
3396,96485.18084213819
3397,96486.18084213819
3398,96487.18084213819
3399,96488.18084213819
3400,96488.18084213819
3401,96488.18084213819
3402,96488.71777405577
3403,96489.71777405577
3404,96490.71777405577
3405,96491.71777405577
3406,96492.71777405577
3407,96493.9153830472
3408,96496.65579029999
3409,96499.76197816226
3410,96501.76197816226
3411,96503.76197816226
3412,96505.76197816226
3413,96507.76197816226
3414,96510.44774068314
3415,96514.44774068314
3416,96518.44774068314
3417,96523.18693058168
3418,96528.18693058168
3419,96533.18693058168
3420,96537.18693058168
3421,96541.18693058168
3422,96545.18693058168
3423,96549.29769286644
3424,96554.29769286644
3425,96559.375858793
3426,96566.20193303605
3427,96573.20193303605
3428,96580.88389231301
3429,96588.88389231301
3430,96593.88389231301
3431,96596.91313129623
3432,96599.8251524737
3433,96602.1251524737
3434,96604.1251524737
3435,96606.1251524737
3436,96608.1251524737
3437,96610.1251524737
3438,96612.1251524737
3439,96614.1251524737
3440,96616.21020821559
3441,96619.21020821559
3442,96622.21020821559
3443,96625.21020821559
3444,96628.21020821559
3445,96632.00096564805
3446,96636.00096564805
3447,96638.00096564805
3448,96640.00096564805
3449,96642.00096564805
3450,96644.00096564805
3451,96646.00096564805
3452,96648.00096564805
3453,96650.07502294502
3454,96653.07502294502
3455,96656.07502294502
3456,96659.07502294502
3457,96660.07502294502
3458,96661.07502294502
3459,96662.07502294502
3460,96663.07502294502
3461,96664.37083251985
3462,96666.55114523496
3463,96669.55114523496
3464,96672.55114523496
3465,96675.55114523496
3466,96678.55114523496
3467,96680.55114523496
3468,96682.07443687186
3469,96684.09646035831
3470,96687.09646035831
3471,96690.09646035831
3472,96693.39281552185
3473,96697.39281552185
3474,96701.39281552185
3475,96705.39281552185
3476,96709.39281552185
3477,96711.39281552185
3478,96713.39281552185
3479,96715.39281552185
3480,96717.39281552185
3481,96719.39281552185
3482,96721.39281552185
3483,96723.39281552185
3484,96725.39281552185
3485,96727.99106542722
3486,96731.99106542722
3487,96734.99106542722
3488,96737.99106542722
3489,96741.3814911248
3490,96745.3814911248
3491,96749.3814911248
3492,96753.98565947788
3493,96758.98565947788
3494,96764.06701854893
3495,96770.06701854893
3496,96776.06701854893
3497,96780.06701854893
3498,96783.06701854893
3499,96786.06701854893
3500,96789.06701854893
3501,96792.5621115786
3502,96796.79871705807
3503,96801.79871705807
3504,96806.79871705807
3505,96811.79871705807
3506,96816.79871705807
3507,96819.79871705807
3508,96822.79871705807
3509,96825.79871705807
3510,96828.79871705807
3511,96832.7283091148
3512,96836.7283091148
3513,96840.7283091148
3514,96845.14027039132
3515,96850.62311225565
3516,96856.71682214718
3517,96862.71682214718
3518,96867.81682214719
3519,96872.11682214719
3520,96876.61682214719
3521,96881.11682214719
3522,96885.11682214719
3523,96889.11682214719
3524,96893.11682214719
3525,96897.11682214719
3526,96901.11682214719
3527,96905.11682214719
3528,96909.11682214719
3529,96913.11682214719
3530,96917.11682214719
3531,96921.11682214719
3532,96925.11682214719
3533,96929.11682214719
3534,96930.11682214719
3535,96931.11682214719
3536,96932.11682214719
3537,96933.11682214719
3538,96934.11682214719
3539,96935.94109902105
3540,96937.94109902105
3541,96939.94109902105
3542,96941.94109902105
3543,96943.94109902105
3544,96944.94109902105
3545,96945.94109902105
3546,96946.94109902105
3547,96947.94109902105
3548,96948.94109902105
3549,96949.94109902105
3550,96951.06513788327
3551,96953.65226054766
3552,96956.65226054766
3553,96960.32993643807
3554,96961.4692110644
3555,96963.60050000709
3556,96966.60050000709
3557,96969.60050000709
3558,96972.60050000709
3559,96975.60050000709
3560,96978.60050000709
3561,96981.60050000709
3562,96984.60050000709
3563,96987.60050000709
3564,96988.60050000709
3565,96989.69744963631
3566,96991.69744963631
3567,96993.69744963631
3568,96995.69744963631
3569,96998.19546709243
3570,97001.19546709243
3571,97005.12069409339
3572,97010.12069409339
3573,97015.12069409339
3574,97019.12069409339
3575,97022.12069409339
3576,97025.12069409339
3577,97028.36129776195
3578,97032.50048131839
3579,97037.93946204682
3580,97043.93946204682
3581,97049.94080922627
3582,97056.94080922627
3583,97063.94080922627
3584,97068.94080922627
3585,97071.94080922627
3586,97074.94080922627
3587,97077.94080922627
3588,97080.94080922627
3589,97083.94080922627
3590,97086.94080922627
3591,97089.94080922627
